borrower_id,profile_type,month,income,expenses,loan_installment,dti,loan_balance,repaid_on_time
B0001,structural_decline,0,11867.0,6418.0,1901.0,0.199,44166.0,1
B0001,structural_decline,1,11784.0,6456.0,1901.0,0.199,44166.0,1
B0001,structural_decline,2,11892.0,6636.0,1901.0,0.199,44166.0,1
B0001,structural_decline,3,11845.0,6793.0,1901.0,0.199,44166.0,1
B0001,structural_decline,4,11967.0,6686.0,1901.0,0.199,44166.0,1
B0001,structural_decline,5,12235.0,6527.0,1901.0,0.199,44166.0,1
B0001,structural_decline,6,12051.0,6337.0,1901.0,0.199,44166.0,1
B0001,structural_decline,7,11882.0,6634.0,1901.0,0.199,44166.0,1
B0001,structural_decline,8,11784.0,6870.0,1901.0,0.199,44166.0,1
B0001,structural_decline,9,11727.0,6927.0,1901.0,0.199,44166.0,1
B0001,structural_decline,10,11974.0,6896.0,1901.0,0.199,44166.0,1
B0001,structural_decline,11,12064.0,6788.0,1901.0,0.199,44166.0,1
B0001,structural_decline,12,11959.0,6809.0,1901.0,0.199,44166.0,1
B0001,structural_decline,13,12023.0,6907.0,1901.0,0.199,44166.0,1
B0001,structural_decline,14,11793.0,6701.0,1901.0,0.199,44166.0,1
B0001,structural_decline,15,11553.0,6487.0,1901.0,0.199,44166.0,1
B0001,structural_decline,16,11608.0,6738.0,1901.0,0.199,44166.0,1
B0001,structural_decline,17,11637.0,6692.0,1901.0,0.199,44166.0,1
B0001,structural_decline,18,11758.0,6934.0,1901.0,0.199,44166.0,1
B0001,structural_decline,19,11840.0,7029.0,1901.0,0.199,44166.0,1
B0001,structural_decline,20,11547.0,6900.0,1901.0,0.199,44166.0,1
B0001,structural_decline,21,11433.0,6904.0,1901.0,0.199,44166.0,1
B0001,structural_decline,22,11299.0,6893.0,1901.0,0.199,44166.0,1
B0001,structural_decline,23,11028.0,6578.0,1901.0,0.199,44166.0,1
B0001,structural_decline,24,10851.0,6623.0,1901.0,0.199,44166.0,1
B0001,structural_decline,25,10835.0,6627.0,1901.0,0.199,44166.0,1
B0001,structural_decline,26,8578.0,6600.0,1901.0,0.199,44166.0,1
B0001,structural_decline,27,8340.0,6847.0,1901.0,0.199,44166.0,0
B0001,structural_decline,28,8181.0,6629.0,1901.0,0.199,44166.0,0
B0001,structural_decline,29,10182.0,6548.0,1901.0,0.199,44166.0,1
B0001,structural_decline,30,10074.0,6734.0,1901.0,0.199,44166.0,1
B0001,structural_decline,31,9862.0,6831.0,1901.0,0.199,44166.0,1
B0001,structural_decline,32,9717.0,6658.0,1901.0,0.199,44166.0,1
B0001,structural_decline,33,9565.0,6654.0,1901.0,0.199,44166.0,1
B0001,structural_decline,34,9374.0,6740.0,1901.0,0.199,44166.0,1
B0001,structural_decline,35,9302.0,6536.0,1901.0,0.199,44166.0,1
B0002,structural_decline,0,15903.0,8619.0,2515.0,0.239,65503.0,1
B0002,structural_decline,1,15924.0,8569.0,2515.0,0.239,65503.0,1
B0002,structural_decline,2,16073.0,8443.0,2515.0,0.239,65503.0,1
B0002,structural_decline,3,16086.0,8696.0,2515.0,0.239,65503.0,1
B0002,structural_decline,4,16168.0,8620.0,2515.0,0.239,65503.0,1
B0002,structural_decline,5,16141.0,8345.0,2515.0,0.239,65503.0,1
B0002,structural_decline,6,15688.0,8342.0,2515.0,0.239,65503.0,1
B0002,structural_decline,7,15465.0,8178.0,2515.0,0.239,65503.0,1
B0002,structural_decline,8,15783.0,8191.0,2515.0,0.239,65503.0,1
B0002,structural_decline,9,15725.0,8123.0,2515.0,0.239,65503.0,1
B0002,structural_decline,10,15503.0,8485.0,2515.0,0.239,65503.0,1
B0002,structural_decline,11,15179.0,8876.0,2515.0,0.239,65503.0,1
B0002,structural_decline,12,15029.0,8686.0,2515.0,0.239,65503.0,1
B0002,structural_decline,13,14976.0,8367.0,2515.0,0.239,65503.0,1
B0002,structural_decline,14,14862.0,8109.0,2515.0,0.239,65503.0,1
B0002,structural_decline,15,14594.0,8281.0,2515.0,0.239,65503.0,1
B0002,structural_decline,16,13921.0,8424.0,2515.0,0.239,65503.0,1
B0002,structural_decline,17,13792.0,8272.0,2515.0,0.239,65503.0,1
B0002,structural_decline,18,14056.0,8145.0,2515.0,0.239,65503.0,1
B0002,structural_decline,19,13903.0,7909.0,2515.0,0.239,65503.0,1
B0002,structural_decline,20,13648.0,7912.0,2515.0,0.239,65503.0,1
B0002,structural_decline,21,13308.0,8029.0,2515.0,0.239,65503.0,1
B0002,structural_decline,22,13082.0,8569.0,2515.0,0.239,65503.0,1
B0002,structural_decline,23,12938.0,8578.0,2515.0,0.239,65503.0,1
B0002,structural_decline,24,12610.0,8509.0,2515.0,0.239,65503.0,1
B0002,structural_decline,25,12326.0,8310.0,2515.0,0.239,65503.0,1
B0002,structural_decline,26,12245.0,8150.0,2515.0,0.239,65503.0,1
B0002,structural_decline,27,12284.0,8334.0,2515.0,0.239,65503.0,1
B0002,structural_decline,28,12284.0,8280.0,2515.0,0.239,65503.0,1
B0002,structural_decline,29,12217.0,8240.0,2515.0,0.239,65503.0,1
B0002,structural_decline,30,11936.0,8408.0,2515.0,0.239,65503.0,1
B0002,structural_decline,31,11785.0,8458.0,2515.0,0.239,65503.0,1
B0002,structural_decline,32,11679.0,8366.0,2515.0,0.239,65503.0,1
B0002,structural_decline,33,9192.0,8218.0,2515.0,0.239,65503.0,0
B0002,structural_decline,34,8983.0,8187.0,2515.0,0.239,65503.0,0
B0002,structural_decline,35,8911.0,8400.0,2515.0,0.239,65503.0,0
B0002,structural_decline,36,8914.0,8482.0,2515.0,0.239,65503.0,0
B0002,structural_decline,37,10945.0,8087.0,2515.0,0.239,65503.0,1
B0002,structural_decline,38,10670.0,8092.0,2515.0,0.239,65503.0,1
B0002,structural_decline,39,10623.0,8208.0,2515.0,0.239,65503.0,0
B0003,temporary_stress,0,18776.0,10258.0,2449.0,0.164,70046.0,1
B0003,temporary_stress,1,18973.0,10365.0,2449.0,0.164,70046.0,1
B0003,temporary_stress,2,18567.0,10781.0,2449.0,0.164,70046.0,1
B0003,temporary_stress,3,17927.0,10413.0,2449.0,0.164,70046.0,1
B0003,temporary_stress,4,17923.0,10185.0,2449.0,0.164,70046.0,1
B0003,temporary_stress,5,18227.0,10215.0,2449.0,0.164,70046.0,1
B0003,temporary_stress,6,18357.0,9992.0,2449.0,0.164,70046.0,1
B0003,temporary_stress,7,18184.0,9914.0,2449.0,0.164,70046.0,1
B0003,temporary_stress,8,18179.0,10260.0,2449.0,0.164,70046.0,1
B0003,temporary_stress,9,18414.0,10429.0,2449.0,0.164,70046.0,1
B0003,temporary_stress,10,18469.0,10263.0,2449.0,0.164,70046.0,1
B0003,temporary_stress,11,18287.0,10309.0,2449.0,0.164,70046.0,1
B0003,temporary_stress,12,9108.0,10240.0,2449.0,0.164,70046.0,0
B0003,temporary_stress,13,9062.0,10453.0,2449.0,0.164,70046.0,0
B0003,temporary_stress,14,9107.0,10291.0,2449.0,0.164,70046.0,0
B0003,temporary_stress,15,9232.0,10245.0,2449.0,0.164,70046.0,0
B0003,temporary_stress,16,9675.0,10137.0,2449.0,0.164,70046.0,0
B0003,temporary_stress,17,11539.0,9758.0,2449.0,0.164,70046.0,0
B0003,temporary_stress,18,13386.0,9967.0,2449.0,0.164,70046.0,1
B0003,temporary_stress,19,15073.0,10317.0,2449.0,0.164,70046.0,1
B0003,temporary_stress,20,16498.0,10150.0,2449.0,0.164,70046.0,1
B0003,temporary_stress,21,18252.0,10252.0,2449.0,0.164,70046.0,1
B0003,temporary_stress,22,18255.0,10035.0,2449.0,0.164,70046.0,1
B0003,temporary_stress,23,18324.0,9603.0,2449.0,0.164,70046.0,1
B0003,temporary_stress,24,17947.0,9814.0,2449.0,0.164,70046.0,1
B0003,temporary_stress,25,17861.0,9713.0,2449.0,0.164,70046.0,1
B0003,temporary_stress,26,18133.0,9832.0,2449.0,0.164,70046.0,1
B0003,temporary_stress,27,18047.0,9830.0,2449.0,0.164,70046.0,1
B0003,temporary_stress,28,18139.0,9889.0,2449.0,0.164,70046.0,1
B0003,temporary_stress,29,18641.0,9947.0,2449.0,0.164,70046.0,1
B0003,temporary_stress,30,18563.0,9987.0,2449.0,0.164,70046.0,1
B0003,temporary_stress,31,18037.0,9831.0,2449.0,0.164,70046.0,1
B0003,temporary_stress,32,18258.0,9647.0,2449.0,0.164,70046.0,1
B0003,temporary_stress,33,18469.0,9820.0,2449.0,0.164,70046.0,1
B0003,temporary_stress,34,18802.0,10338.0,2449.0,0.164,70046.0,1
B0003,temporary_stress,35,19024.0,10566.0,2449.0,0.164,70046.0,1
B0003,temporary_stress,36,18980.0,10371.0,2449.0,0.164,70046.0,1
B0003,temporary_stress,37,18503.0,10421.0,2449.0,0.164,70046.0,1
B0003,temporary_stress,38,17946.0,10337.0,2449.0,0.164,70046.0,1
B0003,temporary_stress,39,17742.0,9850.0,2449.0,0.164,70046.0,1
B0004,structural_decline,0,16175.0,10732.0,2285.0,0.14,64222.0,1
B0004,structural_decline,1,16330.0,10597.0,2285.0,0.14,64222.0,1
B0004,structural_decline,2,16170.0,10565.0,2285.0,0.14,64222.0,1
B0004,structural_decline,3,16083.0,10235.0,2285.0,0.14,64222.0,1
B0004,structural_decline,4,16436.0,10436.0,2285.0,0.14,64222.0,1
B0004,structural_decline,5,16876.0,10661.0,2285.0,0.14,64222.0,1
B0004,structural_decline,6,16467.0,10816.0,2285.0,0.14,64222.0,1
B0004,structural_decline,7,16012.0,11144.0,2285.0,0.14,64222.0,1
B0004,structural_decline,8,16373.0,10923.0,2285.0,0.14,64222.0,1
B0004,structural_decline,9,16789.0,10682.0,2285.0,0.14,64222.0,1
B0004,structural_decline,10,16577.0,10388.0,2285.0,0.14,64222.0,1
B0004,structural_decline,11,16621.0,10463.0,2285.0,0.14,64222.0,1
B0004,structural_decline,12,16661.0,10632.0,2285.0,0.14,64222.0,1
B0004,structural_decline,13,16657.0,11059.0,2285.0,0.14,64222.0,1
B0004,structural_decline,14,16592.0,10688.0,2285.0,0.14,64222.0,1
B0004,structural_decline,15,16080.0,10653.0,2285.0,0.14,64222.0,1
B0004,structural_decline,16,15618.0,10861.0,2285.0,0.14,64222.0,1
B0004,structural_decline,17,15274.0,10633.0,2285.0,0.14,64222.0,1
B0004,structural_decline,18,15033.0,10255.0,2285.0,0.14,64222.0,1
B0004,structural_decline,19,14700.0,10529.0,2285.0,0.14,64222.0,1
B0004,structural_decline,20,14197.0,10602.0,2285.0,0.14,64222.0,1
B0004,structural_decline,21,13979.0,10437.0,2285.0,0.14,64222.0,1
B0004,structural_decline,22,13781.0,10470.0,2285.0,0.14,64222.0,1
B0004,structural_decline,23,13507.0,10320.0,2285.0,0.14,64222.0,1
B0004,structural_decline,24,13227.0,10026.0,2285.0,0.14,64222.0,1
B0004,structural_decline,25,13046.0,10142.0,2285.0,0.14,64222.0,1
B0004,structural_decline,26,12689.0,10294.0,2285.0,0.14,64222.0,1
B0004,structural_decline,27,12309.0,10302.0,2285.0,0.14,64222.0,0
B0004,structural_decline,28,11948.0,10559.0,2285.0,0.14,64222.0,0
B0004,structural_decline,29,11765.0,10716.0,2285.0,0.14,64222.0,0
B0004,structural_decline,30,11662.0,10573.0,2285.0,0.14,64222.0,0
B0004,structural_decline,31,11359.0,10537.0,2285.0,0.14,64222.0,0
B0004,structural_decline,32,10977.0,10816.0,2285.0,0.14,64222.0,0
B0004,structural_decline,33,10950.0,10721.0,2285.0,0.14,64222.0,0
B0004,structural_decline,34,10640.0,10626.0,2285.0,0.14,64222.0,0
B0004,structural_decline,35,10411.0,10461.0,2285.0,0.14,64222.0,0
B0004,structural_decline,36,10413.0,10612.0,2285.0,0.14,64222.0,0
B0004,structural_decline,37,10207.0,10923.0,2285.0,0.14,64222.0,0
B0004,structural_decline,38,9810.0,10899.0,2285.0,0.14,64222.0,0
B0004,structural_decline,39,9547.0,10690.0,2285.0,0.14,64222.0,0
B0004,structural_decline,40,9342.0,10676.0,2285.0,0.14,64222.0,0
B0004,structural_decline,41,9322.0,10724.0,2285.0,0.14,64222.0,0
B0005,temporary_stress,0,12839.0,10215.0,2747.0,0.251,52648.0,0
B0005,temporary_stress,1,12707.0,10020.0,2747.0,0.251,52648.0,0
B0005,temporary_stress,2,12545.0,10383.0,2747.0,0.251,52648.0,0
B0005,temporary_stress,3,12645.0,10286.0,2747.0,0.251,52648.0,0
B0005,temporary_stress,4,12708.0,9978.0,2747.0,0.251,52648.0,0
B0005,temporary_stress,5,12574.0,9588.0,2747.0,0.251,52648.0,1
B0005,temporary_stress,6,12967.0,9812.0,2747.0,0.251,52648.0,1
B0005,temporary_stress,7,13224.0,9867.0,2747.0,0.251,52648.0,1
B0005,temporary_stress,8,13288.0,10139.0,2747.0,0.251,52648.0,1
B0005,temporary_stress,9,13125.0,10322.0,2747.0,0.251,52648.0,1
B0005,temporary_stress,10,13048.0,10273.0,2747.0,0.251,52648.0,1
B0005,temporary_stress,11,13176.0,9989.0,2747.0,0.251,52648.0,1
B0005,temporary_stress,12,13019.0,9923.0,2747.0,0.251,52648.0,1
B0005,temporary_stress,13,13058.0,9829.0,2747.0,0.251,52648.0,1
B0005,temporary_stress,14,12872.0,9425.0,2747.0,0.251,52648.0,1
B0005,temporary_stress,15,12745.0,9558.0,2747.0,0.251,52648.0,1
B0005,temporary_stress,16,12881.0,9697.0,2747.0,0.251,52648.0,1
B0005,temporary_stress,17,12955.0,9819.0,2747.0,0.251,52648.0,1
B0005,temporary_stress,18,8229.0,9756.0,2747.0,0.251,52648.0,0
B0005,temporary_stress,19,8157.0,9859.0,2747.0,0.251,52648.0,0
B0005,temporary_stress,20,8136.0,9815.0,2747.0,0.251,52648.0,0
B0005,temporary_stress,21,8346.0,10059.0,2747.0,0.251,52648.0,0
B0005,temporary_stress,22,8400.0,10372.0,2747.0,0.251,52648.0,0
B0005,temporary_stress,23,8450.0,10302.0,2747.0,0.251,52648.0,0
B0005,temporary_stress,24,9085.0,10165.0,2747.0,0.251,52648.0,0
B0005,temporary_stress,25,10299.0,10084.0,2747.0,0.251,52648.0,0
B0005,temporary_stress,26,11724.0,9785.0,2747.0,0.251,52648.0,0
B0005,temporary_stress,27,13196.0,9621.0,2747.0,0.251,52648.0,1
B0005,temporary_stress,28,13024.0,9680.0,2747.0,0.251,52648.0,1
B0005,temporary_stress,29,12764.0,10010.0,2747.0,0.251,52648.0,1
B0005,temporary_stress,30,12952.0,10226.0,2747.0,0.251,52648.0,0
B0005,temporary_stress,31,12990.0,9965.0,2747.0,0.251,52648.0,1
B0005,temporary_stress,32,13089.0,9965.0,2747.0,0.251,52648.0,1
B0005,temporary_stress,33,13125.0,9708.0,2747.0,0.251,52648.0,1
B0005,temporary_stress,34,12844.0,9606.0,2747.0,0.251,52648.0,1
B0006,stable,0,10998.0,7452.0,2414.0,0.256,48794.0,1
B0006,stable,1,10999.0,7513.0,2414.0,0.256,48794.0,1
B0006,stable,2,10869.0,7630.0,2414.0,0.256,48794.0,1
B0006,stable,3,10885.0,7666.0,2414.0,0.256,48794.0,1
B0006,stable,4,10899.0,7795.0,2414.0,0.256,48794.0,1
B0006,stable,5,10612.0,7492.0,2414.0,0.256,48794.0,1
B0006,stable,6,10310.0,7461.0,2414.0,0.256,48794.0,1
B0006,stable,7,10419.0,7774.0,2414.0,0.256,48794.0,1
B0006,stable,8,10614.0,7719.0,2414.0,0.256,48794.0,1
B0006,stable,9,10656.0,7882.0,2414.0,0.256,48794.0,1
B0006,stable,10,10628.0,7764.0,2414.0,0.256,48794.0,1
B0006,stable,11,10656.0,7403.0,2414.0,0.256,48794.0,1
B0006,stable,12,10555.0,7421.0,2414.0,0.256,48794.0,1
B0006,stable,13,10756.0,7531.0,2414.0,0.256,48794.0,1
B0006,stable,14,10821.0,7528.0,2414.0,0.256,48794.0,1
B0006,stable,15,10780.0,7525.0,2414.0,0.256,48794.0,1
B0006,stable,16,10608.0,7413.0,2414.0,0.256,48794.0,1
B0006,stable,17,10951.0,7483.0,2414.0,0.256,48794.0,1
B0006,stable,18,11134.0,7678.0,2414.0,0.256,48794.0,1
B0006,stable,19,11263.0,7658.0,2414.0,0.256,48794.0,1
B0006,stable,20,11076.0,7359.0,2414.0,0.256,48794.0,1
B0006,stable,21,10849.0,7332.0,2414.0,0.256,48794.0,1
B0006,stable,22,10820.0,7310.0,2414.0,0.256,48794.0,1
B0006,stable,23,10897.0,7244.0,2414.0,0.256,48794.0,1
B0006,stable,24,10815.0,7523.0,2414.0,0.256,48794.0,1
B0006,stable,25,10602.0,7591.0,2414.0,0.256,48794.0,1
B0006,stable,26,10537.0,7547.0,2414.0,0.256,48794.0,1
B0006,stable,27,10682.0,7515.0,2414.0,0.256,48794.0,1
B0006,stable,28,10538.0,7661.0,2414.0,0.256,48794.0,1
B0006,stable,29,10448.0,7761.0,2414.0,0.256,48794.0,1
B0006,stable,30,10476.0,7751.0,2414.0,0.256,48794.0,1
B0006,stable,31,10693.0,7602.0,2414.0,0.256,48794.0,1
B0006,stable,32,10704.0,7597.0,2414.0,0.256,48794.0,1
B0006,stable,33,10552.0,7531.0,2414.0,0.256,48794.0,1
B0006,stable,34,10625.0,7589.0,2414.0,0.256,48794.0,1
B0006,stable,35,10647.0,7814.0,2414.0,0.256,48794.0,1
B0007,stable,0,16519.0,10994.0,1905.0,0.177,48631.0,1
B0007,stable,1,16386.0,10441.0,1905.0,0.177,48631.0,1
B0007,stable,2,16408.0,10159.0,1905.0,0.177,48631.0,1
B0007,stable,3,16043.0,10228.0,1905.0,0.177,48631.0,1
B0007,stable,4,15607.0,10465.0,1905.0,0.177,48631.0,1
B0007,stable,5,15566.0,10590.0,1905.0,0.177,48631.0,1
B0007,stable,6,15596.0,10260.0,1905.0,0.177,48631.0,1
B0007,stable,7,15932.0,10293.0,1905.0,0.177,48631.0,1
B0007,stable,8,15952.0,10013.0,1905.0,0.177,48631.0,1
B0007,stable,9,15752.0,10391.0,1905.0,0.177,48631.0,1
B0007,stable,10,15436.0,10348.0,1905.0,0.177,48631.0,1
B0007,stable,11,15622.0,10272.0,1905.0,0.177,48631.0,1
B0007,stable,12,15932.0,10287.0,1905.0,0.177,48631.0,1
B0007,stable,13,16019.0,10443.0,1905.0,0.177,48631.0,1
B0007,stable,14,16476.0,10492.0,1905.0,0.177,48631.0,1
B0007,stable,15,16569.0,10494.0,1905.0,0.177,48631.0,1
B0007,stable,16,16599.0,9920.0,1905.0,0.177,48631.0,1
B0007,stable,17,16619.0,9846.0,1905.0,0.177,48631.0,1
B0007,stable,18,16481.0,9986.0,1905.0,0.177,48631.0,1
B0007,stable,19,16343.0,10255.0,1905.0,0.177,48631.0,1
B0007,stable,20,16247.0,10211.0,1905.0,0.177,48631.0,1
B0007,stable,21,16481.0,10796.0,1905.0,0.177,48631.0,1
B0007,stable,22,16521.0,10701.0,1905.0,0.177,48631.0,1
B0007,stable,23,16311.0,10649.0,1905.0,0.177,48631.0,1
B0007,stable,24,16114.0,10364.0,1905.0,0.177,48631.0,1
B0007,stable,25,15968.0,10514.0,1905.0,0.177,48631.0,1
B0007,stable,26,15907.0,10615.0,1905.0,0.177,48631.0,1
B0007,stable,27,15546.0,10401.0,1905.0,0.177,48631.0,1
B0007,stable,28,15647.0,10546.0,1905.0,0.177,48631.0,1
B0007,stable,29,15847.0,10954.0,1905.0,0.177,48631.0,1
B0007,stable,30,16015.0,10963.0,1905.0,0.177,48631.0,1
B0007,stable,31,16233.0,10879.0,1905.0,0.177,48631.0,1
B0007,stable,32,16351.0,10827.0,1905.0,0.177,48631.0,1
B0007,stable,33,16593.0,10207.0,1905.0,0.177,48631.0,1
B0007,stable,34,16955.0,10335.0,1905.0,0.177,48631.0,1
B0007,stable,35,17126.0,10451.0,1905.0,0.177,48631.0,1
B0007,stable,36,17139.0,10741.0,1905.0,0.177,48631.0,1
B0007,stable,37,17301.0,10774.0,1905.0,0.177,48631.0,1
B0007,stable,38,17371.0,10605.0,1905.0,0.177,48631.0,1
B0007,stable,39,17031.0,10282.0,1905.0,0.177,48631.0,1
B0007,stable,40,16721.0,10418.0,1905.0,0.177,48631.0,1
B0007,stable,41,16969.0,10594.0,1905.0,0.177,48631.0,1
B0008,stable,0,17574.0,8905.0,2329.0,0.271,75495.0,1
B0008,stable,1,16983.0,9001.0,2329.0,0.271,75495.0,1
B0008,stable,2,17041.0,9075.0,2329.0,0.271,75495.0,1
B0008,stable,3,17162.0,9171.0,2329.0,0.271,75495.0,1
B0008,stable,4,16924.0,9102.0,2329.0,0.271,75495.0,1
B0008,stable,5,16600.0,9093.0,2329.0,0.271,75495.0,1
B0008,stable,6,16893.0,8901.0,2329.0,0.271,75495.0,1
B0008,stable,7,16846.0,8617.0,2329.0,0.271,75495.0,1
B0008,stable,8,16752.0,8911.0,2329.0,0.271,75495.0,1
B0008,stable,9,16868.0,8986.0,2329.0,0.271,75495.0,1
B0008,stable,10,16590.0,9049.0,2329.0,0.271,75495.0,1
B0008,stable,11,16832.0,9088.0,2329.0,0.271,75495.0,1
B0008,stable,12,17271.0,9304.0,2329.0,0.271,75495.0,1
B0008,stable,13,17380.0,9336.0,2329.0,0.271,75495.0,1
B0008,stable,14,17394.0,9471.0,2329.0,0.271,75495.0,1
B0008,stable,15,17506.0,9476.0,2329.0,0.271,75495.0,1
B0008,stable,16,17683.0,9335.0,2329.0,0.271,75495.0,1
B0008,stable,17,17899.0,9506.0,2329.0,0.271,75495.0,1
B0008,stable,18,17852.0,9418.0,2329.0,0.271,75495.0,1
B0008,stable,19,17792.0,9205.0,2329.0,0.271,75495.0,1
B0008,stable,20,17499.0,9332.0,2329.0,0.271,75495.0,1
B0008,stable,21,17962.0,9520.0,2329.0,0.271,75495.0,1
B0008,stable,22,18180.0,9661.0,2329.0,0.271,75495.0,1
B0008,stable,23,17736.0,9539.0,2329.0,0.271,75495.0,1
B0008,stable,24,17360.0,9747.0,2329.0,0.271,75495.0,1
B0008,stable,25,17214.0,9509.0,2329.0,0.271,75495.0,1
B0008,stable,26,17252.0,8938.0,2329.0,0.271,75495.0,1
B0008,stable,27,17021.0,9044.0,2329.0,0.271,75495.0,1
B0008,stable,28,16819.0,9272.0,2329.0,0.271,75495.0,1
B0008,stable,29,16748.0,9076.0,2329.0,0.271,75495.0,1
B0008,stable,30,17150.0,9350.0,2329.0,0.271,75495.0,1
B0008,stable,31,17314.0,9516.0,2329.0,0.271,75495.0,1
B0008,stable,32,17444.0,9337.0,2329.0,0.271,75495.0,1
B0008,stable,33,17602.0,9526.0,2329.0,0.271,75495.0,1
B0008,stable,34,17695.0,9511.0,2329.0,0.271,75495.0,1
B0008,stable,35,17887.0,9228.0,2329.0,0.271,75495.0,1
B0008,stable,36,17883.0,9151.0,2329.0,0.271,75495.0,1
B0008,stable,37,18079.0,9192.0,2329.0,0.271,75495.0,1
B0009,stable,0,9943.0,7046.0,1613.0,0.279,47472.0,1
B0009,stable,1,10185.0,7127.0,1613.0,0.279,47472.0,1
B0009,stable,2,10401.0,7117.0,1613.0,0.279,47472.0,1
B0009,stable,3,10165.0,6983.0,1613.0,0.279,47472.0,1
B0009,stable,4,10148.0,6922.0,1613.0,0.279,47472.0,1
B0009,stable,5,10074.0,6885.0,1613.0,0.279,47472.0,1
B0009,stable,6,10094.0,6606.0,1613.0,0.279,47472.0,1
B0009,stable,7,10176.0,6622.0,1613.0,0.279,47472.0,1
B0009,stable,8,10096.0,6912.0,1613.0,0.279,47472.0,1
B0009,stable,9,10032.0,6937.0,1613.0,0.279,47472.0,1
B0009,stable,10,10005.0,6867.0,1613.0,0.279,47472.0,1
B0009,stable,11,9899.0,6706.0,1613.0,0.279,47472.0,1
B0009,stable,12,9702.0,6498.0,1613.0,0.279,47472.0,1
B0009,stable,13,9887.0,6490.0,1613.0,0.279,47472.0,1
B0009,stable,14,9995.0,6751.0,1613.0,0.279,47472.0,1
B0009,stable,15,10117.0,6751.0,1613.0,0.279,47472.0,1
B0009,stable,16,10255.0,6462.0,1613.0,0.279,47472.0,1
B0009,stable,17,10332.0,6438.0,1613.0,0.279,47472.0,1
B0009,stable,18,10375.0,6590.0,1613.0,0.279,47472.0,1
B0009,stable,19,10328.0,6704.0,1613.0,0.279,47472.0,1
B0009,stable,20,10496.0,6566.0,1613.0,0.279,47472.0,1
B0009,stable,21,10552.0,6537.0,1613.0,0.279,47472.0,1
B0009,stable,22,10621.0,6767.0,1613.0,0.279,47472.0,1
B0009,stable,23,10721.0,6757.0,1613.0,0.279,47472.0,1
B0009,stable,24,10548.0,6579.0,1613.0,0.279,47472.0,1
B0009,stable,25,10399.0,6627.0,1613.0,0.279,47472.0,1
B0009,stable,26,10306.0,6787.0,1613.0,0.279,47472.0,1
B0009,stable,27,10387.0,6598.0,1613.0,0.279,47472.0,1
B0009,stable,28,10413.0,6678.0,1613.0,0.279,47472.0,1
B0009,stable,29,10172.0,6832.0,1613.0,0.279,47472.0,1
B0009,stable,30,10138.0,6875.0,1613.0,0.279,47472.0,1
B0009,stable,31,9945.0,6853.0,1613.0,0.279,47472.0,1
B0009,stable,32,10086.0,6599.0,1613.0,0.279,47472.0,1
B0009,stable,33,10268.0,6733.0,1613.0,0.279,47472.0,1
B0009,stable,34,10250.0,6851.0,1613.0,0.279,47472.0,1
B0010,structural_decline,0,13018.0,9129.0,2841.0,0.098,34746.0,1
B0010,structural_decline,1,13180.0,9062.0,2841.0,0.098,34746.0,1
B0010,structural_decline,2,13315.0,9355.0,2841.0,0.098,34746.0,1
B0010,structural_decline,3,13189.0,9035.0,2841.0,0.098,34746.0,1
B0010,structural_decline,4,13161.0,9145.0,2841.0,0.098,34746.0,1
B0010,structural_decline,5,13096.0,9331.0,2841.0,0.098,34746.0,1
B0010,structural_decline,6,12894.0,9230.0,2841.0,0.098,34746.0,1
B0010,structural_decline,7,13050.0,9346.0,2841.0,0.098,34746.0,1
B0010,structural_decline,8,13186.0,9054.0,2841.0,0.098,34746.0,1
B0010,structural_decline,9,13080.0,8946.0,2841.0,0.098,34746.0,1
B0010,structural_decline,10,13088.0,8920.0,2841.0,0.098,34746.0,1
B0010,structural_decline,11,13038.0,9359.0,2841.0,0.098,34746.0,1
B0010,structural_decline,12,12931.0,9194.0,2841.0,0.098,34746.0,1
B0010,structural_decline,13,13094.0,9258.0,2841.0,0.098,34746.0,1
B0010,structural_decline,14,12985.0,9562.0,2841.0,0.098,34746.0,1
B0010,structural_decline,15,13108.0,9626.0,2841.0,0.098,34746.0,1
B0010,structural_decline,16,13104.0,9711.0,2841.0,0.098,34746.0,1
B0010,structural_decline,17,13067.0,9684.0,2841.0,0.098,34746.0,1
B0010,structural_decline,18,13148.0,9600.0,2841.0,0.098,34746.0,1
B0010,structural_decline,19,13267.0,9352.0,2841.0,0.098,34746.0,1
B0010,structural_decline,20,13249.0,9371.0,2841.0,0.098,34746.0,1
B0010,structural_decline,21,12884.0,9534.0,2841.0,0.098,34746.0,1
B0010,structural_decline,22,12630.0,9575.0,2841.0,0.098,34746.0,1
B0010,structural_decline,23,12323.0,9472.0,2841.0,0.098,34746.0,1
B0010,structural_decline,24,12126.0,9100.0,2841.0,0.098,34746.0,1
B0010,structural_decline,25,12137.0,8888.0,2841.0,0.098,34746.0,1
B0010,structural_decline,26,11802.0,8863.0,2841.0,0.098,34746.0,1
B0010,structural_decline,27,10295.0,9008.0,2841.0,0.098,34746.0,0
B0010,structural_decline,28,10207.0,9044.0,2841.0,0.098,34746.0,0
B0010,structural_decline,29,9966.0,8912.0,2841.0,0.098,34746.0,0
B0010,structural_decline,30,11175.0,9084.0,2841.0,0.098,34746.0,0
B0010,structural_decline,31,10903.0,9330.0,2841.0,0.098,34746.0,0
B0010,structural_decline,32,10668.0,9357.0,2841.0,0.098,34746.0,0
B0010,structural_decline,33,10544.0,9163.0,2841.0,0.098,34746.0,0
B0010,structural_decline,34,10410.0,9184.0,2841.0,0.098,34746.0,0
B0010,structural_decline,35,10403.0,8963.0,2841.0,0.098,34746.0,0
B0010,structural_decline,36,10383.0,9038.0,2841.0,0.098,34746.0,0
B0010,structural_decline,37,10183.0,9255.0,2841.0,0.098,34746.0,0
B0011,temporary_stress,0,14133.0,8565.0,2204.0,0.208,71814.0,1
B0011,temporary_stress,1,14160.0,8719.0,2204.0,0.208,71814.0,1
B0011,temporary_stress,2,14247.0,8801.0,2204.0,0.208,71814.0,1
B0011,temporary_stress,3,14241.0,8752.0,2204.0,0.208,71814.0,1
B0011,temporary_stress,4,14055.0,8858.0,2204.0,0.208,71814.0,1
B0011,temporary_stress,5,13913.0,9187.0,2204.0,0.208,71814.0,1
B0011,temporary_stress,6,13971.0,9369.0,2204.0,0.208,71814.0,1
B0011,temporary_stress,7,13784.0,9078.0,2204.0,0.208,71814.0,1
B0011,temporary_stress,8,13571.0,8962.0,2204.0,0.208,71814.0,1
B0011,temporary_stress,9,13601.0,8949.0,2204.0,0.208,71814.0,1
B0011,temporary_stress,10,13445.0,9119.0,2204.0,0.208,71814.0,1
B0011,temporary_stress,11,13237.0,8936.0,2204.0,0.208,71814.0,1
B0011,temporary_stress,12,13469.0,8838.0,2204.0,0.208,71814.0,1
B0011,temporary_stress,13,13717.0,8479.0,2204.0,0.208,71814.0,1
B0011,temporary_stress,14,8646.0,8372.0,2204.0,0.208,71814.0,0
B0011,temporary_stress,15,8633.0,9081.0,2204.0,0.208,71814.0,0
B0011,temporary_stress,16,8780.0,9127.0,2204.0,0.208,71814.0,0
B0011,temporary_stress,17,8867.0,8887.0,2204.0,0.208,71814.0,0
B0011,temporary_stress,18,8789.0,8474.0,2204.0,0.208,71814.0,0
B0011,temporary_stress,19,8780.0,8295.0,2204.0,0.208,71814.0,0
B0011,temporary_stress,20,8989.0,8501.0,2204.0,0.208,71814.0,0
B0011,temporary_stress,21,10685.0,8662.0,2204.0,0.208,71814.0,0
B0011,temporary_stress,22,12148.0,8730.0,2204.0,0.208,71814.0,1
B0011,temporary_stress,23,13603.0,8701.0,2204.0,0.208,71814.0,1
B0011,temporary_stress,24,13823.0,8820.0,2204.0,0.208,71814.0,1
B0011,temporary_stress,25,13826.0,8724.0,2204.0,0.208,71814.0,1
B0011,temporary_stress,26,13824.0,8714.0,2204.0,0.208,71814.0,1
B0011,temporary_stress,27,13781.0,8763.0,2204.0,0.208,71814.0,1
B0011,temporary_stress,28,13778.0,8563.0,2204.0,0.208,71814.0,1
B0011,temporary_stress,29,13793.0,8603.0,2204.0,0.208,71814.0,1
B0011,temporary_stress,30,13947.0,8512.0,2204.0,0.208,71814.0,1
B0011,temporary_stress,31,13976.0,8589.0,2204.0,0.208,71814.0,1
B0011,temporary_stress,32,13966.0,8978.0,2204.0,0.208,71814.0,1
B0011,temporary_stress,33,14001.0,9029.0,2204.0,0.208,71814.0,1
B0011,temporary_stress,34,13939.0,8977.0,2204.0,0.208,71814.0,1
B0011,temporary_stress,35,14078.0,9053.0,2204.0,0.208,71814.0,1
B0011,temporary_stress,36,14142.0,9013.0,2204.0,0.208,71814.0,1
B0011,temporary_stress,37,14061.0,9020.0,2204.0,0.208,71814.0,1
B0011,temporary_stress,38,13973.0,8734.0,2204.0,0.208,71814.0,1
B0011,temporary_stress,39,13787.0,8770.0,2204.0,0.208,71814.0,1
B0011,temporary_stress,40,13714.0,8914.0,2204.0,0.208,71814.0,1
B0012,structural_decline,0,17185.0,9557.0,1979.0,0.142,72292.0,1
B0012,structural_decline,1,17071.0,9278.0,1979.0,0.142,72292.0,1
B0012,structural_decline,2,17070.0,9035.0,1979.0,0.142,72292.0,1
B0012,structural_decline,3,17119.0,9036.0,1979.0,0.142,72292.0,1
B0012,structural_decline,4,17234.0,9278.0,1979.0,0.142,72292.0,1
B0012,structural_decline,5,17271.0,9044.0,1979.0,0.142,72292.0,1
B0012,structural_decline,6,16954.0,9129.0,1979.0,0.142,72292.0,1
B0012,structural_decline,7,16944.0,9352.0,1979.0,0.142,72292.0,1
B0012,structural_decline,8,16942.0,9301.0,1979.0,0.142,72292.0,1
B0012,structural_decline,9,17147.0,9210.0,1979.0,0.142,72292.0,1
B0012,structural_decline,10,16832.0,9108.0,1979.0,0.142,72292.0,1
B0012,structural_decline,11,16961.0,8882.0,1979.0,0.142,72292.0,1
B0012,structural_decline,12,16617.0,8865.0,1979.0,0.142,72292.0,1
B0012,structural_decline,13,16288.0,8783.0,1979.0,0.142,72292.0,1
B0012,structural_decline,14,16152.0,8510.0,1979.0,0.142,72292.0,1
B0012,structural_decline,15,15778.0,8863.0,1979.0,0.142,72292.0,1
B0012,structural_decline,16,15276.0,9104.0,1979.0,0.142,72292.0,1
B0012,structural_decline,17,15099.0,9151.0,1979.0,0.142,72292.0,1
B0012,structural_decline,18,14781.0,9193.0,1979.0,0.142,72292.0,1
B0012,structural_decline,19,14271.0,9287.0,1979.0,0.142,72292.0,1
B0012,structural_decline,20,13930.0,9437.0,1979.0,0.142,72292.0,1
B0012,structural_decline,21,13935.0,9638.0,1979.0,0.142,72292.0,1
B0012,structural_decline,22,13734.0,9509.0,1979.0,0.142,72292.0,1
B0012,structural_decline,23,13371.0,9475.0,1979.0,0.142,72292.0,1
B0012,structural_decline,24,13023.0,9313.0,1979.0,0.142,72292.0,1
B0012,structural_decline,25,13044.0,9407.0,1979.0,0.142,72292.0,1
B0012,structural_decline,26,13003.0,9431.0,1979.0,0.142,72292.0,1
B0012,structural_decline,27,12420.0,9228.0,1979.0,0.142,72292.0,1
B0012,structural_decline,28,12014.0,8920.0,1979.0,0.142,72292.0,1
B0012,structural_decline,29,11613.0,8999.0,1979.0,0.142,72292.0,1
B0012,structural_decline,30,11424.0,9324.0,1979.0,0.142,72292.0,1
B0012,structural_decline,31,11517.0,9308.0,1979.0,0.142,72292.0,1
B0012,structural_decline,32,11342.0,9184.0,1979.0,0.142,72292.0,1
B0012,structural_decline,33,10822.0,9110.0,1979.0,0.142,72292.0,0
B0012,structural_decline,34,10447.0,9234.0,1979.0,0.142,72292.0,0
B0012,structural_decline,35,10199.0,9430.0,1979.0,0.142,72292.0,0
B0012,structural_decline,36,10012.0,9682.0,1979.0,0.142,72292.0,0
B0013,structural_decline,0,17498.0,12095.0,3318.0,0.23,47760.0,1
B0013,structural_decline,1,17705.0,12062.0,3318.0,0.23,47760.0,1
B0013,structural_decline,2,17587.0,12880.0,3318.0,0.23,47760.0,1
B0013,structural_decline,3,17724.0,12989.0,3318.0,0.23,47760.0,1
B0013,structural_decline,4,18131.0,12687.0,3318.0,0.23,47760.0,1
B0013,structural_decline,5,17871.0,12288.0,3318.0,0.23,47760.0,1
B0013,structural_decline,6,17796.0,12250.0,3318.0,0.23,47760.0,1
B0013,structural_decline,7,18092.0,12728.0,3318.0,0.23,47760.0,1
B0013,structural_decline,8,17899.0,12332.0,3318.0,0.23,47760.0,1
B0013,structural_decline,9,17660.0,12548.0,3318.0,0.23,47760.0,1
B0013,structural_decline,10,17719.0,12357.0,3318.0,0.23,47760.0,1
B0013,structural_decline,11,17551.0,11962.0,3318.0,0.23,47760.0,1
B0013,structural_decline,12,17628.0,11930.0,3318.0,0.23,47760.0,1
B0013,structural_decline,13,17688.0,12045.0,3318.0,0.23,47760.0,1
B0013,structural_decline,14,17439.0,11985.0,3318.0,0.23,47760.0,1
B0013,structural_decline,15,17863.0,11954.0,3318.0,0.23,47760.0,1
B0013,structural_decline,16,18021.0,12282.0,3318.0,0.23,47760.0,1
B0013,structural_decline,17,18026.0,12276.0,3318.0,0.23,47760.0,1
B0013,structural_decline,18,17879.0,12555.0,3318.0,0.23,47760.0,1
B0013,structural_decline,19,17867.0,12520.0,3318.0,0.23,47760.0,1
B0013,structural_decline,20,17652.0,12554.0,3318.0,0.23,47760.0,1
B0013,structural_decline,21,17640.0,12561.0,3318.0,0.23,47760.0,1
B0013,structural_decline,22,17837.0,12475.0,3318.0,0.23,47760.0,1
B0013,structural_decline,23,17886.0,12548.0,3318.0,0.23,47760.0,1
B0013,structural_decline,24,17962.0,12843.0,3318.0,0.23,47760.0,1
B0013,structural_decline,25,18117.0,13117.0,3318.0,0.23,47760.0,1
B0013,structural_decline,26,17663.0,12398.0,3318.0,0.23,47760.0,1
B0013,structural_decline,27,17418.0,12248.0,3318.0,0.23,47760.0,1
B0013,structural_decline,28,17165.0,12285.0,3318.0,0.23,47760.0,1
B0013,structural_decline,29,16876.0,12049.0,3318.0,0.23,47760.0,1
B0013,structural_decline,30,16524.0,11901.0,3318.0,0.23,47760.0,1
B0013,structural_decline,31,15976.0,11932.0,3318.0,0.23,47760.0,1
B0013,structural_decline,32,15907.0,12222.0,3318.0,0.23,47760.0,1
B0013,structural_decline,33,15932.0,12249.0,3318.0,0.23,47760.0,1
B0013,structural_decline,34,15601.0,12214.0,3318.0,0.23,47760.0,1
B0013,structural_decline,35,15436.0,11873.0,3318.0,0.23,47760.0,1
B0013,structural_decline,36,15025.0,12000.0,3318.0,0.23,47760.0,0
B0013,structural_decline,37,14312.0,12473.0,3318.0,0.23,47760.0,0
B0013,structural_decline,38,14214.0,12370.0,3318.0,0.23,47760.0,0
B0013,structural_decline,39,14185.0,11956.0,3318.0,0.23,47760.0,0
B0013,structural_decline,40,13997.0,12368.0,3318.0,0.23,47760.0,0
B0014,structural_decline,0,11779.0,5886.0,1877.0,0.274,56679.0,1
B0014,structural_decline,1,11782.0,5970.0,1877.0,0.274,56679.0,1
B0014,structural_decline,2,11861.0,5946.0,1877.0,0.274,56679.0,1
B0014,structural_decline,3,12060.0,5763.0,1877.0,0.274,56679.0,1
B0014,structural_decline,4,12106.0,5525.0,1877.0,0.274,56679.0,1
B0014,structural_decline,5,12013.0,5700.0,1877.0,0.274,56679.0,1
B0014,structural_decline,6,12087.0,5624.0,1877.0,0.274,56679.0,1
B0014,structural_decline,7,12187.0,5755.0,1877.0,0.274,56679.0,1
B0014,structural_decline,8,11925.0,6075.0,1877.0,0.274,56679.0,1
B0014,structural_decline,9,11771.0,6013.0,1877.0,0.274,56679.0,1
B0014,structural_decline,10,11933.0,5773.0,1877.0,0.274,56679.0,1
B0014,structural_decline,11,11985.0,5843.0,1877.0,0.274,56679.0,1
B0014,structural_decline,12,11618.0,5993.0,1877.0,0.274,56679.0,1
B0014,structural_decline,13,11417.0,5937.0,1877.0,0.274,56679.0,1
B0014,structural_decline,14,11347.0,5866.0,1877.0,0.274,56679.0,1
B0014,structural_decline,15,10880.0,5830.0,1877.0,0.274,56679.0,1
B0014,structural_decline,16,10406.0,6014.0,1877.0,0.274,56679.0,1
B0014,structural_decline,17,10082.0,6043.0,1877.0,0.274,56679.0,1
B0014,structural_decline,18,10194.0,5813.0,1877.0,0.274,56679.0,1
B0014,structural_decline,19,10055.0,5755.0,1877.0,0.274,56679.0,1
B0014,structural_decline,20,9653.0,6072.0,1877.0,0.274,56679.0,1
B0014,structural_decline,21,9504.0,5955.0,1877.0,0.274,56679.0,1
B0014,structural_decline,22,9274.0,5924.0,1877.0,0.274,56679.0,1
B0014,structural_decline,23,9057.0,5802.0,1877.0,0.274,56679.0,1
B0014,structural_decline,24,8825.0,5817.0,1877.0,0.274,56679.0,1
B0014,structural_decline,25,8690.0,5961.0,1877.0,0.274,56679.0,1
B0014,structural_decline,26,8554.0,5900.0,1877.0,0.274,56679.0,1
B0014,structural_decline,27,8262.0,5965.0,1877.0,0.274,56679.0,1
B0014,structural_decline,28,8015.0,5943.0,1877.0,0.274,56679.0,1
B0014,structural_decline,29,7865.0,5802.0,1877.0,0.274,56679.0,1
B0014,structural_decline,30,7806.0,5856.0,1877.0,0.274,56679.0,1
B0014,structural_decline,31,7571.0,5958.0,1877.0,0.274,56679.0,0
B0014,structural_decline,32,7467.0,6030.0,1877.0,0.274,56679.0,0
B0015,stable,0,19023.0,12907.0,4200.0,0.166,84324.0,1
B0015,stable,1,19103.0,12991.0,4200.0,0.166,84324.0,1
B0015,stable,2,19031.0,13261.0,4200.0,0.166,84324.0,1
B0015,stable,3,18885.0,13686.0,4200.0,0.166,84324.0,1
B0015,stable,4,18748.0,13660.0,4200.0,0.166,84324.0,1
B0015,stable,5,18922.0,13321.0,4200.0,0.166,84324.0,1
B0015,stable,6,18927.0,13426.0,4200.0,0.166,84324.0,1
B0015,stable,7,19000.0,13776.0,4200.0,0.166,84324.0,1
B0015,stable,8,18866.0,13922.0,4200.0,0.166,84324.0,1
B0015,stable,9,18799.0,14033.0,4200.0,0.166,84324.0,1
B0015,stable,10,18545.0,13703.0,4200.0,0.166,84324.0,1
B0015,stable,11,18780.0,13679.0,4200.0,0.166,84324.0,1
B0015,stable,12,19036.0,13741.0,4200.0,0.166,84324.0,1
B0015,stable,13,19116.0,14303.0,4200.0,0.166,84324.0,1
B0015,stable,14,19027.0,14450.0,4200.0,0.166,84324.0,1
B0015,stable,15,19191.0,14346.0,4200.0,0.166,84324.0,1
B0015,stable,16,19753.0,14486.0,4200.0,0.166,84324.0,1
B0015,stable,17,19669.0,14661.0,4200.0,0.166,84324.0,1
B0015,stable,18,19576.0,14739.0,4200.0,0.166,84324.0,1
B0015,stable,19,19907.0,14565.0,4200.0,0.166,84324.0,1
B0015,stable,20,20135.0,13851.0,4200.0,0.166,84324.0,1
B0015,stable,21,20100.0,13765.0,4200.0,0.166,84324.0,1
B0015,stable,22,20326.0,14161.0,4200.0,0.166,84324.0,1
B0015,stable,23,20422.0,13697.0,4200.0,0.166,84324.0,1
B0015,stable,24,20267.0,13229.0,4200.0,0.166,84324.0,1
B0015,stable,25,20256.0,13579.0,4200.0,0.166,84324.0,1
B0015,stable,26,19959.0,13946.0,4200.0,0.166,84324.0,1
B0015,stable,27,19846.0,13741.0,4200.0,0.166,84324.0,1
B0015,stable,28,20100.0,13874.0,4200.0,0.166,84324.0,1
B0015,stable,29,19945.0,13677.0,4200.0,0.166,84324.0,1
B0015,stable,30,19611.0,13315.0,4200.0,0.166,84324.0,1
B0015,stable,31,19225.0,13619.0,4200.0,0.166,84324.0,1
B0015,stable,32,19230.0,13609.0,4200.0,0.166,84324.0,1
B0015,stable,33,19432.0,13332.0,4200.0,0.166,84324.0,1
B0015,stable,34,19919.0,13331.0,4200.0,0.166,84324.0,1
B0015,stable,35,20228.0,14138.0,4200.0,0.166,84324.0,1
B0016,structural_decline,0,19807.0,13591.0,2843.0,0.222,89018.0,1
B0016,structural_decline,1,19707.0,13444.0,2843.0,0.222,89018.0,1
B0016,structural_decline,2,19741.0,13568.0,2843.0,0.222,89018.0,1
B0016,structural_decline,3,19806.0,13817.0,2843.0,0.222,89018.0,1
B0016,structural_decline,4,19557.0,13815.0,2843.0,0.222,89018.0,1
B0016,structural_decline,5,19707.0,14050.0,2843.0,0.222,89018.0,1
B0016,structural_decline,6,19620.0,14200.0,2843.0,0.222,89018.0,1
B0016,structural_decline,7,19392.0,14251.0,2843.0,0.222,89018.0,1
B0016,structural_decline,8,19809.0,13857.0,2843.0,0.222,89018.0,1
B0016,structural_decline,9,19983.0,13763.0,2843.0,0.222,89018.0,1
B0016,structural_decline,10,19983.0,13669.0,2843.0,0.222,89018.0,1
B0016,structural_decline,11,19572.0,13948.0,2843.0,0.222,89018.0,1
B0016,structural_decline,12,19587.0,13886.0,2843.0,0.222,89018.0,1
B0016,structural_decline,13,20135.0,14086.0,2843.0,0.222,89018.0,1
B0016,structural_decline,14,19579.0,13985.0,2843.0,0.222,89018.0,1
B0016,structural_decline,15,18969.0,13982.0,2843.0,0.222,89018.0,1
B0016,structural_decline,16,18737.0,14019.0,2843.0,0.222,89018.0,1
B0016,structural_decline,17,18239.0,13775.0,2843.0,0.222,89018.0,1
B0016,structural_decline,18,17791.0,13693.0,2843.0,0.222,89018.0,1
B0016,structural_decline,19,17070.0,13700.0,2843.0,0.222,89018.0,1
B0016,structural_decline,20,13996.0,13814.0,2843.0,0.222,89018.0,0
B0016,structural_decline,21,13878.0,14029.0,2843.0,0.222,89018.0,0
B0016,structural_decline,22,16266.0,13789.0,2843.0,0.222,89018.0,0
B0016,structural_decline,23,15897.0,13730.0,2843.0,0.222,89018.0,0
B0016,structural_decline,24,15602.0,14061.0,2843.0,0.222,89018.0,0
B0016,structural_decline,25,15083.0,14032.0,2843.0,0.222,89018.0,0
B0016,structural_decline,26,14660.0,13986.0,2843.0,0.222,89018.0,0
B0016,structural_decline,27,14135.0,14285.0,2843.0,0.222,89018.0,0
B0016,structural_decline,28,13671.0,13752.0,2843.0,0.222,89018.0,0
B0016,structural_decline,29,13374.0,14026.0,2843.0,0.222,89018.0,0
B0016,structural_decline,30,13259.0,13950.0,2843.0,0.222,89018.0,0
B0016,structural_decline,31,13198.0,13905.0,2843.0,0.222,89018.0,0
B0016,structural_decline,32,12582.0,13746.0,2843.0,0.222,89018.0,0
B0016,structural_decline,33,12291.0,13849.0,2843.0,0.222,89018.0,0
B0016,structural_decline,34,12220.0,13564.0,2843.0,0.222,89018.0,0
B0016,structural_decline,35,11818.0,13846.0,2843.0,0.222,89018.0,0
B0016,structural_decline,36,11489.0,13959.0,2843.0,0.222,89018.0,0
B0016,structural_decline,37,10917.0,14132.0,2843.0,0.222,89018.0,0
B0017,stable,0,13901.0,8691.0,3171.0,0.089,45349.0,1
B0017,stable,1,14223.0,8716.0,3171.0,0.089,45349.0,1
B0017,stable,2,14638.0,8516.0,3171.0,0.089,45349.0,1
B0017,stable,3,14756.0,8468.0,3171.0,0.089,45349.0,1
B0017,stable,4,14244.0,8372.0,3171.0,0.089,45349.0,1
B0017,stable,5,14072.0,8475.0,3171.0,0.089,45349.0,1
B0017,stable,6,14175.0,8369.0,3171.0,0.089,45349.0,1
B0017,stable,7,14072.0,8501.0,3171.0,0.089,45349.0,1
B0017,stable,8,13661.0,8564.0,3171.0,0.089,45349.0,1
B0017,stable,9,13456.0,8331.0,3171.0,0.089,45349.0,1
B0017,stable,10,13762.0,8239.0,3171.0,0.089,45349.0,1
B0017,stable,11,13995.0,8338.0,3171.0,0.089,45349.0,1
B0017,stable,12,13963.0,8349.0,3171.0,0.089,45349.0,1
B0017,stable,13,13832.0,8318.0,3171.0,0.089,45349.0,1
B0017,stable,14,13932.0,8305.0,3171.0,0.089,45349.0,1
B0017,stable,15,13780.0,8544.0,3171.0,0.089,45349.0,1
B0017,stable,16,13677.0,8450.0,3171.0,0.089,45349.0,1
B0017,stable,17,13976.0,8349.0,3171.0,0.089,45349.0,1
B0017,stable,18,14292.0,8063.0,3171.0,0.089,45349.0,1
B0017,stable,19,14294.0,8227.0,3171.0,0.089,45349.0,1
B0017,stable,20,14273.0,8501.0,3171.0,0.089,45349.0,1
B0017,stable,21,14426.0,8244.0,3171.0,0.089,45349.0,1
B0017,stable,22,14541.0,8392.0,3171.0,0.089,45349.0,1
B0017,stable,23,14549.0,8639.0,3171.0,0.089,45349.0,1
B0017,stable,24,14549.0,8461.0,3171.0,0.089,45349.0,1
B0017,stable,25,14555.0,8462.0,3171.0,0.089,45349.0,1
B0017,stable,26,14541.0,8161.0,3171.0,0.089,45349.0,1
B0017,stable,27,14324.0,8128.0,3171.0,0.089,45349.0,1
B0017,stable,28,14158.0,8211.0,3171.0,0.089,45349.0,1
B0017,stable,29,14124.0,8170.0,3171.0,0.089,45349.0,1
B0018,stable,0,15292.0,7843.0,1879.0,0.125,59566.0,1
B0018,stable,1,14714.0,7548.0,1879.0,0.125,59566.0,1
B0018,stable,2,14596.0,7366.0,1879.0,0.125,59566.0,1
B0018,stable,3,15109.0,7837.0,1879.0,0.125,59566.0,1
B0018,stable,4,14878.0,7995.0,1879.0,0.125,59566.0,1
B0018,stable,5,14768.0,7774.0,1879.0,0.125,59566.0,1
B0018,stable,6,14419.0,7877.0,1879.0,0.125,59566.0,1
B0018,stable,7,14202.0,7670.0,1879.0,0.125,59566.0,1
B0018,stable,8,14465.0,7520.0,1879.0,0.125,59566.0,1
B0018,stable,9,14514.0,7669.0,1879.0,0.125,59566.0,1
B0018,stable,10,14176.0,8102.0,1879.0,0.125,59566.0,1
B0018,stable,11,13945.0,8185.0,1879.0,0.125,59566.0,1
B0018,stable,12,14368.0,7987.0,1879.0,0.125,59566.0,1
B0018,stable,13,14598.0,7786.0,1879.0,0.125,59566.0,1
B0018,stable,14,14303.0,7901.0,1879.0,0.125,59566.0,1
B0018,stable,15,14563.0,7793.0,1879.0,0.125,59566.0,1
B0018,stable,16,14611.0,7913.0,1879.0,0.125,59566.0,1
B0018,stable,17,14513.0,7812.0,1879.0,0.125,59566.0,1
B0018,stable,18,14926.0,7741.0,1879.0,0.125,59566.0,1
B0018,stable,19,15031.0,7652.0,1879.0,0.125,59566.0,1
B0018,stable,20,15090.0,7402.0,1879.0,0.125,59566.0,1
B0018,stable,21,15286.0,7440.0,1879.0,0.125,59566.0,1
B0018,stable,22,15244.0,7651.0,1879.0,0.125,59566.0,1
B0018,stable,23,15433.0,7668.0,1879.0,0.125,59566.0,1
B0018,stable,24,15533.0,7923.0,1879.0,0.125,59566.0,1
B0018,stable,25,15145.0,7911.0,1879.0,0.125,59566.0,1
B0018,stable,26,14896.0,7465.0,1879.0,0.125,59566.0,1
B0018,stable,27,14746.0,7378.0,1879.0,0.125,59566.0,1
B0018,stable,28,14769.0,7693.0,1879.0,0.125,59566.0,1
B0018,stable,29,14382.0,7945.0,1879.0,0.125,59566.0,1
B0018,stable,30,14297.0,7676.0,1879.0,0.125,59566.0,1
B0018,stable,31,14356.0,7731.0,1879.0,0.125,59566.0,1
B0019,structural_decline,0,13673.0,7072.0,2621.0,0.228,61750.0,1
B0019,structural_decline,1,13809.0,6608.0,2621.0,0.228,61750.0,1
B0019,structural_decline,2,13712.0,6566.0,2621.0,0.228,61750.0,1
B0019,structural_decline,3,13723.0,6627.0,2621.0,0.228,61750.0,1
B0019,structural_decline,4,13619.0,6511.0,2621.0,0.228,61750.0,1
B0019,structural_decline,5,13559.0,6592.0,2621.0,0.228,61750.0,1
B0019,structural_decline,6,13355.0,6688.0,2621.0,0.228,61750.0,1
B0019,structural_decline,7,13229.0,6646.0,2621.0,0.228,61750.0,1
B0019,structural_decline,8,13450.0,6630.0,2621.0,0.228,61750.0,1
B0019,structural_decline,9,13580.0,6502.0,2621.0,0.228,61750.0,1
B0019,structural_decline,10,13571.0,6568.0,2621.0,0.228,61750.0,1
B0019,structural_decline,11,13626.0,6812.0,2621.0,0.228,61750.0,1
B0019,structural_decline,12,13449.0,6745.0,2621.0,0.228,61750.0,1
B0019,structural_decline,13,13292.0,6685.0,2621.0,0.228,61750.0,1
B0019,structural_decline,14,13355.0,6520.0,2621.0,0.228,61750.0,1
B0019,structural_decline,15,13591.0,6588.0,2621.0,0.228,61750.0,1
B0019,structural_decline,16,13518.0,6771.0,2621.0,0.228,61750.0,1
B0019,structural_decline,17,13498.0,6644.0,2621.0,0.228,61750.0,1
B0019,structural_decline,18,13173.0,6444.0,2621.0,0.228,61750.0,1
B0019,structural_decline,19,13043.0,6487.0,2621.0,0.228,61750.0,1
B0019,structural_decline,20,13060.0,6715.0,2621.0,0.228,61750.0,1
B0019,structural_decline,21,12974.0,6952.0,2621.0,0.228,61750.0,1
B0019,structural_decline,22,12534.0,6834.0,2621.0,0.228,61750.0,1
B0019,structural_decline,23,12278.0,6644.0,2621.0,0.228,61750.0,1
B0019,structural_decline,24,12292.0,6697.0,2621.0,0.228,61750.0,1
B0019,structural_decline,25,12183.0,6661.0,2621.0,0.228,61750.0,1
B0019,structural_decline,26,12019.0,6492.0,2621.0,0.228,61750.0,1
B0019,structural_decline,27,11915.0,6618.0,2621.0,0.228,61750.0,1
B0019,structural_decline,28,11488.0,6648.0,2621.0,0.228,61750.0,1
B0019,structural_decline,29,11355.0,6611.0,2621.0,0.228,61750.0,1
B0019,structural_decline,30,11302.0,6557.0,2621.0,0.228,61750.0,1
B0019,structural_decline,31,11123.0,6644.0,2621.0,0.228,61750.0,1
B0019,structural_decline,32,11081.0,6573.0,2621.0,0.228,61750.0,1
B0020,structural_decline,0,15691.0,7950.0,3231.0,0.124,60561.0,1
B0020,structural_decline,1,15722.0,8070.0,3231.0,0.124,60561.0,1
B0020,structural_decline,2,15642.0,8053.0,3231.0,0.124,60561.0,1
B0020,structural_decline,3,15478.0,7977.0,3231.0,0.124,60561.0,1
B0020,structural_decline,4,15658.0,7771.0,3231.0,0.124,60561.0,1
B0020,structural_decline,5,16068.0,7720.0,3231.0,0.124,60561.0,1
B0020,structural_decline,6,15786.0,7614.0,3231.0,0.124,60561.0,1
B0020,structural_decline,7,15717.0,7770.0,3231.0,0.124,60561.0,1
B0020,structural_decline,8,15873.0,7938.0,3231.0,0.124,60561.0,1
B0020,structural_decline,9,15722.0,8024.0,3231.0,0.124,60561.0,1
B0020,structural_decline,10,15596.0,7989.0,3231.0,0.124,60561.0,1
B0020,structural_decline,11,15611.0,8368.0,3231.0,0.124,60561.0,1
B0020,structural_decline,12,15840.0,8304.0,3231.0,0.124,60561.0,1
B0020,structural_decline,13,15926.0,7835.0,3231.0,0.124,60561.0,1
B0020,structural_decline,14,15976.0,7568.0,3231.0,0.124,60561.0,1
B0020,structural_decline,15,15862.0,7650.0,3231.0,0.124,60561.0,1
B0020,structural_decline,16,16004.0,7877.0,3231.0,0.124,60561.0,1
B0020,structural_decline,17,15867.0,7754.0,3231.0,0.124,60561.0,1
B0020,structural_decline,18,15741.0,7849.0,3231.0,0.124,60561.0,1
B0020,structural_decline,19,15865.0,8010.0,3231.0,0.124,60561.0,1
B0020,structural_decline,20,15898.0,8025.0,3231.0,0.124,60561.0,1
B0020,structural_decline,21,15821.0,7940.0,3231.0,0.124,60561.0,1
B0020,structural_decline,22,15678.0,7715.0,3231.0,0.124,60561.0,1
B0020,structural_decline,23,15515.0,7914.0,3231.0,0.124,60561.0,1
B0020,structural_decline,24,15379.0,8033.0,3231.0,0.124,60561.0,1
B0020,structural_decline,25,15349.0,8067.0,3231.0,0.124,60561.0,1
B0020,structural_decline,26,15259.0,7948.0,3231.0,0.124,60561.0,1
B0020,structural_decline,27,15006.0,7538.0,3231.0,0.124,60561.0,1
B0020,structural_decline,28,14787.0,7396.0,3231.0,0.124,60561.0,1
B0020,structural_decline,29,14646.0,7880.0,3231.0,0.124,60561.0,1
B0020,structural_decline,30,14405.0,8128.0,3231.0,0.124,60561.0,1
B0020,structural_decline,31,13933.0,7825.0,3231.0,0.124,60561.0,1
B0020,structural_decline,32,13616.0,7769.0,3231.0,0.124,60561.0,1
B0020,structural_decline,33,13657.0,8003.0,3231.0,0.124,60561.0,1
B0020,structural_decline,34,13600.0,8214.0,3231.0,0.124,60561.0,1
B0020,structural_decline,35,13100.0,8123.0,3231.0,0.124,60561.0,1
B0020,structural_decline,36,12884.0,7843.0,3231.0,0.124,60561.0,1
B0020,structural_decline,37,12867.0,7878.0,3231.0,0.124,60561.0,1
B0021,structural_decline,0,17643.0,11275.0,2581.0,0.252,81505.0,1
B0021,structural_decline,1,17772.0,11173.0,2581.0,0.252,81505.0,1
B0021,structural_decline,2,17935.0,10838.0,2581.0,0.252,81505.0,1
B0021,structural_decline,3,17834.0,10739.0,2581.0,0.252,81505.0,1
B0021,structural_decline,4,17775.0,10831.0,2581.0,0.252,81505.0,1
B0021,structural_decline,5,17752.0,10864.0,2581.0,0.252,81505.0,1
B0021,structural_decline,6,17903.0,10906.0,2581.0,0.252,81505.0,1
B0021,structural_decline,7,17826.0,10991.0,2581.0,0.252,81505.0,1
B0021,structural_decline,8,17900.0,10572.0,2581.0,0.252,81505.0,1
B0021,structural_decline,9,17896.0,10718.0,2581.0,0.252,81505.0,1
B0021,structural_decline,10,17753.0,11019.0,2581.0,0.252,81505.0,1
B0021,structural_decline,11,17680.0,10926.0,2581.0,0.252,81505.0,1
B0021,structural_decline,12,17783.0,10892.0,2581.0,0.252,81505.0,1
B0021,structural_decline,13,17872.0,11013.0,2581.0,0.252,81505.0,1
B0021,structural_decline,14,17993.0,11314.0,2581.0,0.252,81505.0,1
B0021,structural_decline,15,17583.0,11227.0,2581.0,0.252,81505.0,1
B0021,structural_decline,16,17561.0,10779.0,2581.0,0.252,81505.0,1
B0021,structural_decline,17,17475.0,10746.0,2581.0,0.252,81505.0,1
B0021,structural_decline,18,17173.0,10970.0,2581.0,0.252,81505.0,1
B0021,structural_decline,19,16866.0,11185.0,2581.0,0.252,81505.0,1
B0021,structural_decline,20,16510.0,11378.0,2581.0,0.252,81505.0,1
B0021,structural_decline,21,16356.0,11330.0,2581.0,0.252,81505.0,1
B0021,structural_decline,22,16060.0,11622.0,2581.0,0.252,81505.0,1
B0021,structural_decline,23,15565.0,11632.0,2581.0,0.252,81505.0,1
B0021,structural_decline,24,15408.0,11094.0,2581.0,0.252,81505.0,1
B0021,structural_decline,25,15090.0,11164.0,2581.0,0.252,81505.0,1
B0021,structural_decline,26,14833.0,11353.0,2581.0,0.252,81505.0,1
B0021,structural_decline,27,14923.0,11210.0,2581.0,0.252,81505.0,1
B0021,structural_decline,28,14837.0,11078.0,2581.0,0.252,81505.0,1
B0021,structural_decline,29,14551.0,10860.0,2581.0,0.252,81505.0,1
B0021,structural_decline,30,14486.0,10803.0,2581.0,0.252,81505.0,1
B0021,structural_decline,31,14336.0,11002.0,2581.0,0.252,81505.0,1
B0021,structural_decline,32,14046.0,11059.0,2581.0,0.252,81505.0,1
B0021,structural_decline,33,13804.0,10702.0,2581.0,0.252,81505.0,1
B0021,structural_decline,34,13816.0,10889.0,2581.0,0.252,81505.0,1
B0021,structural_decline,35,13662.0,11243.0,2581.0,0.252,81505.0,0
B0021,structural_decline,36,12984.0,10937.0,2581.0,0.252,81505.0,0
B0022,stable,0,15980.0,11062.0,1991.0,0.186,82667.0,1
B0022,stable,1,16345.0,11692.0,1991.0,0.186,82667.0,1
B0022,stable,2,16299.0,11467.0,1991.0,0.186,82667.0,1
B0022,stable,3,15946.0,11183.0,1991.0,0.186,82667.0,1
B0022,stable,4,16040.0,11018.0,1991.0,0.186,82667.0,1
B0022,stable,5,15987.0,11483.0,1991.0,0.186,82667.0,1
B0022,stable,6,15881.0,11662.0,1991.0,0.186,82667.0,1
B0022,stable,7,16021.0,11539.0,1991.0,0.186,82667.0,1
B0022,stable,8,16340.0,11527.0,1991.0,0.186,82667.0,1
B0022,stable,9,16349.0,11346.0,1991.0,0.186,82667.0,1
B0022,stable,10,16393.0,11560.0,1991.0,0.186,82667.0,1
B0022,stable,11,16466.0,11604.0,1991.0,0.186,82667.0,1
B0022,stable,12,16448.0,11489.0,1991.0,0.186,82667.0,1
B0022,stable,13,16606.0,10767.0,1991.0,0.186,82667.0,1
B0022,stable,14,16761.0,10738.0,1991.0,0.186,82667.0,1
B0022,stable,15,16848.0,11207.0,1991.0,0.186,82667.0,1
B0022,stable,16,17192.0,11138.0,1991.0,0.186,82667.0,1
B0022,stable,17,17370.0,10869.0,1991.0,0.186,82667.0,1
B0022,stable,18,17146.0,11067.0,1991.0,0.186,82667.0,1
B0022,stable,19,16913.0,11361.0,1991.0,0.186,82667.0,1
B0022,stable,20,16964.0,11421.0,1991.0,0.186,82667.0,1
B0022,stable,21,17190.0,11242.0,1991.0,0.186,82667.0,1
B0022,stable,22,16807.0,11189.0,1991.0,0.186,82667.0,1
B0022,stable,23,16455.0,11253.0,1991.0,0.186,82667.0,1
B0022,stable,24,16356.0,11348.0,1991.0,0.186,82667.0,1
B0022,stable,25,16576.0,11619.0,1991.0,0.186,82667.0,1
B0022,stable,26,16927.0,11293.0,1991.0,0.186,82667.0,1
B0022,stable,27,17020.0,11232.0,1991.0,0.186,82667.0,1
B0022,stable,28,16889.0,11386.0,1991.0,0.186,82667.0,1
B0022,stable,29,16808.0,11646.0,1991.0,0.186,82667.0,1
B0022,stable,30,17089.0,11423.0,1991.0,0.186,82667.0,1
B0022,stable,31,17209.0,11536.0,1991.0,0.186,82667.0,1
B0022,stable,32,17470.0,11434.0,1991.0,0.186,82667.0,1
B0023,stable,0,11002.0,7902.0,2308.0,0.131,36551.0,1
B0023,stable,1,10802.0,7982.0,2308.0,0.131,36551.0,1
B0023,stable,2,10978.0,8023.0,2308.0,0.131,36551.0,1
B0023,stable,3,10850.0,7753.0,2308.0,0.131,36551.0,1
B0023,stable,4,10731.0,7707.0,2308.0,0.131,36551.0,1
B0023,stable,5,10806.0,7851.0,2308.0,0.131,36551.0,1
B0023,stable,6,10858.0,7624.0,2308.0,0.131,36551.0,1
B0023,stable,7,11109.0,7569.0,2308.0,0.131,36551.0,1
B0023,stable,8,11181.0,7610.0,2308.0,0.131,36551.0,1
B0023,stable,9,11229.0,7628.0,2308.0,0.131,36551.0,1
B0023,stable,10,11216.0,7955.0,2308.0,0.131,36551.0,1
B0023,stable,11,11320.0,7824.0,2308.0,0.131,36551.0,1
B0023,stable,12,11430.0,7270.0,2308.0,0.131,36551.0,1
B0023,stable,13,11512.0,7164.0,2308.0,0.131,36551.0,1
B0023,stable,14,11411.0,7446.0,2308.0,0.131,36551.0,1
B0023,stable,15,11694.0,7700.0,2308.0,0.131,36551.0,1
B0023,stable,16,11994.0,7811.0,2308.0,0.131,36551.0,1
B0023,stable,17,12102.0,7862.0,2308.0,0.131,36551.0,1
B0023,stable,18,11978.0,7640.0,2308.0,0.131,36551.0,1
B0023,stable,19,11739.0,7438.0,2308.0,0.131,36551.0,1
B0023,stable,20,11500.0,7519.0,2308.0,0.131,36551.0,1
B0023,stable,21,11504.0,7369.0,2308.0,0.131,36551.0,1
B0023,stable,22,11295.0,7305.0,2308.0,0.131,36551.0,1
B0023,stable,23,11310.0,7250.0,2308.0,0.131,36551.0,1
B0023,stable,24,11393.0,7354.0,2308.0,0.131,36551.0,1
B0023,stable,25,11438.0,7458.0,2308.0,0.131,36551.0,1
B0023,stable,26,11533.0,7629.0,2308.0,0.131,36551.0,1
B0023,stable,27,11428.0,7944.0,2308.0,0.131,36551.0,1
B0023,stable,28,11348.0,7838.0,2308.0,0.131,36551.0,1
B0023,stable,29,11475.0,7802.0,2308.0,0.131,36551.0,1
B0023,stable,30,11652.0,7882.0,2308.0,0.131,36551.0,1
B0023,stable,31,11880.0,7986.0,2308.0,0.131,36551.0,1
B0023,stable,32,11787.0,7756.0,2308.0,0.131,36551.0,1
B0023,stable,33,11973.0,7819.0,2308.0,0.131,36551.0,1
B0023,stable,34,12217.0,7694.0,2308.0,0.131,36551.0,1
B0023,stable,35,12172.0,7759.0,2308.0,0.131,36551.0,1
B0023,stable,36,12289.0,7796.0,2308.0,0.131,36551.0,1
B0023,stable,37,12298.0,7573.0,2308.0,0.131,36551.0,1
B0023,stable,38,12159.0,7638.0,2308.0,0.131,36551.0,1
B0023,stable,39,11998.0,7764.0,2308.0,0.131,36551.0,1
B0023,stable,40,12093.0,7807.0,2308.0,0.131,36551.0,1
B0023,stable,41,12033.0,7692.0,2308.0,0.131,36551.0,1
B0024,temporary_stress,0,18055.0,10525.0,4241.0,0.167,63831.0,1
B0024,temporary_stress,1,18488.0,10393.0,4241.0,0.167,63831.0,1
B0024,temporary_stress,2,18988.0,10102.0,4241.0,0.167,63831.0,1
B0024,temporary_stress,3,19042.0,10233.0,4241.0,0.167,63831.0,1
B0024,temporary_stress,4,19086.0,10498.0,4241.0,0.167,63831.0,1
B0024,temporary_stress,5,18769.0,10504.0,4241.0,0.167,63831.0,1
B0024,temporary_stress,6,18277.0,10603.0,4241.0,0.167,63831.0,1
B0024,temporary_stress,7,18485.0,10518.0,4241.0,0.167,63831.0,1
B0024,temporary_stress,8,18483.0,10115.0,4241.0,0.167,63831.0,1
B0024,temporary_stress,9,18592.0,10472.0,4241.0,0.167,63831.0,1
B0024,temporary_stress,10,18685.0,10139.0,4241.0,0.167,63831.0,1
B0024,temporary_stress,11,18692.0,10302.0,4241.0,0.167,63831.0,1
B0024,temporary_stress,12,18843.0,10425.0,4241.0,0.167,63831.0,1
B0024,temporary_stress,13,19086.0,10365.0,4241.0,0.167,63831.0,1
B0024,temporary_stress,14,9729.0,10331.0,4241.0,0.167,63831.0,0
B0024,temporary_stress,15,9761.0,10148.0,4241.0,0.167,63831.0,0
B0024,temporary_stress,16,9746.0,10071.0,4241.0,0.167,63831.0,0
B0024,temporary_stress,17,9605.0,10185.0,4241.0,0.167,63831.0,0
B0024,temporary_stress,18,10183.0,10201.0,4241.0,0.167,63831.0,0
B0024,temporary_stress,19,11391.0,10086.0,4241.0,0.167,63831.0,0
B0024,temporary_stress,20,12257.0,10138.0,4241.0,0.167,63831.0,0
B0024,temporary_stress,21,13359.0,9965.0,4241.0,0.167,63831.0,0
B0024,temporary_stress,22,14536.0,9960.0,4241.0,0.167,63831.0,1
B0024,temporary_stress,23,16095.0,10105.0,4241.0,0.167,63831.0,1
B0024,temporary_stress,24,17669.0,10231.0,4241.0,0.167,63831.0,1
B0024,temporary_stress,25,18542.0,10182.0,4241.0,0.167,63831.0,1
B0024,temporary_stress,26,18908.0,10386.0,4241.0,0.167,63831.0,1
B0024,temporary_stress,27,19003.0,10575.0,4241.0,0.167,63831.0,1
B0024,temporary_stress,28,18461.0,10370.0,4241.0,0.167,63831.0,1
B0024,temporary_stress,29,18556.0,10446.0,4241.0,0.167,63831.0,1
B0024,temporary_stress,30,18859.0,10180.0,4241.0,0.167,63831.0,1
B0024,temporary_stress,31,18746.0,10450.0,4241.0,0.167,63831.0,1
B0025,stable,0,12222.0,6429.0,1503.0,0.21,54487.0,1
B0025,stable,1,12612.0,6643.0,1503.0,0.21,54487.0,1
B0025,stable,2,12739.0,6570.0,1503.0,0.21,54487.0,1
B0025,stable,3,12784.0,6342.0,1503.0,0.21,54487.0,1
B0025,stable,4,12867.0,6296.0,1503.0,0.21,54487.0,1
B0025,stable,5,13163.0,6410.0,1503.0,0.21,54487.0,1
B0025,stable,6,13167.0,6253.0,1503.0,0.21,54487.0,1
B0025,stable,7,13098.0,6076.0,1503.0,0.21,54487.0,1
B0025,stable,8,13033.0,6103.0,1503.0,0.21,54487.0,1
B0025,stable,9,13164.0,6299.0,1503.0,0.21,54487.0,1
B0025,stable,10,13230.0,6117.0,1503.0,0.21,54487.0,1
B0025,stable,11,13468.0,6152.0,1503.0,0.21,54487.0,1
B0025,stable,12,13335.0,6429.0,1503.0,0.21,54487.0,1
B0025,stable,13,13107.0,6450.0,1503.0,0.21,54487.0,1
B0025,stable,14,13115.0,6229.0,1503.0,0.21,54487.0,1
B0025,stable,15,13206.0,6302.0,1503.0,0.21,54487.0,1
B0025,stable,16,12996.0,6524.0,1503.0,0.21,54487.0,1
B0025,stable,17,12917.0,6482.0,1503.0,0.21,54487.0,1
B0025,stable,18,13037.0,6402.0,1503.0,0.21,54487.0,1
B0025,stable,19,12907.0,6484.0,1503.0,0.21,54487.0,1
B0025,stable,20,12849.0,6501.0,1503.0,0.21,54487.0,1
B0025,stable,21,12726.0,6327.0,1503.0,0.21,54487.0,1
B0025,stable,22,12777.0,6380.0,1503.0,0.21,54487.0,1
B0025,stable,23,12985.0,6716.0,1503.0,0.21,54487.0,1
B0025,stable,24,13034.0,6870.0,1503.0,0.21,54487.0,1
B0025,stable,25,13135.0,6735.0,1503.0,0.21,54487.0,1
B0025,stable,26,13202.0,6522.0,1503.0,0.21,54487.0,1
B0025,stable,27,13277.0,6432.0,1503.0,0.21,54487.0,1
B0025,stable,28,13276.0,6547.0,1503.0,0.21,54487.0,1
B0025,stable,29,13270.0,6714.0,1503.0,0.21,54487.0,1
B0025,stable,30,13516.0,6713.0,1503.0,0.21,54487.0,1
B0025,stable,31,13351.0,6531.0,1503.0,0.21,54487.0,1
B0026,stable,0,17760.0,11489.0,3958.0,0.123,75824.0,1
B0026,stable,1,17583.0,11524.0,3958.0,0.123,75824.0,1
B0026,stable,2,17302.0,11210.0,3958.0,0.123,75824.0,1
B0026,stable,3,16965.0,10980.0,3958.0,0.123,75824.0,1
B0026,stable,4,16655.0,10701.0,3958.0,0.123,75824.0,1
B0026,stable,5,16802.0,10780.0,3958.0,0.123,75824.0,1
B0026,stable,6,17134.0,11067.0,3958.0,0.123,75824.0,1
B0026,stable,7,17435.0,10984.0,3958.0,0.123,75824.0,1
B0026,stable,8,17584.0,11123.0,3958.0,0.123,75824.0,1
B0026,stable,9,17725.0,10669.0,3958.0,0.123,75824.0,1
B0026,stable,10,17453.0,10674.0,3958.0,0.123,75824.0,1
B0026,stable,11,17494.0,10710.0,3958.0,0.123,75824.0,1
B0026,stable,12,18128.0,10632.0,3958.0,0.123,75824.0,1
B0026,stable,13,18518.0,10698.0,3958.0,0.123,75824.0,1
B0026,stable,14,18308.0,10798.0,3958.0,0.123,75824.0,1
B0026,stable,15,18180.0,10893.0,3958.0,0.123,75824.0,1
B0026,stable,16,18433.0,10976.0,3958.0,0.123,75824.0,1
B0026,stable,17,18403.0,11357.0,3958.0,0.123,75824.0,1
B0026,stable,18,17893.0,11679.0,3958.0,0.123,75824.0,1
B0026,stable,19,17870.0,11398.0,3958.0,0.123,75824.0,1
B0026,stable,20,18016.0,11112.0,3958.0,0.123,75824.0,1
B0026,stable,21,17770.0,10830.0,3958.0,0.123,75824.0,1
B0026,stable,22,17451.0,10764.0,3958.0,0.123,75824.0,1
B0026,stable,23,17368.0,10722.0,3958.0,0.123,75824.0,1
B0026,stable,24,17213.0,11005.0,3958.0,0.123,75824.0,1
B0026,stable,25,17181.0,10895.0,3958.0,0.123,75824.0,1
B0026,stable,26,17423.0,11139.0,3958.0,0.123,75824.0,1
B0026,stable,27,17390.0,11056.0,3958.0,0.123,75824.0,1
B0026,stable,28,17579.0,11206.0,3958.0,0.123,75824.0,1
B0026,stable,29,17727.0,11127.0,3958.0,0.123,75824.0,1
B0026,stable,30,18043.0,10641.0,3958.0,0.123,75824.0,1
B0026,stable,31,18137.0,10771.0,3958.0,0.123,75824.0,1
B0026,stable,32,18158.0,11102.0,3958.0,0.123,75824.0,1
B0026,stable,33,18137.0,11209.0,3958.0,0.123,75824.0,1
B0026,stable,34,18435.0,11170.0,3958.0,0.123,75824.0,1
B0026,stable,35,18452.0,10898.0,3958.0,0.123,75824.0,1
B0027,stable,0,14153.0,9801.0,3335.0,0.135,52588.0,1
B0027,stable,1,14065.0,10361.0,3335.0,0.135,52588.0,1
B0027,stable,2,13793.0,10462.0,3335.0,0.135,52588.0,0
B0027,stable,3,13665.0,10801.0,3335.0,0.135,52588.0,0
B0027,stable,4,13635.0,10832.0,3335.0,0.135,52588.0,0
B0027,stable,5,14061.0,10477.0,3335.0,0.135,52588.0,1
B0027,stable,6,14265.0,10272.0,3335.0,0.135,52588.0,1
B0027,stable,7,14183.0,10054.0,3335.0,0.135,52588.0,1
B0027,stable,8,14282.0,9798.0,3335.0,0.135,52588.0,1
B0027,stable,9,14551.0,10103.0,3335.0,0.135,52588.0,1
B0027,stable,10,14928.0,10256.0,3335.0,0.135,52588.0,1
B0027,stable,11,15023.0,10147.0,3335.0,0.135,52588.0,1
B0027,stable,12,15021.0,10092.0,3335.0,0.135,52588.0,1
B0027,stable,13,14843.0,10215.0,3335.0,0.135,52588.0,1
B0027,stable,14,14804.0,10223.0,3335.0,0.135,52588.0,1
B0027,stable,15,14851.0,10199.0,3335.0,0.135,52588.0,1
B0027,stable,16,14545.0,10168.0,3335.0,0.135,52588.0,1
B0027,stable,17,14564.0,10577.0,3335.0,0.135,52588.0,1
B0027,stable,18,14408.0,10416.0,3335.0,0.135,52588.0,1
B0027,stable,19,14533.0,10103.0,3335.0,0.135,52588.0,1
B0027,stable,20,14445.0,9890.0,3335.0,0.135,52588.0,1
B0027,stable,21,14213.0,9919.0,3335.0,0.135,52588.0,1
B0027,stable,22,14213.0,10188.0,3335.0,0.135,52588.0,1
B0027,stable,23,14071.0,10092.0,3335.0,0.135,52588.0,1
B0027,stable,24,14087.0,10137.0,3335.0,0.135,52588.0,1
B0027,stable,25,14247.0,10193.0,3335.0,0.135,52588.0,1
B0027,stable,26,14415.0,10092.0,3335.0,0.135,52588.0,1
B0027,stable,27,14851.0,10068.0,3335.0,0.135,52588.0,1
B0027,stable,28,15143.0,9763.0,3335.0,0.135,52588.0,1
B0027,stable,29,15001.0,9764.0,3335.0,0.135,52588.0,1
B0027,stable,30,15049.0,9759.0,3335.0,0.135,52588.0,1
B0027,stable,31,15211.0,10047.0,3335.0,0.135,52588.0,1
B0027,stable,32,15189.0,10341.0,3335.0,0.135,52588.0,1
B0027,stable,33,15164.0,10657.0,3335.0,0.135,52588.0,1
B0027,stable,34,14822.0,10286.0,3335.0,0.135,52588.0,1
B0028,stable,0,15287.0,8681.0,3060.0,0.141,44105.0,1
B0028,stable,1,15378.0,8812.0,3060.0,0.141,44105.0,1
B0028,stable,2,15381.0,8885.0,3060.0,0.141,44105.0,1
B0028,stable,3,15314.0,8894.0,3060.0,0.141,44105.0,1
B0028,stable,4,15253.0,8572.0,3060.0,0.141,44105.0,1
B0028,stable,5,15360.0,8459.0,3060.0,0.141,44105.0,1
B0028,stable,6,15161.0,8598.0,3060.0,0.141,44105.0,1
B0028,stable,7,15148.0,8895.0,3060.0,0.141,44105.0,1
B0028,stable,8,15324.0,8837.0,3060.0,0.141,44105.0,1
B0028,stable,9,15261.0,8446.0,3060.0,0.141,44105.0,1
B0028,stable,10,15244.0,8525.0,3060.0,0.141,44105.0,1
B0028,stable,11,15377.0,8487.0,3060.0,0.141,44105.0,1
B0028,stable,12,15756.0,8442.0,3060.0,0.141,44105.0,1
B0028,stable,13,16130.0,8629.0,3060.0,0.141,44105.0,1
B0028,stable,14,16242.0,8821.0,3060.0,0.141,44105.0,1
B0028,stable,15,16224.0,8606.0,3060.0,0.141,44105.0,1
B0028,stable,16,16145.0,8334.0,3060.0,0.141,44105.0,1
B0028,stable,17,16035.0,8313.0,3060.0,0.141,44105.0,1
B0028,stable,18,15974.0,8499.0,3060.0,0.141,44105.0,1
B0028,stable,19,15815.0,8589.0,3060.0,0.141,44105.0,1
B0028,stable,20,15943.0,8765.0,3060.0,0.141,44105.0,1
B0028,stable,21,15908.0,8820.0,3060.0,0.141,44105.0,1
B0028,stable,22,15565.0,8678.0,3060.0,0.141,44105.0,1
B0028,stable,23,15617.0,8765.0,3060.0,0.141,44105.0,1
B0028,stable,24,15193.0,8983.0,3060.0,0.141,44105.0,1
B0028,stable,25,15162.0,8875.0,3060.0,0.141,44105.0,1
B0028,stable,26,15191.0,8448.0,3060.0,0.141,44105.0,1
B0028,stable,27,15274.0,8244.0,3060.0,0.141,44105.0,1
B0028,stable,28,15501.0,8217.0,3060.0,0.141,44105.0,1
B0028,stable,29,15757.0,8292.0,3060.0,0.141,44105.0,1
B0028,stable,30,15585.0,8567.0,3060.0,0.141,44105.0,1
B0028,stable,31,15610.0,8518.0,3060.0,0.141,44105.0,1
B0028,stable,32,15790.0,8677.0,3060.0,0.141,44105.0,1
B0028,stable,33,15952.0,8620.0,3060.0,0.141,44105.0,1
B0028,stable,34,16012.0,8818.0,3060.0,0.141,44105.0,1
B0028,stable,35,16055.0,8820.0,3060.0,0.141,44105.0,1
B0028,stable,36,16313.0,8710.0,3060.0,0.141,44105.0,1
B0028,stable,37,16407.0,8605.0,3060.0,0.141,44105.0,1
B0028,stable,38,16563.0,8211.0,3060.0,0.141,44105.0,1
B0028,stable,39,16439.0,7983.0,3060.0,0.141,44105.0,1
B0028,stable,40,16053.0,8289.0,3060.0,0.141,44105.0,1
B0028,stable,41,16327.0,8555.0,3060.0,0.141,44105.0,1
B0029,temporary_stress,0,13106.0,7883.0,2615.0,0.138,52582.0,1
B0029,temporary_stress,1,13458.0,7985.0,2615.0,0.138,52582.0,1
B0029,temporary_stress,2,13554.0,7680.0,2615.0,0.138,52582.0,1
B0029,temporary_stress,3,13576.0,7548.0,2615.0,0.138,52582.0,1
B0029,temporary_stress,4,13452.0,7624.0,2615.0,0.138,52582.0,1
B0029,temporary_stress,5,13492.0,7790.0,2615.0,0.138,52582.0,1
B0029,temporary_stress,6,13779.0,7662.0,2615.0,0.138,52582.0,1
B0029,temporary_stress,7,13591.0,7328.0,2615.0,0.138,52582.0,1
B0029,temporary_stress,8,13625.0,7283.0,2615.0,0.138,52582.0,1
B0029,temporary_stress,9,13686.0,7458.0,2615.0,0.138,52582.0,1
B0029,temporary_stress,10,13681.0,7519.0,2615.0,0.138,52582.0,1
B0029,temporary_stress,11,13603.0,7507.0,2615.0,0.138,52582.0,1
B0029,temporary_stress,12,13395.0,7466.0,2615.0,0.138,52582.0,1
B0029,temporary_stress,13,13148.0,7389.0,2615.0,0.138,52582.0,1
B0029,temporary_stress,14,13197.0,7473.0,2615.0,0.138,52582.0,1
B0029,temporary_stress,15,13280.0,7440.0,2615.0,0.138,52582.0,1
B0029,temporary_stress,16,13372.0,7191.0,2615.0,0.138,52582.0,1
B0029,temporary_stress,17,13443.0,7142.0,2615.0,0.138,52582.0,1
B0029,temporary_stress,18,13615.0,7335.0,2615.0,0.138,52582.0,1
B0029,temporary_stress,19,13601.0,7277.0,2615.0,0.138,52582.0,1
B0029,temporary_stress,20,5775.0,7218.0,2615.0,0.138,52582.0,0
B0029,temporary_stress,21,5860.0,7513.0,2615.0,0.138,52582.0,0
B0029,temporary_stress,22,5920.0,7648.0,2615.0,0.138,52582.0,0
B0029,temporary_stress,23,5925.0,7730.0,2615.0,0.138,52582.0,0
B0029,temporary_stress,24,5989.0,7583.0,2615.0,0.138,52582.0,0
B0029,temporary_stress,25,8069.0,7467.0,2615.0,0.138,52582.0,0
B0029,temporary_stress,26,9258.0,7400.0,2615.0,0.138,52582.0,0
B0029,temporary_stress,27,10523.0,7744.0,2615.0,0.138,52582.0,1
B0029,temporary_stress,28,11945.0,7793.0,2615.0,0.138,52582.0,1
B0029,temporary_stress,29,13288.0,7739.0,2615.0,0.138,52582.0,1
B0029,temporary_stress,30,13145.0,7581.0,2615.0,0.138,52582.0,1
B0029,temporary_stress,31,12953.0,7566.0,2615.0,0.138,52582.0,1
B0029,temporary_stress,32,13234.0,7570.0,2615.0,0.138,52582.0,1
B0029,temporary_stress,33,13449.0,7403.0,2615.0,0.138,52582.0,1
B0029,temporary_stress,34,13367.0,7472.0,2615.0,0.138,52582.0,1
B0029,temporary_stress,35,13545.0,7888.0,2615.0,0.138,52582.0,1
B0030,structural_decline,0,10999.0,6280.0,2453.0,0.174,52452.0,1
B0030,structural_decline,1,11103.0,6283.0,2453.0,0.174,52452.0,1
B0030,structural_decline,2,11152.0,6015.0,2453.0,0.174,52452.0,1
B0030,structural_decline,3,10943.0,5911.0,2453.0,0.174,52452.0,1
B0030,structural_decline,4,10916.0,6135.0,2453.0,0.174,52452.0,1
B0030,structural_decline,5,11014.0,5921.0,2453.0,0.174,52452.0,1
B0030,structural_decline,6,11007.0,5839.0,2453.0,0.174,52452.0,1
B0030,structural_decline,7,11079.0,5918.0,2453.0,0.174,52452.0,1
B0030,structural_decline,8,10942.0,6057.0,2453.0,0.174,52452.0,1
B0030,structural_decline,9,10811.0,6066.0,2453.0,0.174,52452.0,1
B0030,structural_decline,10,10817.0,6004.0,2453.0,0.174,52452.0,1
B0030,structural_decline,11,10782.0,5885.0,2453.0,0.174,52452.0,1
B0030,structural_decline,12,10911.0,5897.0,2453.0,0.174,52452.0,1
B0030,structural_decline,13,10879.0,6063.0,2453.0,0.174,52452.0,1
B0030,structural_decline,14,10688.0,6096.0,2453.0,0.174,52452.0,1
B0030,structural_decline,15,10438.0,5882.0,2453.0,0.174,52452.0,1
B0030,structural_decline,16,10155.0,6073.0,2453.0,0.174,52452.0,1
B0030,structural_decline,17,10022.0,6145.0,2453.0,0.174,52452.0,1
B0030,structural_decline,18,9944.0,6056.0,2453.0,0.174,52452.0,1
B0030,structural_decline,19,9947.0,5925.0,2453.0,0.174,52452.0,1
B0030,structural_decline,20,9937.0,6000.0,2453.0,0.174,52452.0,1
B0030,structural_decline,21,9582.0,6045.0,2453.0,0.174,52452.0,1
B0030,structural_decline,22,9415.0,6021.0,2453.0,0.174,52452.0,1
B0030,structural_decline,23,9114.0,6155.0,2453.0,0.174,52452.0,1
B0030,structural_decline,24,8881.0,6120.0,2453.0,0.174,52452.0,1
B0030,structural_decline,25,8691.0,6187.0,2453.0,0.174,52452.0,1
B0030,structural_decline,26,8694.0,5897.0,2453.0,0.174,52452.0,1
B0030,structural_decline,27,8730.0,5763.0,2453.0,0.174,52452.0,1
B0030,structural_decline,28,8587.0,5811.0,2453.0,0.174,52452.0,1
B0030,structural_decline,29,8478.0,6048.0,2453.0,0.174,52452.0,0
B0030,structural_decline,30,8227.0,5943.0,2453.0,0.174,52452.0,0
B0031,temporary_stress,0,12111.0,6859.0,2296.0,0.289,51315.0,1
B0031,temporary_stress,1,12078.0,7415.0,2296.0,0.289,51315.0,1
B0031,temporary_stress,2,12185.0,7355.0,2296.0,0.289,51315.0,1
B0031,temporary_stress,3,12140.0,7259.0,2296.0,0.289,51315.0,1
B0031,temporary_stress,4,11953.0,7204.0,2296.0,0.289,51315.0,1
B0031,temporary_stress,5,11817.0,7126.0,2296.0,0.289,51315.0,1
B0031,temporary_stress,6,11817.0,6975.0,2296.0,0.289,51315.0,1
B0031,temporary_stress,7,12049.0,7135.0,2296.0,0.289,51315.0,1
B0031,temporary_stress,8,12210.0,7177.0,2296.0,0.289,51315.0,1
B0031,temporary_stress,9,12294.0,7089.0,2296.0,0.289,51315.0,1
B0031,temporary_stress,10,12314.0,7136.0,2296.0,0.289,51315.0,1
B0031,temporary_stress,11,12334.0,7134.0,2296.0,0.289,51315.0,1
B0031,temporary_stress,12,6353.0,6919.0,2296.0,0.289,51315.0,0
B0031,temporary_stress,13,6286.0,6778.0,2296.0,0.289,51315.0,0
B0031,temporary_stress,14,6324.0,7022.0,2296.0,0.289,51315.0,0
B0031,temporary_stress,15,6273.0,7072.0,2296.0,0.289,51315.0,0
B0031,temporary_stress,16,6193.0,6816.0,2296.0,0.289,51315.0,0
B0031,temporary_stress,17,6203.0,6975.0,2296.0,0.289,51315.0,0
B0031,temporary_stress,18,7999.0,6974.0,2296.0,0.289,51315.0,0
B0031,temporary_stress,19,8874.0,6995.0,2296.0,0.289,51315.0,0
B0031,temporary_stress,20,9513.0,6961.0,2296.0,0.289,51315.0,1
B0031,temporary_stress,21,10060.0,6773.0,2296.0,0.289,51315.0,1
B0031,temporary_stress,22,11056.0,6926.0,2296.0,0.289,51315.0,1
B0031,temporary_stress,23,11862.0,7135.0,2296.0,0.289,51315.0,1
B0031,temporary_stress,24,12226.0,7223.0,2296.0,0.289,51315.0,1
B0031,temporary_stress,25,12238.0,7097.0,2296.0,0.289,51315.0,1
B0031,temporary_stress,26,12271.0,6883.0,2296.0,0.289,51315.0,1
B0031,temporary_stress,27,12409.0,6960.0,2296.0,0.289,51315.0,1
B0031,temporary_stress,28,12355.0,6985.0,2296.0,0.289,51315.0,1
B0031,temporary_stress,29,12355.0,7077.0,2296.0,0.289,51315.0,1
B0031,temporary_stress,30,12395.0,7139.0,2296.0,0.289,51315.0,1
B0031,temporary_stress,31,12458.0,6925.0,2296.0,0.289,51315.0,1
B0031,temporary_stress,32,12444.0,7092.0,2296.0,0.289,51315.0,1
B0032,stable,0,15735.0,8216.0,2838.0,0.201,80964.0,1
B0032,stable,1,16454.0,7848.0,2838.0,0.201,80964.0,1
B0032,stable,2,16590.0,7698.0,2838.0,0.201,80964.0,1
B0032,stable,3,16783.0,7884.0,2838.0,0.201,80964.0,1
B0032,stable,4,17073.0,8232.0,2838.0,0.201,80964.0,1
B0032,stable,5,16886.0,8294.0,2838.0,0.201,80964.0,1
B0032,stable,6,17340.0,8386.0,2838.0,0.201,80964.0,1
B0032,stable,7,17458.0,8605.0,2838.0,0.201,80964.0,1
B0032,stable,8,17094.0,8549.0,2838.0,0.201,80964.0,1
B0032,stable,9,17304.0,8584.0,2838.0,0.201,80964.0,1
B0032,stable,10,17260.0,8464.0,2838.0,0.201,80964.0,1
B0032,stable,11,17025.0,8584.0,2838.0,0.201,80964.0,1
B0032,stable,12,16990.0,8770.0,2838.0,0.201,80964.0,1
B0032,stable,13,17294.0,8765.0,2838.0,0.201,80964.0,1
B0032,stable,14,17275.0,8356.0,2838.0,0.201,80964.0,1
B0032,stable,15,16820.0,8146.0,2838.0,0.201,80964.0,1
B0032,stable,16,16779.0,8420.0,2838.0,0.201,80964.0,1
B0032,stable,17,17209.0,8773.0,2838.0,0.201,80964.0,1
B0032,stable,18,17403.0,8830.0,2838.0,0.201,80964.0,1
B0032,stable,19,16846.0,8614.0,2838.0,0.201,80964.0,1
B0032,stable,20,16754.0,8663.0,2838.0,0.201,80964.0,1
B0032,stable,21,16976.0,8830.0,2838.0,0.201,80964.0,1
B0032,stable,22,17314.0,8683.0,2838.0,0.201,80964.0,1
B0032,stable,23,17788.0,8706.0,2838.0,0.201,80964.0,1
B0032,stable,24,17901.0,8710.0,2838.0,0.201,80964.0,1
B0032,stable,25,18453.0,8467.0,2838.0,0.201,80964.0,1
B0032,stable,26,18496.0,8471.0,2838.0,0.201,80964.0,1
B0032,stable,27,18570.0,8840.0,2838.0,0.201,80964.0,1
B0032,stable,28,18480.0,8431.0,2838.0,0.201,80964.0,1
B0032,stable,29,18111.0,8182.0,2838.0,0.201,80964.0,1
B0032,stable,30,18062.0,8301.0,2838.0,0.201,80964.0,1
B0032,stable,31,18475.0,8408.0,2838.0,0.201,80964.0,1
B0032,stable,32,18553.0,8394.0,2838.0,0.201,80964.0,1
B0032,stable,33,18291.0,8316.0,2838.0,0.201,80964.0,1
B0032,stable,34,18067.0,8479.0,2838.0,0.201,80964.0,1
B0032,stable,35,17990.0,8607.0,2838.0,0.201,80964.0,1
B0032,stable,36,17866.0,8320.0,2838.0,0.201,80964.0,1
B0032,stable,37,17642.0,8336.0,2838.0,0.201,80964.0,1
B0032,stable,38,17843.0,8454.0,2838.0,0.201,80964.0,1
B0032,stable,39,17999.0,8105.0,2838.0,0.201,80964.0,1
B0033,temporary_stress,0,12573.0,7066.0,1613.0,0.201,63694.0,1
B0033,temporary_stress,1,12603.0,7114.0,1613.0,0.201,63694.0,1
B0033,temporary_stress,2,12793.0,7276.0,1613.0,0.201,63694.0,1
B0033,temporary_stress,3,13123.0,7154.0,1613.0,0.201,63694.0,1
B0033,temporary_stress,4,13147.0,7164.0,1613.0,0.201,63694.0,1
B0033,temporary_stress,5,13128.0,7300.0,1613.0,0.201,63694.0,1
B0033,temporary_stress,6,13141.0,7389.0,1613.0,0.201,63694.0,1
B0033,temporary_stress,7,13064.0,7241.0,1613.0,0.201,63694.0,1
B0033,temporary_stress,8,13038.0,6835.0,1613.0,0.201,63694.0,1
B0033,temporary_stress,9,13103.0,6810.0,1613.0,0.201,63694.0,1
B0033,temporary_stress,10,12757.0,7046.0,1613.0,0.201,63694.0,1
B0033,temporary_stress,11,12319.0,7128.0,1613.0,0.201,63694.0,1
B0033,temporary_stress,12,12623.0,7139.0,1613.0,0.201,63694.0,1
B0033,temporary_stress,13,12825.0,7293.0,1613.0,0.201,63694.0,1
B0033,temporary_stress,14,12768.0,7302.0,1613.0,0.201,63694.0,1
B0033,temporary_stress,15,12637.0,7088.0,1613.0,0.201,63694.0,1
B0033,temporary_stress,16,8186.0,7104.0,1613.0,0.201,63694.0,0
B0033,temporary_stress,17,8350.0,7261.0,1613.0,0.201,63694.0,0
B0033,temporary_stress,18,8500.0,7197.0,1613.0,0.201,63694.0,0
B0033,temporary_stress,19,8490.0,6902.0,1613.0,0.201,63694.0,0
B0033,temporary_stress,20,9467.0,6758.0,1613.0,0.201,63694.0,1
B0033,temporary_stress,21,10130.0,6781.0,1613.0,0.201,63694.0,1
B0033,temporary_stress,22,10773.0,7020.0,1613.0,0.201,63694.0,1
B0033,temporary_stress,23,11268.0,7035.0,1613.0,0.201,63694.0,1
B0033,temporary_stress,24,11763.0,6963.0,1613.0,0.201,63694.0,1
B0033,temporary_stress,25,11803.0,6915.0,1613.0,0.201,63694.0,1
B0033,temporary_stress,26,12084.0,7036.0,1613.0,0.201,63694.0,1
B0033,temporary_stress,27,12802.0,6909.0,1613.0,0.201,63694.0,1
B0033,temporary_stress,28,12837.0,6930.0,1613.0,0.201,63694.0,1
B0033,temporary_stress,29,12559.0,7115.0,1613.0,0.201,63694.0,1
B0033,temporary_stress,30,12632.0,7255.0,1613.0,0.201,63694.0,1
B0033,temporary_stress,31,12780.0,7253.0,1613.0,0.201,63694.0,1
B0033,temporary_stress,32,12937.0,7277.0,1613.0,0.201,63694.0,1
B0033,temporary_stress,33,13210.0,7157.0,1613.0,0.201,63694.0,1
B0033,temporary_stress,34,13353.0,7047.0,1613.0,0.201,63694.0,1
B0033,temporary_stress,35,13057.0,6993.0,1613.0,0.201,63694.0,1
B0033,temporary_stress,36,12932.0,6936.0,1613.0,0.201,63694.0,1
B0033,temporary_stress,37,12887.0,7085.0,1613.0,0.201,63694.0,1
B0033,temporary_stress,38,13137.0,7287.0,1613.0,0.201,63694.0,1
B0034,temporary_stress,0,10533.0,6568.0,1745.0,0.189,37074.0,1
B0034,temporary_stress,1,10569.0,6907.0,1745.0,0.189,37074.0,1
B0034,temporary_stress,2,10697.0,6956.0,1745.0,0.189,37074.0,1
B0034,temporary_stress,3,10626.0,6665.0,1745.0,0.189,37074.0,1
B0034,temporary_stress,4,10660.0,6921.0,1745.0,0.189,37074.0,1
B0034,temporary_stress,5,10578.0,7039.0,1745.0,0.189,37074.0,1
B0034,temporary_stress,6,10645.0,6730.0,1745.0,0.189,37074.0,1
B0034,temporary_stress,7,10735.0,6764.0,1745.0,0.189,37074.0,1
B0034,temporary_stress,8,11030.0,6763.0,1745.0,0.189,37074.0,1
B0034,temporary_stress,9,11185.0,6690.0,1745.0,0.189,37074.0,1
B0034,temporary_stress,10,10954.0,6643.0,1745.0,0.189,37074.0,1
B0034,temporary_stress,11,10981.0,6591.0,1745.0,0.189,37074.0,1
B0034,temporary_stress,12,10957.0,6614.0,1745.0,0.189,37074.0,1
B0034,temporary_stress,13,11096.0,6714.0,1745.0,0.189,37074.0,1
B0034,temporary_stress,14,11125.0,6690.0,1745.0,0.189,37074.0,1
B0034,temporary_stress,15,10889.0,6522.0,1745.0,0.189,37074.0,1
B0034,temporary_stress,16,10865.0,6591.0,1745.0,0.189,37074.0,1
B0034,temporary_stress,17,10705.0,6782.0,1745.0,0.189,37074.0,1
B0034,temporary_stress,18,10557.0,6981.0,1745.0,0.189,37074.0,1
B0034,temporary_stress,19,10613.0,6987.0,1745.0,0.189,37074.0,1
B0034,temporary_stress,20,10787.0,6830.0,1745.0,0.189,37074.0,1
B0034,temporary_stress,21,6162.0,6735.0,1745.0,0.189,37074.0,0
B0034,temporary_stress,22,6143.0,6611.0,1745.0,0.189,37074.0,0
B0034,temporary_stress,23,6156.0,6679.0,1745.0,0.189,37074.0,0
B0034,temporary_stress,24,7287.0,6559.0,1745.0,0.189,37074.0,0
B0034,temporary_stress,25,8069.0,6658.0,1745.0,0.189,37074.0,0
B0034,temporary_stress,26,8823.0,6642.0,1745.0,0.189,37074.0,1
B0034,temporary_stress,27,9247.0,6738.0,1745.0,0.189,37074.0,1
B0034,temporary_stress,28,9721.0,6914.0,1745.0,0.189,37074.0,1
B0034,temporary_stress,29,10423.0,7031.0,1745.0,0.189,37074.0,1
B0034,temporary_stress,30,11068.0,7145.0,1745.0,0.189,37074.0,1
B0034,temporary_stress,31,10977.0,7010.0,1745.0,0.189,37074.0,1
B0034,temporary_stress,32,10711.0,6906.0,1745.0,0.189,37074.0,1
B0034,temporary_stress,33,10685.0,6920.0,1745.0,0.189,37074.0,1
B0034,temporary_stress,34,10644.0,6791.0,1745.0,0.189,37074.0,1
B0034,temporary_stress,35,10807.0,6968.0,1745.0,0.189,37074.0,1
B0034,temporary_stress,36,10819.0,6556.0,1745.0,0.189,37074.0,1
B0035,temporary_stress,0,15758.0,10287.0,1968.0,0.117,52469.0,1
B0035,temporary_stress,1,15667.0,10246.0,1968.0,0.117,52469.0,1
B0035,temporary_stress,2,15859.0,10376.0,1968.0,0.117,52469.0,1
B0035,temporary_stress,3,15976.0,10394.0,1968.0,0.117,52469.0,1
B0035,temporary_stress,4,15942.0,10094.0,1968.0,0.117,52469.0,1
B0035,temporary_stress,5,16222.0,10148.0,1968.0,0.117,52469.0,1
B0035,temporary_stress,6,16309.0,10209.0,1968.0,0.117,52469.0,1
B0035,temporary_stress,7,16310.0,10258.0,1968.0,0.117,52469.0,1
B0035,temporary_stress,8,9977.0,10107.0,1968.0,0.117,52469.0,0
B0035,temporary_stress,9,9896.0,9905.0,1968.0,0.117,52469.0,0
B0035,temporary_stress,10,9731.0,10299.0,1968.0,0.117,52469.0,0
B0035,temporary_stress,11,9675.0,10447.0,1968.0,0.117,52469.0,0
B0035,temporary_stress,12,9735.0,10125.0,1968.0,0.117,52469.0,0
B0035,temporary_stress,13,9760.0,10083.0,1968.0,0.117,52469.0,0
B0035,temporary_stress,14,11278.0,9998.0,1968.0,0.117,52469.0,0
B0035,temporary_stress,15,11788.0,10072.0,1968.0,0.117,52469.0,0
B0035,temporary_stress,16,12392.0,10120.0,1968.0,0.117,52469.0,1
B0035,temporary_stress,17,13008.0,10236.0,1968.0,0.117,52469.0,1
B0035,temporary_stress,18,13999.0,10056.0,1968.0,0.117,52469.0,1
B0035,temporary_stress,19,14914.0,10095.0,1968.0,0.117,52469.0,1
B0035,temporary_stress,20,15699.0,9911.0,1968.0,0.117,52469.0,1
B0035,temporary_stress,21,16268.0,9910.0,1968.0,0.117,52469.0,1
B0035,temporary_stress,22,16074.0,9953.0,1968.0,0.117,52469.0,1
B0035,temporary_stress,23,16125.0,9706.0,1968.0,0.117,52469.0,1
B0035,temporary_stress,24,16182.0,9887.0,1968.0,0.117,52469.0,1
B0035,temporary_stress,25,16347.0,10226.0,1968.0,0.117,52469.0,1
B0035,temporary_stress,26,16276.0,10010.0,1968.0,0.117,52469.0,1
B0035,temporary_stress,27,15747.0,9786.0,1968.0,0.117,52469.0,1
B0035,temporary_stress,28,15908.0,9857.0,1968.0,0.117,52469.0,1
B0035,temporary_stress,29,15937.0,10157.0,1968.0,0.117,52469.0,1
B0035,temporary_stress,30,15837.0,10153.0,1968.0,0.117,52469.0,1
B0036,stable,0,13835.0,7253.0,2480.0,0.178,50639.0,1
B0036,stable,1,13539.0,7307.0,2480.0,0.178,50639.0,1
B0036,stable,2,13781.0,7267.0,2480.0,0.178,50639.0,1
B0036,stable,3,13790.0,7134.0,2480.0,0.178,50639.0,1
B0036,stable,4,13476.0,7163.0,2480.0,0.178,50639.0,1
B0036,stable,5,13453.0,7272.0,2480.0,0.178,50639.0,1
B0036,stable,6,13407.0,7090.0,2480.0,0.178,50639.0,1
B0036,stable,7,13263.0,6789.0,2480.0,0.178,50639.0,1
B0036,stable,8,13227.0,6828.0,2480.0,0.178,50639.0,1
B0036,stable,9,13168.0,6781.0,2480.0,0.178,50639.0,1
B0036,stable,10,13283.0,6797.0,2480.0,0.178,50639.0,1
B0036,stable,11,13373.0,7159.0,2480.0,0.178,50639.0,1
B0036,stable,12,13588.0,7243.0,2480.0,0.178,50639.0,1
B0036,stable,13,13813.0,7020.0,2480.0,0.178,50639.0,1
B0036,stable,14,13689.0,7129.0,2480.0,0.178,50639.0,1
B0036,stable,15,13941.0,7410.0,2480.0,0.178,50639.0,1
B0036,stable,16,13993.0,7231.0,2480.0,0.178,50639.0,1
B0036,stable,17,13905.0,7177.0,2480.0,0.178,50639.0,1
B0036,stable,18,13792.0,7312.0,2480.0,0.178,50639.0,1
B0036,stable,19,14071.0,7463.0,2480.0,0.178,50639.0,1
B0036,stable,20,13907.0,7438.0,2480.0,0.178,50639.0,1
B0036,stable,21,13828.0,7396.0,2480.0,0.178,50639.0,1
B0036,stable,22,13873.0,7218.0,2480.0,0.178,50639.0,1
B0036,stable,23,13789.0,7352.0,2480.0,0.178,50639.0,1
B0036,stable,24,13728.0,7265.0,2480.0,0.178,50639.0,1
B0036,stable,25,13915.0,7174.0,2480.0,0.178,50639.0,1
B0036,stable,26,13917.0,7438.0,2480.0,0.178,50639.0,1
B0036,stable,27,13918.0,7679.0,2480.0,0.178,50639.0,1
B0036,stable,28,13506.0,7453.0,2480.0,0.178,50639.0,1
B0036,stable,29,13480.0,7375.0,2480.0,0.178,50639.0,1
B0036,stable,30,13756.0,7134.0,2480.0,0.178,50639.0,1
B0036,stable,31,13557.0,6959.0,2480.0,0.178,50639.0,1
B0036,stable,32,13690.0,7110.0,2480.0,0.178,50639.0,1
B0036,stable,33,13793.0,6999.0,2480.0,0.178,50639.0,1
B0036,stable,34,13834.0,7128.0,2480.0,0.178,50639.0,1
B0036,stable,35,13817.0,7288.0,2480.0,0.178,50639.0,1
B0036,stable,36,14114.0,6929.0,2480.0,0.178,50639.0,1
B0036,stable,37,14555.0,7060.0,2480.0,0.178,50639.0,1
B0036,stable,38,14477.0,7184.0,2480.0,0.178,50639.0,1
B0037,stable,0,13702.0,9757.0,2519.0,0.21,56284.0,1
B0037,stable,1,13922.0,9794.0,2519.0,0.21,56284.0,1
B0037,stable,2,13943.0,9678.0,2519.0,0.21,56284.0,1
B0037,stable,3,13890.0,9512.0,2519.0,0.21,56284.0,1
B0037,stable,4,14366.0,9551.0,2519.0,0.21,56284.0,1
B0037,stable,5,14688.0,9513.0,2519.0,0.21,56284.0,1
B0037,stable,6,14449.0,9402.0,2519.0,0.21,56284.0,1
B0037,stable,7,14073.0,9483.0,2519.0,0.21,56284.0,1
B0037,stable,8,13976.0,9497.0,2519.0,0.21,56284.0,1
B0037,stable,9,13850.0,9525.0,2519.0,0.21,56284.0,1
B0037,stable,10,14084.0,9475.0,2519.0,0.21,56284.0,1
B0037,stable,11,14440.0,9332.0,2519.0,0.21,56284.0,1
B0037,stable,12,14257.0,9258.0,2519.0,0.21,56284.0,1
B0037,stable,13,13789.0,9870.0,2519.0,0.21,56284.0,1
B0037,stable,14,13558.0,9824.0,2519.0,0.21,56284.0,1
B0037,stable,15,13610.0,9772.0,2519.0,0.21,56284.0,1
B0037,stable,16,13770.0,9995.0,2519.0,0.21,56284.0,1
B0037,stable,17,13744.0,9926.0,2519.0,0.21,56284.0,1
B0037,stable,18,13714.0,9815.0,2519.0,0.21,56284.0,1
B0037,stable,19,13479.0,9914.0,2519.0,0.21,56284.0,1
B0037,stable,20,13469.0,10063.0,2519.0,0.21,56284.0,1
B0037,stable,21,13463.0,9764.0,2519.0,0.21,56284.0,1
B0037,stable,22,13568.0,9353.0,2519.0,0.21,56284.0,1
B0037,stable,23,13669.0,9421.0,2519.0,0.21,56284.0,1
B0037,stable,24,13807.0,9900.0,2519.0,0.21,56284.0,1
B0037,stable,25,13979.0,9828.0,2519.0,0.21,56284.0,1
B0037,stable,26,13958.0,9825.0,2519.0,0.21,56284.0,1
B0037,stable,27,13970.0,9775.0,2519.0,0.21,56284.0,1
B0037,stable,28,14003.0,9739.0,2519.0,0.21,56284.0,1
B0037,stable,29,14302.0,9582.0,2519.0,0.21,56284.0,1
B0037,stable,30,14456.0,9552.0,2519.0,0.21,56284.0,1
B0037,stable,31,14387.0,9196.0,2519.0,0.21,56284.0,1
B0037,stable,32,14087.0,9313.0,2519.0,0.21,56284.0,1
B0037,stable,33,13748.0,9291.0,2519.0,0.21,56284.0,1
B0037,stable,34,13452.0,9467.0,2519.0,0.21,56284.0,1
B0037,stable,35,13328.0,9531.0,2519.0,0.21,56284.0,1
B0037,stable,36,13311.0,9483.0,2519.0,0.21,56284.0,1
B0037,stable,37,13213.0,9379.0,2519.0,0.21,56284.0,1
B0037,stable,38,13376.0,9051.0,2519.0,0.21,56284.0,1
B0037,stable,39,13309.0,9107.0,2519.0,0.21,56284.0,1
B0037,stable,40,13129.0,9357.0,2519.0,0.21,56284.0,1
B0037,stable,41,13264.0,9534.0,2519.0,0.21,56284.0,1
B0038,structural_decline,0,17527.0,11597.0,2711.0,0.165,46879.0,1
B0038,structural_decline,1,17350.0,12382.0,2711.0,0.165,46879.0,1
B0038,structural_decline,2,17139.0,12698.0,2711.0,0.165,46879.0,1
B0038,structural_decline,3,17185.0,12852.0,2711.0,0.165,46879.0,1
B0038,structural_decline,4,17331.0,12601.0,2711.0,0.165,46879.0,1
B0038,structural_decline,5,17077.0,12627.0,2711.0,0.165,46879.0,1
B0038,structural_decline,6,16833.0,12680.0,2711.0,0.165,46879.0,1
B0038,structural_decline,7,17103.0,12737.0,2711.0,0.165,46879.0,1
B0038,structural_decline,8,17278.0,13015.0,2711.0,0.165,46879.0,1
B0038,structural_decline,9,17347.0,12915.0,2711.0,0.165,46879.0,1
B0038,structural_decline,10,17486.0,12787.0,2711.0,0.165,46879.0,1
B0038,structural_decline,11,17527.0,12767.0,2711.0,0.165,46879.0,1
B0038,structural_decline,12,17161.0,13031.0,2711.0,0.165,46879.0,1
B0038,structural_decline,13,17485.0,13410.0,2711.0,0.165,46879.0,1
B0038,structural_decline,14,17446.0,13047.0,2711.0,0.165,46879.0,1
B0038,structural_decline,15,17164.0,12826.0,2711.0,0.165,46879.0,1
B0038,structural_decline,16,16957.0,13037.0,2711.0,0.165,46879.0,1
B0038,structural_decline,17,17171.0,13195.0,2711.0,0.165,46879.0,1
B0038,structural_decline,18,17317.0,13046.0,2711.0,0.165,46879.0,1
B0038,structural_decline,19,17204.0,13066.0,2711.0,0.165,46879.0,1
B0038,structural_decline,20,17077.0,13133.0,2711.0,0.165,46879.0,1
B0038,structural_decline,21,17014.0,13097.0,2711.0,0.165,46879.0,1
B0038,structural_decline,22,17058.0,12782.0,2711.0,0.165,46879.0,1
B0038,structural_decline,23,17017.0,12382.0,2711.0,0.165,46879.0,1
B0038,structural_decline,24,16828.0,12499.0,2711.0,0.165,46879.0,1
B0038,structural_decline,25,16508.0,12567.0,2711.0,0.165,46879.0,1
B0038,structural_decline,26,14390.0,12918.0,2711.0,0.165,46879.0,0
B0038,structural_decline,27,14441.0,13029.0,2711.0,0.165,46879.0,0
B0038,structural_decline,28,14357.0,12734.0,2711.0,0.165,46879.0,0
B0038,structural_decline,29,13872.0,12857.0,2711.0,0.165,46879.0,0
B0038,structural_decline,30,15143.0,12820.0,2711.0,0.165,46879.0,0
B0038,structural_decline,31,14748.0,12793.0,2711.0,0.165,46879.0,0
B0038,structural_decline,32,14860.0,13036.0,2711.0,0.165,46879.0,0
B0038,structural_decline,33,14562.0,12699.0,2711.0,0.165,46879.0,0
B0038,structural_decline,34,14274.0,12493.0,2711.0,0.165,46879.0,0
B0038,structural_decline,35,13924.0,12461.0,2711.0,0.165,46879.0,0
B0039,stable,0,12231.0,7112.0,1985.0,0.234,52108.0,1
B0039,stable,1,12246.0,7001.0,1985.0,0.234,52108.0,1
B0039,stable,2,12112.0,6870.0,1985.0,0.234,52108.0,1
B0039,stable,3,12165.0,6974.0,1985.0,0.234,52108.0,1
B0039,stable,4,12171.0,6843.0,1985.0,0.234,52108.0,1
B0039,stable,5,12146.0,6864.0,1985.0,0.234,52108.0,1
B0039,stable,6,12213.0,6875.0,1985.0,0.234,52108.0,1
B0039,stable,7,12229.0,7094.0,1985.0,0.234,52108.0,1
B0039,stable,8,12042.0,7086.0,1985.0,0.234,52108.0,1
B0039,stable,9,12215.0,7103.0,1985.0,0.234,52108.0,1
B0039,stable,10,12563.0,6917.0,1985.0,0.234,52108.0,1
B0039,stable,11,12692.0,6748.0,1985.0,0.234,52108.0,1
B0039,stable,12,12946.0,6722.0,1985.0,0.234,52108.0,1
B0039,stable,13,13209.0,6990.0,1985.0,0.234,52108.0,1
B0039,stable,14,13288.0,7194.0,1985.0,0.234,52108.0,1
B0039,stable,15,13219.0,7106.0,1985.0,0.234,52108.0,1
B0039,stable,16,13146.0,6926.0,1985.0,0.234,52108.0,1
B0039,stable,17,13168.0,6923.0,1985.0,0.234,52108.0,1
B0039,stable,18,12974.0,6974.0,1985.0,0.234,52108.0,1
B0039,stable,19,12927.0,7085.0,1985.0,0.234,52108.0,1
B0039,stable,20,12822.0,7197.0,1985.0,0.234,52108.0,1
B0039,stable,21,12684.0,7185.0,1985.0,0.234,52108.0,1
B0039,stable,22,12620.0,7231.0,1985.0,0.234,52108.0,1
B0039,stable,23,12619.0,7145.0,1985.0,0.234,52108.0,1
B0039,stable,24,12351.0,6964.0,1985.0,0.234,52108.0,1
B0039,stable,25,12330.0,6992.0,1985.0,0.234,52108.0,1
B0039,stable,26,12704.0,6924.0,1985.0,0.234,52108.0,1
B0039,stable,27,12827.0,7031.0,1985.0,0.234,52108.0,1
B0039,stable,28,12896.0,7056.0,1985.0,0.234,52108.0,1
B0039,stable,29,12916.0,6847.0,1985.0,0.234,52108.0,1
B0039,stable,30,13030.0,6762.0,1985.0,0.234,52108.0,1
B0039,stable,31,13047.0,6922.0,1985.0,0.234,52108.0,1
B0039,stable,32,13090.0,6990.0,1985.0,0.234,52108.0,1
B0039,stable,33,13250.0,7054.0,1985.0,0.234,52108.0,1
B0039,stable,34,13596.0,6949.0,1985.0,0.234,52108.0,1
B0039,stable,35,13522.0,7133.0,1985.0,0.234,52108.0,1
B0039,stable,36,13651.0,6991.0,1985.0,0.234,52108.0,1
B0039,stable,37,13368.0,6630.0,1985.0,0.234,52108.0,1
B0040,structural_decline,0,12746.0,8447.0,2927.0,0.206,32757.0,1
B0040,structural_decline,1,12637.0,8417.0,2927.0,0.206,32757.0,1
B0040,structural_decline,2,12532.0,8237.0,2927.0,0.206,32757.0,1
B0040,structural_decline,3,12664.0,8079.0,2927.0,0.206,32757.0,1
B0040,structural_decline,4,12632.0,8054.0,2927.0,0.206,32757.0,1
B0040,structural_decline,5,12715.0,8166.0,2927.0,0.206,32757.0,1
B0040,structural_decline,6,12588.0,8208.0,2927.0,0.206,32757.0,1
B0040,structural_decline,7,12538.0,8088.0,2927.0,0.206,32757.0,1
B0040,structural_decline,8,12643.0,8152.0,2927.0,0.206,32757.0,1
B0040,structural_decline,9,12749.0,8269.0,2927.0,0.206,32757.0,1
B0040,structural_decline,10,12645.0,8301.0,2927.0,0.206,32757.0,1
B0040,structural_decline,11,12333.0,8283.0,2927.0,0.206,32757.0,1
B0040,structural_decline,12,12314.0,8284.0,2927.0,0.206,32757.0,1
B0040,structural_decline,13,11989.0,8284.0,2927.0,0.206,32757.0,1
B0040,structural_decline,14,11636.0,8056.0,2927.0,0.206,32757.0,1
B0040,structural_decline,15,11530.0,8272.0,2927.0,0.206,32757.0,1
B0040,structural_decline,16,11736.0,8077.0,2927.0,0.206,32757.0,1
B0040,structural_decline,17,11632.0,7831.0,2927.0,0.206,32757.0,1
B0040,structural_decline,18,11234.0,8059.0,2927.0,0.206,32757.0,1
B0040,structural_decline,19,11030.0,8118.0,2927.0,0.206,32757.0,0
B0040,structural_decline,20,10862.0,7948.0,2927.0,0.206,32757.0,0
B0040,structural_decline,21,10629.0,7979.0,2927.0,0.206,32757.0,0
B0040,structural_decline,22,10605.0,7914.0,2927.0,0.206,32757.0,0
B0040,structural_decline,23,10515.0,8356.0,2927.0,0.206,32757.0,0
B0040,structural_decline,24,10295.0,8264.0,2927.0,0.206,32757.0,0
B0040,structural_decline,25,10160.0,8253.0,2927.0,0.206,32757.0,0
B0040,structural_decline,26,10019.0,8376.0,2927.0,0.206,32757.0,0
B0040,structural_decline,27,9935.0,8187.0,2927.0,0.206,32757.0,0
B0040,structural_decline,28,9655.0,7863.0,2927.0,0.206,32757.0,0
B0040,structural_decline,29,9562.0,7807.0,2927.0,0.206,32757.0,0
B0040,structural_decline,30,9590.0,8201.0,2927.0,0.206,32757.0,0
B0040,structural_decline,31,9465.0,8279.0,2927.0,0.206,32757.0,0
B0040,structural_decline,32,9453.0,7963.0,2927.0,0.206,32757.0,0
B0040,structural_decline,33,9240.0,7733.0,2927.0,0.206,32757.0,0
B0040,structural_decline,34,9078.0,7996.0,2927.0,0.206,32757.0,0
B0040,structural_decline,35,8868.0,8082.0,2927.0,0.206,32757.0,0
B0040,structural_decline,36,8645.0,8069.0,2927.0,0.206,32757.0,0
B0040,structural_decline,37,8575.0,7778.0,2927.0,0.206,32757.0,0
B0040,structural_decline,38,8328.0,7470.0,2927.0,0.206,32757.0,0
B0041,stable,0,19277.0,12473.0,4635.0,0.173,100968.0,1
B0041,stable,1,19349.0,12538.0,4635.0,0.173,100968.0,1
B0041,stable,2,19493.0,12490.0,4635.0,0.173,100968.0,1
B0041,stable,3,19820.0,13157.0,4635.0,0.173,100968.0,1
B0041,stable,4,20148.0,12919.0,4635.0,0.173,100968.0,1
B0041,stable,5,20316.0,12614.0,4635.0,0.173,100968.0,1
B0041,stable,6,20711.0,13142.0,4635.0,0.173,100968.0,1
B0041,stable,7,20748.0,13825.0,4635.0,0.173,100968.0,1
B0041,stable,8,20740.0,13940.0,4635.0,0.173,100968.0,1
B0041,stable,9,20728.0,13472.0,4635.0,0.173,100968.0,1
B0041,stable,10,20286.0,13425.0,4635.0,0.173,100968.0,1
B0041,stable,11,20353.0,13236.0,4635.0,0.173,100968.0,1
B0041,stable,12,20475.0,13163.0,4635.0,0.173,100968.0,1
B0041,stable,13,20304.0,13280.0,4635.0,0.173,100968.0,1
B0041,stable,14,19852.0,13603.0,4635.0,0.173,100968.0,1
B0041,stable,15,19439.0,13016.0,4635.0,0.173,100968.0,1
B0041,stable,16,19332.0,12491.0,4635.0,0.173,100968.0,1
B0041,stable,17,19707.0,12628.0,4635.0,0.173,100968.0,1
B0041,stable,18,19752.0,12886.0,4635.0,0.173,100968.0,1
B0041,stable,19,19774.0,13041.0,4635.0,0.173,100968.0,1
B0041,stable,20,19929.0,12939.0,4635.0,0.173,100968.0,1
B0041,stable,21,20014.0,13042.0,4635.0,0.173,100968.0,1
B0041,stable,22,20157.0,13030.0,4635.0,0.173,100968.0,1
B0041,stable,23,20427.0,12940.0,4635.0,0.173,100968.0,1
B0041,stable,24,20250.0,13005.0,4635.0,0.173,100968.0,1
B0041,stable,25,20290.0,12645.0,4635.0,0.173,100968.0,1
B0041,stable,26,20466.0,12647.0,4635.0,0.173,100968.0,1
B0041,stable,27,20830.0,13092.0,4635.0,0.173,100968.0,1
B0041,stable,28,21059.0,12777.0,4635.0,0.173,100968.0,1
B0041,stable,29,20879.0,12138.0,4635.0,0.173,100968.0,1
B0041,stable,30,20986.0,12650.0,4635.0,0.173,100968.0,1
B0041,stable,31,21201.0,13259.0,4635.0,0.173,100968.0,1
B0041,stable,32,21254.0,13565.0,4635.0,0.173,100968.0,1
B0041,stable,33,20874.0,13441.0,4635.0,0.173,100968.0,1
B0041,stable,34,20300.0,13378.0,4635.0,0.173,100968.0,1
B0041,stable,35,19794.0,13580.0,4635.0,0.173,100968.0,1
B0041,stable,36,19557.0,13691.0,4635.0,0.173,100968.0,1
B0041,stable,37,19908.0,13552.0,4635.0,0.173,100968.0,1
B0041,stable,38,20201.0,12960.0,4635.0,0.173,100968.0,1
B0042,temporary_stress,0,13451.0,7707.0,2282.0,0.168,57240.0,1
B0042,temporary_stress,1,13486.0,7405.0,2282.0,0.168,57240.0,1
B0042,temporary_stress,2,13507.0,7124.0,2282.0,0.168,57240.0,1
B0042,temporary_stress,3,13532.0,7589.0,2282.0,0.168,57240.0,1
B0042,temporary_stress,4,13695.0,7584.0,2282.0,0.168,57240.0,1
B0042,temporary_stress,5,13645.0,7473.0,2282.0,0.168,57240.0,1
B0042,temporary_stress,6,13542.0,7393.0,2282.0,0.168,57240.0,1
B0042,temporary_stress,7,13762.0,7248.0,2282.0,0.168,57240.0,1
B0042,temporary_stress,8,13771.0,7288.0,2282.0,0.168,57240.0,1
B0042,temporary_stress,9,13819.0,7242.0,2282.0,0.168,57240.0,1
B0042,temporary_stress,10,14036.0,7198.0,2282.0,0.168,57240.0,1
B0042,temporary_stress,11,14091.0,7338.0,2282.0,0.168,57240.0,1
B0042,temporary_stress,12,13990.0,7470.0,2282.0,0.168,57240.0,1
B0042,temporary_stress,13,13839.0,7561.0,2282.0,0.168,57240.0,1
B0042,temporary_stress,14,13799.0,7466.0,2282.0,0.168,57240.0,1
B0042,temporary_stress,15,7045.0,7416.0,2282.0,0.168,57240.0,0
B0042,temporary_stress,16,7087.0,7553.0,2282.0,0.168,57240.0,0
B0042,temporary_stress,17,7016.0,7685.0,2282.0,0.168,57240.0,0
B0042,temporary_stress,18,6988.0,7659.0,2282.0,0.168,57240.0,0
B0042,temporary_stress,19,7007.0,7506.0,2282.0,0.168,57240.0,0
B0042,temporary_stress,20,8674.0,7495.0,2282.0,0.168,57240.0,0
B0042,temporary_stress,21,10311.0,7599.0,2282.0,0.168,57240.0,1
B0042,temporary_stress,22,11904.0,7917.0,2282.0,0.168,57240.0,1
B0042,temporary_stress,23,13723.0,7888.0,2282.0,0.168,57240.0,1
B0042,temporary_stress,24,13826.0,7756.0,2282.0,0.168,57240.0,1
B0042,temporary_stress,25,13607.0,7494.0,2282.0,0.168,57240.0,1
B0042,temporary_stress,26,13776.0,7645.0,2282.0,0.168,57240.0,1
B0042,temporary_stress,27,13961.0,7733.0,2282.0,0.168,57240.0,1
B0042,temporary_stress,28,13993.0,7417.0,2282.0,0.168,57240.0,1
B0042,temporary_stress,29,14085.0,7350.0,2282.0,0.168,57240.0,1
B0042,temporary_stress,30,14109.0,7364.0,2282.0,0.168,57240.0,1
B0042,temporary_stress,31,13923.0,7876.0,2282.0,0.168,57240.0,1
B0042,temporary_stress,32,13829.0,7637.0,2282.0,0.168,57240.0,1
B0042,temporary_stress,33,13775.0,7427.0,2282.0,0.168,57240.0,1
B0042,temporary_stress,34,13780.0,7584.0,2282.0,0.168,57240.0,1
B0043,temporary_stress,0,17164.0,9526.0,3086.0,0.261,66511.0,1
B0043,temporary_stress,1,17337.0,9686.0,3086.0,0.261,66511.0,1
B0043,temporary_stress,2,17216.0,9532.0,3086.0,0.261,66511.0,1
B0043,temporary_stress,3,17076.0,9211.0,3086.0,0.261,66511.0,1
B0043,temporary_stress,4,17331.0,9308.0,3086.0,0.261,66511.0,1
B0043,temporary_stress,5,17047.0,9641.0,3086.0,0.261,66511.0,1
B0043,temporary_stress,6,16921.0,9625.0,3086.0,0.261,66511.0,1
B0043,temporary_stress,7,16925.0,9466.0,3086.0,0.261,66511.0,1
B0043,temporary_stress,8,16610.0,9394.0,3086.0,0.261,66511.0,1
B0043,temporary_stress,9,16521.0,9630.0,3086.0,0.261,66511.0,1
B0043,temporary_stress,10,16759.0,9684.0,3086.0,0.261,66511.0,1
B0043,temporary_stress,11,17072.0,9851.0,3086.0,0.261,66511.0,1
B0043,temporary_stress,12,17136.0,9772.0,3086.0,0.261,66511.0,1
B0043,temporary_stress,13,17644.0,9470.0,3086.0,0.261,66511.0,1
B0043,temporary_stress,14,17539.0,9353.0,3086.0,0.261,66511.0,1
B0043,temporary_stress,15,17496.0,9516.0,3086.0,0.261,66511.0,1
B0043,temporary_stress,16,17484.0,9750.0,3086.0,0.261,66511.0,1
B0043,temporary_stress,17,10092.0,9677.0,3086.0,0.261,66511.0,0
B0043,temporary_stress,18,10062.0,9365.0,3086.0,0.261,66511.0,0
B0043,temporary_stress,19,9987.0,9745.0,3086.0,0.261,66511.0,0
B0043,temporary_stress,20,10742.0,9674.0,3086.0,0.261,66511.0,0
B0043,temporary_stress,21,12000.0,9348.0,3086.0,0.261,66511.0,0
B0043,temporary_stress,22,13353.0,9021.0,3086.0,0.261,66511.0,1
B0043,temporary_stress,23,14447.0,9218.0,3086.0,0.261,66511.0,1
B0043,temporary_stress,24,15561.0,9619.0,3086.0,0.261,66511.0,1
B0043,temporary_stress,25,16735.0,9535.0,3086.0,0.261,66511.0,1
B0043,temporary_stress,26,16659.0,9432.0,3086.0,0.261,66511.0,1
B0043,temporary_stress,27,16719.0,9336.0,3086.0,0.261,66511.0,1
B0043,temporary_stress,28,17036.0,9292.0,3086.0,0.261,66511.0,1
B0043,temporary_stress,29,17419.0,9404.0,3086.0,0.261,66511.0,1
B0043,temporary_stress,30,17411.0,9668.0,3086.0,0.261,66511.0,1
B0043,temporary_stress,31,17229.0,9749.0,3086.0,0.261,66511.0,1
B0043,temporary_stress,32,17203.0,9671.0,3086.0,0.261,66511.0,1
B0043,temporary_stress,33,17364.0,9554.0,3086.0,0.261,66511.0,1
B0043,temporary_stress,34,17595.0,9730.0,3086.0,0.261,66511.0,1
B0043,temporary_stress,35,17504.0,9989.0,3086.0,0.261,66511.0,1
B0043,temporary_stress,36,17122.0,9993.0,3086.0,0.261,66511.0,1
B0043,temporary_stress,37,16946.0,9890.0,3086.0,0.261,66511.0,1
B0043,temporary_stress,38,17022.0,9395.0,3086.0,0.261,66511.0,1
B0044,stable,0,18287.0,12485.0,2523.0,0.156,83315.0,1
B0044,stable,1,18170.0,11707.0,2523.0,0.156,83315.0,1
B0044,stable,2,18069.0,11589.0,2523.0,0.156,83315.0,1
B0044,stable,3,18670.0,12017.0,2523.0,0.156,83315.0,1
B0044,stable,4,19259.0,11446.0,2523.0,0.156,83315.0,1
B0044,stable,5,19332.0,11656.0,2523.0,0.156,83315.0,1
B0044,stable,6,18953.0,11499.0,2523.0,0.156,83315.0,1
B0044,stable,7,18947.0,11316.0,2523.0,0.156,83315.0,1
B0044,stable,8,19021.0,11057.0,2523.0,0.156,83315.0,1
B0044,stable,9,18739.0,11192.0,2523.0,0.156,83315.0,1
B0044,stable,10,18801.0,11119.0,2523.0,0.156,83315.0,1
B0044,stable,11,19008.0,11361.0,2523.0,0.156,83315.0,1
B0044,stable,12,18852.0,11423.0,2523.0,0.156,83315.0,1
B0044,stable,13,18556.0,11199.0,2523.0,0.156,83315.0,1
B0044,stable,14,18364.0,11633.0,2523.0,0.156,83315.0,1
B0044,stable,15,18066.0,11580.0,2523.0,0.156,83315.0,1
B0044,stable,16,18102.0,10985.0,2523.0,0.156,83315.0,1
B0044,stable,17,18203.0,11134.0,2523.0,0.156,83315.0,1
B0044,stable,18,17850.0,11580.0,2523.0,0.156,83315.0,1
B0044,stable,19,17673.0,12364.0,2523.0,0.156,83315.0,1
B0044,stable,20,17655.0,11769.0,2523.0,0.156,83315.0,1
B0044,stable,21,17669.0,11294.0,2523.0,0.156,83315.0,1
B0044,stable,22,17901.0,11481.0,2523.0,0.156,83315.0,1
B0044,stable,23,17725.0,11320.0,2523.0,0.156,83315.0,1
B0044,stable,24,17891.0,11535.0,2523.0,0.156,83315.0,1
B0044,stable,25,18139.0,12013.0,2523.0,0.156,83315.0,1
B0044,stable,26,18121.0,11884.0,2523.0,0.156,83315.0,1
B0044,stable,27,18764.0,11898.0,2523.0,0.156,83315.0,1
B0044,stable,28,18948.0,12235.0,2523.0,0.156,83315.0,1
B0044,stable,29,18790.0,12398.0,2523.0,0.156,83315.0,1
B0044,stable,30,18871.0,11926.0,2523.0,0.156,83315.0,1
B0044,stable,31,18730.0,11496.0,2523.0,0.156,83315.0,1
B0044,stable,32,18674.0,11644.0,2523.0,0.156,83315.0,1
B0044,stable,33,18742.0,11757.0,2523.0,0.156,83315.0,1
B0044,stable,34,18706.0,11708.0,2523.0,0.156,83315.0,1
B0044,stable,35,18370.0,11720.0,2523.0,0.156,83315.0,1
B0044,stable,36,18421.0,11617.0,2523.0,0.156,83315.0,1
B0044,stable,37,18211.0,11995.0,2523.0,0.156,83315.0,1
B0044,stable,38,18119.0,11842.0,2523.0,0.156,83315.0,1
B0045,stable,0,19565.0,11859.0,2941.0,0.233,58954.0,1
B0045,stable,1,19190.0,11553.0,2941.0,0.233,58954.0,1
B0045,stable,2,19093.0,11921.0,2941.0,0.233,58954.0,1
B0045,stable,3,19134.0,11903.0,2941.0,0.233,58954.0,1
B0045,stable,4,18744.0,11200.0,2941.0,0.233,58954.0,1
B0045,stable,5,18524.0,11274.0,2941.0,0.233,58954.0,1
B0045,stable,6,18684.0,11552.0,2941.0,0.233,58954.0,1
B0045,stable,7,19088.0,11622.0,2941.0,0.233,58954.0,1
B0045,stable,8,19102.0,11065.0,2941.0,0.233,58954.0,1
B0045,stable,9,18966.0,11064.0,2941.0,0.233,58954.0,1
B0045,stable,10,19007.0,11033.0,2941.0,0.233,58954.0,1
B0045,stable,11,19574.0,10994.0,2941.0,0.233,58954.0,1
B0045,stable,12,19711.0,11207.0,2941.0,0.233,58954.0,1
B0045,stable,13,20067.0,11477.0,2941.0,0.233,58954.0,1
B0045,stable,14,20166.0,11583.0,2941.0,0.233,58954.0,1
B0045,stable,15,20291.0,11604.0,2941.0,0.233,58954.0,1
B0045,stable,16,20272.0,11285.0,2941.0,0.233,58954.0,1
B0045,stable,17,20278.0,11347.0,2941.0,0.233,58954.0,1
B0045,stable,18,19888.0,11595.0,2941.0,0.233,58954.0,1
B0045,stable,19,20042.0,11693.0,2941.0,0.233,58954.0,1
B0045,stable,20,20415.0,11302.0,2941.0,0.233,58954.0,1
B0045,stable,21,20541.0,11288.0,2941.0,0.233,58954.0,1
B0045,stable,22,20187.0,11266.0,2941.0,0.233,58954.0,1
B0045,stable,23,19758.0,11395.0,2941.0,0.233,58954.0,1
B0045,stable,24,19665.0,11088.0,2941.0,0.233,58954.0,1
B0045,stable,25,19698.0,11142.0,2941.0,0.233,58954.0,1
B0045,stable,26,19640.0,11398.0,2941.0,0.233,58954.0,1
B0045,stable,27,20166.0,11347.0,2941.0,0.233,58954.0,1
B0045,stable,28,20469.0,11518.0,2941.0,0.233,58954.0,1
B0045,stable,29,20002.0,11227.0,2941.0,0.233,58954.0,1
B0045,stable,30,19714.0,10889.0,2941.0,0.233,58954.0,1
B0045,stable,31,20150.0,11295.0,2941.0,0.233,58954.0,1
B0045,stable,32,20594.0,11849.0,2941.0,0.233,58954.0,1
B0046,structural_decline,0,13027.0,7172.0,2625.0,0.093,54875.0,1
B0046,structural_decline,1,12933.0,7342.0,2625.0,0.093,54875.0,1
B0046,structural_decline,2,12841.0,7421.0,2625.0,0.093,54875.0,1
B0046,structural_decline,3,13031.0,7484.0,2625.0,0.093,54875.0,1
B0046,structural_decline,4,13144.0,7502.0,2625.0,0.093,54875.0,1
B0046,structural_decline,5,13060.0,7601.0,2625.0,0.093,54875.0,1
B0046,structural_decline,6,12922.0,7423.0,2625.0,0.093,54875.0,1
B0046,structural_decline,7,12720.0,7436.0,2625.0,0.093,54875.0,1
B0046,structural_decline,8,12830.0,7411.0,2625.0,0.093,54875.0,1
B0046,structural_decline,9,12851.0,7584.0,2625.0,0.093,54875.0,1
B0046,structural_decline,10,12710.0,7484.0,2625.0,0.093,54875.0,1
B0046,structural_decline,11,12727.0,7434.0,2625.0,0.093,54875.0,1
B0046,structural_decline,12,12800.0,7448.0,2625.0,0.093,54875.0,1
B0046,structural_decline,13,12943.0,7365.0,2625.0,0.093,54875.0,1
B0046,structural_decline,14,12775.0,7351.0,2625.0,0.093,54875.0,1
B0046,structural_decline,15,12830.0,7263.0,2625.0,0.093,54875.0,1
B0046,structural_decline,16,12879.0,7423.0,2625.0,0.093,54875.0,1
B0046,structural_decline,17,12921.0,7567.0,2625.0,0.093,54875.0,1
B0046,structural_decline,18,12827.0,7633.0,2625.0,0.093,54875.0,1
B0046,structural_decline,19,12735.0,7446.0,2625.0,0.093,54875.0,1
B0046,structural_decline,20,12934.0,7304.0,2625.0,0.093,54875.0,1
B0046,structural_decline,21,13156.0,7410.0,2625.0,0.093,54875.0,1
B0046,structural_decline,22,13056.0,7352.0,2625.0,0.093,54875.0,1
B0046,structural_decline,23,12944.0,7390.0,2625.0,0.093,54875.0,1
B0046,structural_decline,24,12759.0,7665.0,2625.0,0.093,54875.0,1
B0046,structural_decline,25,12813.0,7634.0,2625.0,0.093,54875.0,1
B0046,structural_decline,26,12561.0,7829.0,2625.0,0.093,54875.0,1
B0046,structural_decline,27,12136.0,7426.0,2625.0,0.093,54875.0,1
B0046,structural_decline,28,11977.0,7173.0,2625.0,0.093,54875.0,1
B0046,structural_decline,29,11817.0,7219.0,2625.0,0.093,54875.0,1
B0046,structural_decline,30,11350.0,7243.0,2625.0,0.093,54875.0,1
B0046,structural_decline,31,10994.0,7387.0,2625.0,0.093,54875.0,1
B0046,structural_decline,32,10911.0,7300.0,2625.0,0.093,54875.0,1
B0046,structural_decline,33,10664.0,7363.0,2625.0,0.093,54875.0,1
B0046,structural_decline,34,10456.0,7473.0,2625.0,0.093,54875.0,1
B0046,structural_decline,35,10130.0,7402.0,2625.0,0.093,54875.0,1
B0046,structural_decline,36,9796.0,7377.0,2625.0,0.093,54875.0,0
B0046,structural_decline,37,9698.0,7369.0,2625.0,0.093,54875.0,0
B0046,structural_decline,38,9638.0,7589.0,2625.0,0.093,54875.0,0
B0047,structural_decline,0,19310.0,14474.0,3528.0,0.109,67178.0,1
B0047,structural_decline,1,18879.0,14259.0,3528.0,0.109,67178.0,1
B0047,structural_decline,2,18945.0,13665.0,3528.0,0.109,67178.0,1
B0047,structural_decline,3,19189.0,13432.0,3528.0,0.109,67178.0,1
B0047,structural_decline,4,19067.0,14098.0,3528.0,0.109,67178.0,1
B0047,structural_decline,5,19017.0,14181.0,3528.0,0.109,67178.0,1
B0047,structural_decline,6,19296.0,13980.0,3528.0,0.109,67178.0,1
B0047,structural_decline,7,19091.0,14681.0,3528.0,0.109,67178.0,1
B0047,structural_decline,8,18976.0,14468.0,3528.0,0.109,67178.0,1
B0047,structural_decline,9,18870.0,13872.0,3528.0,0.109,67178.0,1
B0047,structural_decline,10,18792.0,14081.0,3528.0,0.109,67178.0,1
B0047,structural_decline,11,19039.0,13895.0,3528.0,0.109,67178.0,1
B0047,structural_decline,12,19238.0,14506.0,3528.0,0.109,67178.0,1
B0047,structural_decline,13,18753.0,14793.0,3528.0,0.109,67178.0,1
B0047,structural_decline,14,18434.0,14492.0,3528.0,0.109,67178.0,1
B0047,structural_decline,15,17832.0,13665.0,3528.0,0.109,67178.0,1
B0047,structural_decline,16,17590.0,13518.0,3528.0,0.109,67178.0,1
B0047,structural_decline,17,17395.0,13346.0,3528.0,0.109,67178.0,1
B0047,structural_decline,18,17022.0,13630.0,3528.0,0.109,67178.0,0
B0047,structural_decline,19,16460.0,14355.0,3528.0,0.109,67178.0,0
B0047,structural_decline,20,15901.0,14060.0,3528.0,0.109,67178.0,0
B0047,structural_decline,21,15865.0,13784.0,3528.0,0.109,67178.0,0
B0047,structural_decline,22,15825.0,13723.0,3528.0,0.109,67178.0,0
B0047,structural_decline,23,15497.0,13596.0,3528.0,0.109,67178.0,0
B0047,structural_decline,24,15146.0,13758.0,3528.0,0.109,67178.0,0
B0047,structural_decline,25,14922.0,14061.0,3528.0,0.109,67178.0,0
B0047,structural_decline,26,14411.0,13958.0,3528.0,0.109,67178.0,0
B0047,structural_decline,27,14305.0,13915.0,3528.0,0.109,67178.0,0
B0047,structural_decline,28,14290.0,14037.0,3528.0,0.109,67178.0,0
B0047,structural_decline,29,14086.0,14154.0,3528.0,0.109,67178.0,0
B0047,structural_decline,30,13715.0,14102.0,3528.0,0.109,67178.0,0
B0047,structural_decline,31,13055.0,14011.0,3528.0,0.109,67178.0,0
B0047,structural_decline,32,12799.0,14107.0,3528.0,0.109,67178.0,0
B0047,structural_decline,33,12700.0,14312.0,3528.0,0.109,67178.0,0
B0047,structural_decline,34,12481.0,14177.0,3528.0,0.109,67178.0,0
B0047,structural_decline,35,12073.0,14084.0,3528.0,0.109,67178.0,0
B0047,structural_decline,36,11899.0,14000.0,3528.0,0.109,67178.0,0
B0047,structural_decline,37,11623.0,14168.0,3528.0,0.109,67178.0,0
B0047,structural_decline,38,11383.0,14146.0,3528.0,0.109,67178.0,0
B0047,structural_decline,39,11103.0,13672.0,3528.0,0.109,67178.0,0
B0047,structural_decline,40,10997.0,14042.0,3528.0,0.109,67178.0,0
B0047,structural_decline,41,10576.0,14330.0,3528.0,0.109,67178.0,0
B0048,stable,0,17551.0,12916.0,3453.0,0.18,51856.0,1
B0048,stable,1,17234.0,12889.0,3453.0,0.18,51856.0,1
B0048,stable,2,17365.0,13126.0,3453.0,0.18,51856.0,1
B0048,stable,3,17183.0,12977.0,3453.0,0.18,51856.0,1
B0048,stable,4,17140.0,12979.0,3453.0,0.18,51856.0,1
B0048,stable,5,16962.0,12867.0,3453.0,0.18,51856.0,1
B0048,stable,6,17255.0,13265.0,3453.0,0.18,51856.0,1
B0048,stable,7,17457.0,13469.0,3453.0,0.18,51856.0,1
B0048,stable,8,16954.0,13487.0,3453.0,0.18,51856.0,1
B0048,stable,9,16667.0,13187.0,3453.0,0.18,51856.0,1
B0048,stable,10,16598.0,13371.0,3453.0,0.18,51856.0,0
B0048,stable,11,16868.0,13507.0,3453.0,0.18,51856.0,0
B0048,stable,12,17341.0,13608.0,3453.0,0.18,51856.0,1
B0048,stable,13,17315.0,13512.0,3453.0,0.18,51856.0,1
B0048,stable,14,17165.0,13434.0,3453.0,0.18,51856.0,1
B0048,stable,15,17482.0,13313.0,3453.0,0.18,51856.0,1
B0048,stable,16,17760.0,12558.0,3453.0,0.18,51856.0,1
B0048,stable,17,17996.0,12805.0,3453.0,0.18,51856.0,1
B0048,stable,18,17996.0,13050.0,3453.0,0.18,51856.0,1
B0048,stable,19,18119.0,13414.0,3453.0,0.18,51856.0,1
B0048,stable,20,17985.0,13289.0,3453.0,0.18,51856.0,1
B0048,stable,21,17651.0,13336.0,3453.0,0.18,51856.0,1
B0048,stable,22,17762.0,13307.0,3453.0,0.18,51856.0,1
B0048,stable,23,18105.0,13448.0,3453.0,0.18,51856.0,1
B0048,stable,24,17949.0,13345.0,3453.0,0.18,51856.0,1
B0048,stable,25,17727.0,13102.0,3453.0,0.18,51856.0,1
B0048,stable,26,17468.0,13083.0,3453.0,0.18,51856.0,1
B0048,stable,27,17153.0,12918.0,3453.0,0.18,51856.0,1
B0048,stable,28,17304.0,12808.0,3453.0,0.18,51856.0,1
B0048,stable,29,17533.0,13098.0,3453.0,0.18,51856.0,1
B0048,stable,30,17689.0,13392.0,3453.0,0.18,51856.0,1
B0048,stable,31,17803.0,13146.0,3453.0,0.18,51856.0,1
B0048,stable,32,17825.0,12789.0,3453.0,0.18,51856.0,1
B0048,stable,33,17892.0,12946.0,3453.0,0.18,51856.0,1
B0048,stable,34,17841.0,12665.0,3453.0,0.18,51856.0,1
B0049,structural_decline,0,11702.0,6135.0,2341.0,0.269,56576.0,1
B0049,structural_decline,1,11524.0,6120.0,2341.0,0.269,56576.0,1
B0049,structural_decline,2,11341.0,5904.0,2341.0,0.269,56576.0,1
B0049,structural_decline,3,11540.0,5859.0,2341.0,0.269,56576.0,1
B0049,structural_decline,4,11567.0,6024.0,2341.0,0.269,56576.0,1
B0049,structural_decline,5,11562.0,6104.0,2341.0,0.269,56576.0,1
B0049,structural_decline,6,11412.0,6143.0,2341.0,0.269,56576.0,1
B0049,structural_decline,7,11602.0,5952.0,2341.0,0.269,56576.0,1
B0049,structural_decline,8,11772.0,5896.0,2341.0,0.269,56576.0,1
B0049,structural_decline,9,11846.0,5925.0,2341.0,0.269,56576.0,1
B0049,structural_decline,10,11442.0,6013.0,2341.0,0.269,56576.0,1
B0049,structural_decline,11,8713.0,5897.0,2341.0,0.269,56576.0,1
B0049,structural_decline,12,8559.0,5969.0,2341.0,0.269,56576.0,1
B0049,structural_decline,13,10458.0,5944.0,2341.0,0.269,56576.0,1
B0049,structural_decline,14,10265.0,6010.0,2341.0,0.269,56576.0,1
B0049,structural_decline,15,10317.0,6094.0,2341.0,0.269,56576.0,1
B0049,structural_decline,16,10216.0,6080.0,2341.0,0.269,56576.0,1
B0049,structural_decline,17,10026.0,6158.0,2341.0,0.269,56576.0,1
B0049,structural_decline,18,9908.0,5938.0,2341.0,0.269,56576.0,1
B0049,structural_decline,19,9699.0,5704.0,2341.0,0.269,56576.0,1
B0049,structural_decline,20,9398.0,5875.0,2341.0,0.269,56576.0,1
B0049,structural_decline,21,9018.0,5882.0,2341.0,0.269,56576.0,1
B0049,structural_decline,22,8889.0,5820.0,2341.0,0.269,56576.0,1
B0049,structural_decline,23,8776.0,5865.0,2341.0,0.269,56576.0,1
B0049,structural_decline,24,8488.0,5880.0,2341.0,0.269,56576.0,1
B0049,structural_decline,25,8283.0,6028.0,2341.0,0.269,56576.0,0
B0049,structural_decline,26,8125.0,6107.0,2341.0,0.269,56576.0,0
B0049,structural_decline,27,8058.0,6182.0,2341.0,0.269,56576.0,0
B0049,structural_decline,28,8027.0,6187.0,2341.0,0.269,56576.0,0
B0049,structural_decline,29,7980.0,6187.0,2341.0,0.269,56576.0,0
B0050,stable,0,13637.0,8956.0,2671.0,0.185,61210.0,1
B0050,stable,1,13367.0,8908.0,2671.0,0.185,61210.0,1
B0050,stable,2,13610.0,8883.0,2671.0,0.185,61210.0,1
B0050,stable,3,13797.0,9536.0,2671.0,0.185,61210.0,1
B0050,stable,4,13555.0,9633.0,2671.0,0.185,61210.0,1
B0050,stable,5,13395.0,9174.0,2671.0,0.185,61210.0,1
B0050,stable,6,13523.0,9077.0,2671.0,0.185,61210.0,1
B0050,stable,7,13454.0,9085.0,2671.0,0.185,61210.0,1
B0050,stable,8,13509.0,9116.0,2671.0,0.185,61210.0,1
B0050,stable,9,13723.0,9237.0,2671.0,0.185,61210.0,1
B0050,stable,10,13611.0,9118.0,2671.0,0.185,61210.0,1
B0050,stable,11,13475.0,9363.0,2671.0,0.185,61210.0,1
B0050,stable,12,13617.0,9368.0,2671.0,0.185,61210.0,1
B0050,stable,13,13903.0,9323.0,2671.0,0.185,61210.0,1
B0050,stable,14,13784.0,9560.0,2671.0,0.185,61210.0,1
B0050,stable,15,13936.0,9366.0,2671.0,0.185,61210.0,1
B0050,stable,16,14162.0,9047.0,2671.0,0.185,61210.0,1
B0050,stable,17,14433.0,9065.0,2671.0,0.185,61210.0,1
B0050,stable,18,14406.0,9190.0,2671.0,0.185,61210.0,1
B0050,stable,19,14315.0,8874.0,2671.0,0.185,61210.0,1
B0050,stable,20,14072.0,8806.0,2671.0,0.185,61210.0,1
B0050,stable,21,14160.0,9133.0,2671.0,0.185,61210.0,1
B0050,stable,22,14241.0,9143.0,2671.0,0.185,61210.0,1
B0050,stable,23,14191.0,9033.0,2671.0,0.185,61210.0,1
B0050,stable,24,14152.0,9309.0,2671.0,0.185,61210.0,1
B0050,stable,25,14161.0,9145.0,2671.0,0.185,61210.0,1
B0050,stable,26,14147.0,9258.0,2671.0,0.185,61210.0,1
B0050,stable,27,14182.0,9188.0,2671.0,0.185,61210.0,1
B0050,stable,28,13990.0,8979.0,2671.0,0.185,61210.0,1
B0050,stable,29,13990.0,8908.0,2671.0,0.185,61210.0,1
B0050,stable,30,14145.0,8750.0,2671.0,0.185,61210.0,1
B0050,stable,31,14534.0,9233.0,2671.0,0.185,61210.0,1
B0050,stable,32,14594.0,9361.0,2671.0,0.185,61210.0,1
B0050,stable,33,14320.0,9380.0,2671.0,0.185,61210.0,1
B0050,stable,34,14451.0,9148.0,2671.0,0.185,61210.0,1
B0050,stable,35,14946.0,9092.0,2671.0,0.185,61210.0,1
B0050,stable,36,15175.0,8949.0,2671.0,0.185,61210.0,1
B0050,stable,37,15085.0,9095.0,2671.0,0.185,61210.0,1
B0050,stable,38,14837.0,9410.0,2671.0,0.185,61210.0,1
B0050,stable,39,14891.0,9501.0,2671.0,0.185,61210.0,1
B0050,stable,40,14934.0,9608.0,2671.0,0.185,61210.0,1
B0050,stable,41,14950.0,9585.0,2671.0,0.185,61210.0,1
B0051,temporary_stress,0,12454.0,8357.0,2770.0,0.215,54878.0,1
B0051,temporary_stress,1,12307.0,8989.0,2770.0,0.215,54878.0,1
B0051,temporary_stress,2,12137.0,8931.0,2770.0,0.215,54878.0,1
B0051,temporary_stress,3,12013.0,8486.0,2770.0,0.215,54878.0,1
B0051,temporary_stress,4,12081.0,8570.0,2770.0,0.215,54878.0,1
B0051,temporary_stress,5,12177.0,8873.0,2770.0,0.215,54878.0,1
B0051,temporary_stress,6,12170.0,9157.0,2770.0,0.215,54878.0,1
B0051,temporary_stress,7,12372.0,9123.0,2770.0,0.215,54878.0,1
B0051,temporary_stress,8,12582.0,9051.0,2770.0,0.215,54878.0,1
B0051,temporary_stress,9,12471.0,8929.0,2770.0,0.215,54878.0,1
B0051,temporary_stress,10,12530.0,8810.0,2770.0,0.215,54878.0,1
B0051,temporary_stress,11,12596.0,8802.0,2770.0,0.215,54878.0,1
B0051,temporary_stress,12,12592.0,8778.0,2770.0,0.215,54878.0,1
B0051,temporary_stress,13,12446.0,8500.0,2770.0,0.215,54878.0,1
B0051,temporary_stress,14,12315.0,8303.0,2770.0,0.215,54878.0,1
B0051,temporary_stress,15,12100.0,8611.0,2770.0,0.215,54878.0,1
B0051,temporary_stress,16,12256.0,8570.0,2770.0,0.215,54878.0,1
B0051,temporary_stress,17,7564.0,8372.0,2770.0,0.215,54878.0,0
B0051,temporary_stress,18,7564.0,8612.0,2770.0,0.215,54878.0,0
B0051,temporary_stress,19,7525.0,8827.0,2770.0,0.215,54878.0,0
B0051,temporary_stress,20,9025.0,8588.0,2770.0,0.215,54878.0,0
B0051,temporary_stress,21,9732.0,8579.0,2770.0,0.215,54878.0,0
B0051,temporary_stress,22,10427.0,8587.0,2770.0,0.215,54878.0,0
B0051,temporary_stress,23,11101.0,8540.0,2770.0,0.215,54878.0,0
B0051,temporary_stress,24,11862.0,8602.0,2770.0,0.215,54878.0,1
B0051,temporary_stress,25,12527.0,8797.0,2770.0,0.215,54878.0,1
B0051,temporary_stress,26,12556.0,9009.0,2770.0,0.215,54878.0,1
B0051,temporary_stress,27,12892.0,9004.0,2770.0,0.215,54878.0,1
B0051,temporary_stress,28,12876.0,9050.0,2770.0,0.215,54878.0,1
B0051,temporary_stress,29,12539.0,8933.0,2770.0,0.215,54878.0,1
B0051,temporary_stress,30,12540.0,8830.0,2770.0,0.215,54878.0,1
B0051,temporary_stress,31,12444.0,8669.0,2770.0,0.215,54878.0,1
B0051,temporary_stress,32,12430.0,8970.0,2770.0,0.215,54878.0,1
B0051,temporary_stress,33,12185.0,9125.0,2770.0,0.215,54878.0,1
B0051,temporary_stress,34,12001.0,8992.0,2770.0,0.215,54878.0,1
B0052,temporary_stress,0,11329.0,6334.0,2600.0,0.14,30211.0,1
B0052,temporary_stress,1,11374.0,6471.0,2600.0,0.14,30211.0,1
B0052,temporary_stress,2,11185.0,6474.0,2600.0,0.14,30211.0,1
B0052,temporary_stress,3,11246.0,6484.0,2600.0,0.14,30211.0,1
B0052,temporary_stress,4,11032.0,6493.0,2600.0,0.14,30211.0,1
B0052,temporary_stress,5,10850.0,6550.0,2600.0,0.14,30211.0,1
B0052,temporary_stress,6,10919.0,6585.0,2600.0,0.14,30211.0,1
B0052,temporary_stress,7,10912.0,6538.0,2600.0,0.14,30211.0,1
B0052,temporary_stress,8,10797.0,6218.0,2600.0,0.14,30211.0,1
B0052,temporary_stress,9,10830.0,6407.0,2600.0,0.14,30211.0,1
B0052,temporary_stress,10,10832.0,6541.0,2600.0,0.14,30211.0,1
B0052,temporary_stress,11,10891.0,6678.0,2600.0,0.14,30211.0,1
B0052,temporary_stress,12,11094.0,6768.0,2600.0,0.14,30211.0,1
B0052,temporary_stress,13,11203.0,6703.0,2600.0,0.14,30211.0,1
B0052,temporary_stress,14,11099.0,6628.0,2600.0,0.14,30211.0,1
B0052,temporary_stress,15,6846.0,6597.0,2600.0,0.14,30211.0,0
B0052,temporary_stress,16,6992.0,6783.0,2600.0,0.14,30211.0,0
B0052,temporary_stress,17,6877.0,6915.0,2600.0,0.14,30211.0,0
B0052,temporary_stress,18,6720.0,6748.0,2600.0,0.14,30211.0,0
B0052,temporary_stress,19,7454.0,6648.0,2600.0,0.14,30211.0,0
B0052,temporary_stress,20,8007.0,6603.0,2600.0,0.14,30211.0,0
B0052,temporary_stress,21,8607.0,6448.0,2600.0,0.14,30211.0,0
B0052,temporary_stress,22,9436.0,6349.0,2600.0,0.14,30211.0,1
B0052,temporary_stress,23,10298.0,6357.0,2600.0,0.14,30211.0,1
B0052,temporary_stress,24,11027.0,6498.0,2600.0,0.14,30211.0,1
B0052,temporary_stress,25,11059.0,6581.0,2600.0,0.14,30211.0,1
B0052,temporary_stress,26,11006.0,6507.0,2600.0,0.14,30211.0,1
B0052,temporary_stress,27,10944.0,6437.0,2600.0,0.14,30211.0,1
B0052,temporary_stress,28,11122.0,6488.0,2600.0,0.14,30211.0,1
B0052,temporary_stress,29,11389.0,6430.0,2600.0,0.14,30211.0,1
B0052,temporary_stress,30,11393.0,6441.0,2600.0,0.14,30211.0,1
B0052,temporary_stress,31,11018.0,6360.0,2600.0,0.14,30211.0,1
B0053,temporary_stress,0,11507.0,6356.0,1971.0,0.226,46508.0,1
B0053,temporary_stress,1,11996.0,6451.0,1971.0,0.226,46508.0,1
B0053,temporary_stress,2,12163.0,6187.0,1971.0,0.226,46508.0,1
B0053,temporary_stress,3,12377.0,6379.0,1971.0,0.226,46508.0,1
B0053,temporary_stress,4,12255.0,6382.0,1971.0,0.226,46508.0,1
B0053,temporary_stress,5,11938.0,6152.0,1971.0,0.226,46508.0,1
B0053,temporary_stress,6,11870.0,6297.0,1971.0,0.226,46508.0,1
B0053,temporary_stress,7,11832.0,6389.0,1971.0,0.226,46508.0,1
B0053,temporary_stress,8,11727.0,6367.0,1971.0,0.226,46508.0,1
B0053,temporary_stress,9,11848.0,6280.0,1971.0,0.226,46508.0,1
B0053,temporary_stress,10,11718.0,6389.0,1971.0,0.226,46508.0,1
B0053,temporary_stress,11,11574.0,6408.0,1971.0,0.226,46508.0,1
B0053,temporary_stress,12,11686.0,6174.0,1971.0,0.226,46508.0,1
B0053,temporary_stress,13,11565.0,6192.0,1971.0,0.226,46508.0,1
B0053,temporary_stress,14,6387.0,6263.0,1971.0,0.226,46508.0,0
B0053,temporary_stress,15,6396.0,6167.0,1971.0,0.226,46508.0,0
B0053,temporary_stress,16,6513.0,6278.0,1971.0,0.226,46508.0,0
B0053,temporary_stress,17,6484.0,6266.0,1971.0,0.226,46508.0,0
B0053,temporary_stress,18,6507.0,6162.0,1971.0,0.226,46508.0,0
B0053,temporary_stress,19,6587.0,5853.0,1971.0,0.226,46508.0,0
B0053,temporary_stress,20,7214.0,6171.0,1971.0,0.226,46508.0,0
B0053,temporary_stress,21,8156.0,6287.0,1971.0,0.226,46508.0,0
B0053,temporary_stress,22,9018.0,6232.0,1971.0,0.226,46508.0,1
B0053,temporary_stress,23,9810.0,6170.0,1971.0,0.226,46508.0,1
B0053,temporary_stress,24,10732.0,6322.0,1971.0,0.226,46508.0,1
B0053,temporary_stress,25,11672.0,6195.0,1971.0,0.226,46508.0,1
B0053,temporary_stress,26,11629.0,6281.0,1971.0,0.226,46508.0,1
B0053,temporary_stress,27,11557.0,6160.0,1971.0,0.226,46508.0,1
B0053,temporary_stress,28,11639.0,6008.0,1971.0,0.226,46508.0,1
B0053,temporary_stress,29,11571.0,6256.0,1971.0,0.226,46508.0,1
B0053,temporary_stress,30,11552.0,6308.0,1971.0,0.226,46508.0,1
B0054,temporary_stress,0,19423.0,11335.0,2582.0,0.09,74164.0,1
B0054,temporary_stress,1,19615.0,11412.0,2582.0,0.09,74164.0,1
B0054,temporary_stress,2,19612.0,11644.0,2582.0,0.09,74164.0,1
B0054,temporary_stress,3,19338.0,11476.0,2582.0,0.09,74164.0,1
B0054,temporary_stress,4,18995.0,11666.0,2582.0,0.09,74164.0,1
B0054,temporary_stress,5,19033.0,11811.0,2582.0,0.09,74164.0,1
B0054,temporary_stress,6,18922.0,11376.0,2582.0,0.09,74164.0,1
B0054,temporary_stress,7,18603.0,11322.0,2582.0,0.09,74164.0,1
B0054,temporary_stress,8,18523.0,11548.0,2582.0,0.09,74164.0,1
B0054,temporary_stress,9,18752.0,11642.0,2582.0,0.09,74164.0,1
B0054,temporary_stress,10,18558.0,11989.0,2582.0,0.09,74164.0,1
B0054,temporary_stress,11,18731.0,12064.0,2582.0,0.09,74164.0,1
B0054,temporary_stress,12,18757.0,12036.0,2582.0,0.09,74164.0,1
B0054,temporary_stress,13,18892.0,12119.0,2582.0,0.09,74164.0,1
B0054,temporary_stress,14,18773.0,11877.0,2582.0,0.09,74164.0,1
B0054,temporary_stress,15,19215.0,11957.0,2582.0,0.09,74164.0,1
B0054,temporary_stress,16,19211.0,12367.0,2582.0,0.09,74164.0,1
B0054,temporary_stress,17,8826.0,12529.0,2582.0,0.09,74164.0,0
B0054,temporary_stress,18,9023.0,11928.0,2582.0,0.09,74164.0,0
B0054,temporary_stress,19,8909.0,11858.0,2582.0,0.09,74164.0,0
B0054,temporary_stress,20,8825.0,12187.0,2582.0,0.09,74164.0,0
B0054,temporary_stress,21,12378.0,11821.0,2582.0,0.09,74164.0,0
B0054,temporary_stress,22,14003.0,11450.0,2582.0,0.09,74164.0,0
B0054,temporary_stress,23,15527.0,11718.0,2582.0,0.09,74164.0,1
B0054,temporary_stress,24,17277.0,11741.0,2582.0,0.09,74164.0,1
B0054,temporary_stress,25,18574.0,11772.0,2582.0,0.09,74164.0,1
B0054,temporary_stress,26,18506.0,11825.0,2582.0,0.09,74164.0,1
B0054,temporary_stress,27,18845.0,11503.0,2582.0,0.09,74164.0,1
B0054,temporary_stress,28,19196.0,11335.0,2582.0,0.09,74164.0,1
B0054,temporary_stress,29,18974.0,11427.0,2582.0,0.09,74164.0,1
B0054,temporary_stress,30,19048.0,11796.0,2582.0,0.09,74164.0,1
B0054,temporary_stress,31,19039.0,11490.0,2582.0,0.09,74164.0,1
B0054,temporary_stress,32,19089.0,10997.0,2582.0,0.09,74164.0,1
B0054,temporary_stress,33,19432.0,11589.0,2582.0,0.09,74164.0,1
B0054,temporary_stress,34,19577.0,11502.0,2582.0,0.09,74164.0,1
B0054,temporary_stress,35,19044.0,10695.0,2582.0,0.09,74164.0,1
B0055,temporary_stress,0,13529.0,9541.0,2411.0,0.193,34736.0,1
B0055,temporary_stress,1,13380.0,9752.0,2411.0,0.193,34736.0,1
B0055,temporary_stress,2,13436.0,9871.0,2411.0,0.193,34736.0,1
B0055,temporary_stress,3,13566.0,9606.0,2411.0,0.193,34736.0,1
B0055,temporary_stress,4,13450.0,9724.0,2411.0,0.193,34736.0,1
B0055,temporary_stress,5,13603.0,9998.0,2411.0,0.193,34736.0,1
B0055,temporary_stress,6,13714.0,10069.0,2411.0,0.193,34736.0,1
B0055,temporary_stress,7,13444.0,9953.0,2411.0,0.193,34736.0,1
B0055,temporary_stress,8,13487.0,9892.0,2411.0,0.193,34736.0,1
B0055,temporary_stress,9,13427.0,10007.0,2411.0,0.193,34736.0,1
B0055,temporary_stress,10,13247.0,10005.0,2411.0,0.193,34736.0,1
B0055,temporary_stress,11,13088.0,9929.0,2411.0,0.193,34736.0,1
B0055,temporary_stress,12,13047.0,9911.0,2411.0,0.193,34736.0,1
B0055,temporary_stress,13,7550.0,9881.0,2411.0,0.193,34736.0,0
B0055,temporary_stress,14,7553.0,9791.0,2411.0,0.193,34736.0,0
B0055,temporary_stress,15,7605.0,10043.0,2411.0,0.193,34736.0,0
B0055,temporary_stress,16,7622.0,10075.0,2411.0,0.193,34736.0,0
B0055,temporary_stress,17,8466.0,9616.0,2411.0,0.193,34736.0,0
B0055,temporary_stress,18,9320.0,9138.0,2411.0,0.193,34736.0,0
B0055,temporary_stress,19,10061.0,9331.0,2411.0,0.193,34736.0,0
B0055,temporary_stress,20,10714.0,9660.0,2411.0,0.193,34736.0,0
B0055,temporary_stress,21,11633.0,9530.0,2411.0,0.193,34736.0,0
B0055,temporary_stress,22,12336.0,9584.0,2411.0,0.193,34736.0,1
B0055,temporary_stress,23,13017.0,9455.0,2411.0,0.193,34736.0,1
B0055,temporary_stress,24,13504.0,9680.0,2411.0,0.193,34736.0,1
B0055,temporary_stress,25,13370.0,9716.0,2411.0,0.193,34736.0,1
B0055,temporary_stress,26,13374.0,9655.0,2411.0,0.193,34736.0,1
B0055,temporary_stress,27,13283.0,9638.0,2411.0,0.193,34736.0,1
B0055,temporary_stress,28,13494.0,9692.0,2411.0,0.193,34736.0,1
B0055,temporary_stress,29,13626.0,9559.0,2411.0,0.193,34736.0,1
B0055,temporary_stress,30,13423.0,9744.0,2411.0,0.193,34736.0,1
B0055,temporary_stress,31,13243.0,9888.0,2411.0,0.193,34736.0,1
B0055,temporary_stress,32,13171.0,10014.0,2411.0,0.193,34736.0,1
B0055,temporary_stress,33,13191.0,9569.0,2411.0,0.193,34736.0,1
B0055,temporary_stress,34,13318.0,9737.0,2411.0,0.193,34736.0,1
B0055,temporary_stress,35,13360.0,9808.0,2411.0,0.193,34736.0,1
B0055,temporary_stress,36,13538.0,10039.0,2411.0,0.193,34736.0,1
B0055,temporary_stress,37,13810.0,10060.0,2411.0,0.193,34736.0,1
B0055,temporary_stress,38,13690.0,9608.0,2411.0,0.193,34736.0,1
B0056,structural_decline,0,13743.0,9538.0,2460.0,0.139,71242.0,1
B0056,structural_decline,1,13825.0,9536.0,2460.0,0.139,71242.0,1
B0056,structural_decline,2,14229.0,9742.0,2460.0,0.139,71242.0,1
B0056,structural_decline,3,14324.0,9457.0,2460.0,0.139,71242.0,1
B0056,structural_decline,4,14137.0,9368.0,2460.0,0.139,71242.0,1
B0056,structural_decline,5,14011.0,9282.0,2460.0,0.139,71242.0,1
B0056,structural_decline,6,14212.0,9173.0,2460.0,0.139,71242.0,1
B0056,structural_decline,7,14143.0,9313.0,2460.0,0.139,71242.0,1
B0056,structural_decline,8,14008.0,9381.0,2460.0,0.139,71242.0,1
B0056,structural_decline,9,13951.0,9414.0,2460.0,0.139,71242.0,1
B0056,structural_decline,10,14048.0,9449.0,2460.0,0.139,71242.0,1
B0056,structural_decline,11,14037.0,9360.0,2460.0,0.139,71242.0,1
B0056,structural_decline,12,14002.0,9517.0,2460.0,0.139,71242.0,1
B0056,structural_decline,13,14046.0,9252.0,2460.0,0.139,71242.0,1
B0056,structural_decline,14,14192.0,8972.0,2460.0,0.139,71242.0,1
B0056,structural_decline,15,14268.0,8931.0,2460.0,0.139,71242.0,1
B0056,structural_decline,16,14301.0,9055.0,2460.0,0.139,71242.0,1
B0056,structural_decline,17,14045.0,9162.0,2460.0,0.139,71242.0,1
B0056,structural_decline,18,13892.0,9262.0,2460.0,0.139,71242.0,1
B0056,structural_decline,19,13964.0,9303.0,2460.0,0.139,71242.0,1
B0056,structural_decline,20,13796.0,9370.0,2460.0,0.139,71242.0,1
B0056,structural_decline,21,13914.0,9207.0,2460.0,0.139,71242.0,1
B0056,structural_decline,22,14276.0,9299.0,2460.0,0.139,71242.0,1
B0056,structural_decline,23,14406.0,9312.0,2460.0,0.139,71242.0,1
B0056,structural_decline,24,13953.0,9314.0,2460.0,0.139,71242.0,1
B0056,structural_decline,25,13542.0,9213.0,2460.0,0.139,71242.0,1
B0056,structural_decline,26,13200.0,9339.0,2460.0,0.139,71242.0,1
B0056,structural_decline,27,12963.0,9314.0,2460.0,0.139,71242.0,1
B0056,structural_decline,28,12718.0,9604.0,2460.0,0.139,71242.0,1
B0056,structural_decline,29,12440.0,9177.0,2460.0,0.139,71242.0,1
B0056,structural_decline,30,12094.0,9195.0,2460.0,0.139,71242.0,1
B0056,structural_decline,31,9893.0,9470.0,2460.0,0.139,71242.0,0
B0056,structural_decline,32,9550.0,9844.0,2460.0,0.139,71242.0,0
B0056,structural_decline,33,11231.0,9827.0,2460.0,0.139,71242.0,0
B0056,structural_decline,34,11396.0,9455.0,2460.0,0.139,71242.0,0
B0056,structural_decline,35,11379.0,9539.0,2460.0,0.139,71242.0,0
B0056,structural_decline,36,10887.0,9373.0,2460.0,0.139,71242.0,0
B0056,structural_decline,37,10541.0,9833.0,2460.0,0.139,71242.0,0
B0057,structural_decline,0,16391.0,12653.0,2949.0,0.146,77941.0,1
B0057,structural_decline,1,16640.0,12678.0,2949.0,0.146,77941.0,1
B0057,structural_decline,2,16599.0,12278.0,2949.0,0.146,77941.0,1
B0057,structural_decline,3,16563.0,12576.0,2949.0,0.146,77941.0,1
B0057,structural_decline,4,16747.0,12635.0,2949.0,0.146,77941.0,1
B0057,structural_decline,5,16485.0,12330.0,2949.0,0.146,77941.0,1
B0057,structural_decline,6,16353.0,11941.0,2949.0,0.146,77941.0,1
B0057,structural_decline,7,16618.0,12133.0,2949.0,0.146,77941.0,1
B0057,structural_decline,8,16521.0,12591.0,2949.0,0.146,77941.0,1
B0057,structural_decline,9,16549.0,12641.0,2949.0,0.146,77941.0,1
B0057,structural_decline,10,16558.0,12322.0,2949.0,0.146,77941.0,1
B0057,structural_decline,11,16833.0,12295.0,2949.0,0.146,77941.0,1
B0057,structural_decline,12,16799.0,12543.0,2949.0,0.146,77941.0,1
B0057,structural_decline,13,16749.0,12386.0,2949.0,0.146,77941.0,1
B0057,structural_decline,14,16524.0,12370.0,2949.0,0.146,77941.0,1
B0057,structural_decline,15,16433.0,12196.0,2949.0,0.146,77941.0,1
B0057,structural_decline,16,16610.0,11949.0,2949.0,0.146,77941.0,1
B0057,structural_decline,17,16789.0,12742.0,2949.0,0.146,77941.0,1
B0057,structural_decline,18,16522.0,12626.0,2949.0,0.146,77941.0,1
B0057,structural_decline,19,16252.0,12525.0,2949.0,0.146,77941.0,1
B0057,structural_decline,20,15813.0,11900.0,2949.0,0.146,77941.0,1
B0057,structural_decline,21,15465.0,11647.0,2949.0,0.146,77941.0,1
B0057,structural_decline,22,14805.0,11954.0,2949.0,0.146,77941.0,0
B0057,structural_decline,23,14428.0,11688.0,2949.0,0.146,77941.0,0
B0057,structural_decline,24,14115.0,11823.0,2949.0,0.146,77941.0,0
B0057,structural_decline,25,13893.0,11983.0,2949.0,0.146,77941.0,0
B0057,structural_decline,26,13557.0,11874.0,2949.0,0.146,77941.0,0
B0057,structural_decline,27,13394.0,12148.0,2949.0,0.146,77941.0,0
B0057,structural_decline,28,13111.0,12256.0,2949.0,0.146,77941.0,0
B0057,structural_decline,29,12840.0,12201.0,2949.0,0.146,77941.0,0
B0057,structural_decline,30,12552.0,12299.0,2949.0,0.146,77941.0,0
B0057,structural_decline,31,10777.0,12671.0,2949.0,0.146,77941.0,0
B0057,structural_decline,32,10715.0,12537.0,2949.0,0.146,77941.0,0
B0057,structural_decline,33,10590.0,12505.0,2949.0,0.146,77941.0,0
B0057,structural_decline,34,10215.0,12480.0,2949.0,0.146,77941.0,0
B0057,structural_decline,35,11280.0,12240.0,2949.0,0.146,77941.0,0
B0057,structural_decline,36,11020.0,12473.0,2949.0,0.146,77941.0,0
B0057,structural_decline,37,10654.0,12904.0,2949.0,0.146,77941.0,0
B0057,structural_decline,38,10352.0,12344.0,2949.0,0.146,77941.0,0
B0058,structural_decline,0,17408.0,8733.0,3052.0,0.184,86069.0,1
B0058,structural_decline,1,17310.0,9164.0,3052.0,0.184,86069.0,1
B0058,structural_decline,2,17041.0,9438.0,3052.0,0.184,86069.0,1
B0058,structural_decline,3,17005.0,9443.0,3052.0,0.184,86069.0,1
B0058,structural_decline,4,17326.0,9408.0,3052.0,0.184,86069.0,1
B0058,structural_decline,5,17513.0,9267.0,3052.0,0.184,86069.0,1
B0058,structural_decline,6,17491.0,9082.0,3052.0,0.184,86069.0,1
B0058,structural_decline,7,17472.0,9433.0,3052.0,0.184,86069.0,1
B0058,structural_decline,8,17119.0,9508.0,3052.0,0.184,86069.0,1
B0058,structural_decline,9,16977.0,9461.0,3052.0,0.184,86069.0,1
B0058,structural_decline,10,17144.0,9236.0,3052.0,0.184,86069.0,1
B0058,structural_decline,11,17349.0,9119.0,3052.0,0.184,86069.0,1
B0058,structural_decline,12,17144.0,9208.0,3052.0,0.184,86069.0,1
B0058,structural_decline,13,17041.0,8971.0,3052.0,0.184,86069.0,1
B0058,structural_decline,14,17261.0,8738.0,3052.0,0.184,86069.0,1
B0058,structural_decline,15,17112.0,8624.0,3052.0,0.184,86069.0,1
B0058,structural_decline,16,16964.0,8819.0,3052.0,0.184,86069.0,1
B0058,structural_decline,17,16958.0,8940.0,3052.0,0.184,86069.0,1
B0058,structural_decline,18,17231.0,8736.0,3052.0,0.184,86069.0,1
B0058,structural_decline,19,17320.0,8707.0,3052.0,0.184,86069.0,1
B0058,structural_decline,20,17369.0,9034.0,3052.0,0.184,86069.0,1
B0058,structural_decline,21,17213.0,9356.0,3052.0,0.184,86069.0,1
B0058,structural_decline,22,17299.0,9270.0,3052.0,0.184,86069.0,1
B0058,structural_decline,23,17386.0,9237.0,3052.0,0.184,86069.0,1
B0058,structural_decline,24,17229.0,9116.0,3052.0,0.184,86069.0,1
B0058,structural_decline,25,17185.0,9313.0,3052.0,0.184,86069.0,1
B0058,structural_decline,26,16705.0,9367.0,3052.0,0.184,86069.0,1
B0058,structural_decline,27,16271.0,9096.0,3052.0,0.184,86069.0,1
B0058,structural_decline,28,16051.0,9147.0,3052.0,0.184,86069.0,1
B0058,structural_decline,29,15710.0,9274.0,3052.0,0.184,86069.0,1
B0058,structural_decline,30,15328.0,9358.0,3052.0,0.184,86069.0,1
B0058,structural_decline,31,15118.0,9133.0,3052.0,0.184,86069.0,1
B0058,structural_decline,32,15004.0,8915.0,3052.0,0.184,86069.0,1
B0058,structural_decline,33,14868.0,9176.0,3052.0,0.184,86069.0,1
B0058,structural_decline,34,14569.0,9603.0,3052.0,0.184,86069.0,1
B0058,structural_decline,35,14269.0,9560.0,3052.0,0.184,86069.0,1
B0058,structural_decline,36,13894.0,9142.0,3052.0,0.184,86069.0,1
B0058,structural_decline,37,13452.0,8930.0,3052.0,0.184,86069.0,1
B0058,structural_decline,38,13012.0,8860.0,3052.0,0.184,86069.0,1
B0059,structural_decline,0,15291.0,10544.0,1921.0,0.237,76170.0,1
B0059,structural_decline,1,15012.0,10517.0,1921.0,0.237,76170.0,1
B0059,structural_decline,2,14825.0,10688.0,1921.0,0.237,76170.0,1
B0059,structural_decline,3,15068.0,10328.0,1921.0,0.237,76170.0,1
B0059,structural_decline,4,15316.0,10462.0,1921.0,0.237,76170.0,1
B0059,structural_decline,5,15227.0,10516.0,1921.0,0.237,76170.0,1
B0059,structural_decline,6,15292.0,10512.0,1921.0,0.237,76170.0,1
B0059,structural_decline,7,15093.0,10521.0,1921.0,0.237,76170.0,1
B0059,structural_decline,8,15288.0,10387.0,1921.0,0.237,76170.0,1
B0059,structural_decline,9,15048.0,10415.0,1921.0,0.237,76170.0,1
B0059,structural_decline,10,14557.0,10902.0,1921.0,0.237,76170.0,1
B0059,structural_decline,11,11786.0,11112.0,1921.0,0.237,76170.0,0
B0059,structural_decline,12,11500.0,11060.0,1921.0,0.237,76170.0,0
B0059,structural_decline,13,11160.0,11092.0,1921.0,0.237,76170.0,0
B0059,structural_decline,14,13217.0,10740.0,1921.0,0.237,76170.0,1
B0059,structural_decline,15,12931.0,10228.0,1921.0,0.237,76170.0,1
B0059,structural_decline,16,13055.0,10456.0,1921.0,0.237,76170.0,1
B0059,structural_decline,17,12801.0,10689.0,1921.0,0.237,76170.0,1
B0059,structural_decline,18,12334.0,10356.0,1921.0,0.237,76170.0,1
B0059,structural_decline,19,12087.0,10716.0,1921.0,0.237,76170.0,0
B0059,structural_decline,20,11995.0,10935.0,1921.0,0.237,76170.0,0
B0059,structural_decline,21,11608.0,10824.0,1921.0,0.237,76170.0,0
B0059,structural_decline,22,11517.0,10547.0,1921.0,0.237,76170.0,0
B0059,structural_decline,23,11375.0,10581.0,1921.0,0.237,76170.0,0
B0059,structural_decline,24,11051.0,10652.0,1921.0,0.237,76170.0,0
B0059,structural_decline,25,10735.0,10712.0,1921.0,0.237,76170.0,0
B0059,structural_decline,26,10525.0,10501.0,1921.0,0.237,76170.0,0
B0059,structural_decline,27,10281.0,10408.0,1921.0,0.237,76170.0,0
B0059,structural_decline,28,10104.0,11024.0,1921.0,0.237,76170.0,0
B0059,structural_decline,29,9835.0,10806.0,1921.0,0.237,76170.0,0
B0059,structural_decline,30,9789.0,10488.0,1921.0,0.237,76170.0,0
B0059,structural_decline,31,9526.0,10457.0,1921.0,0.237,76170.0,0
B0059,structural_decline,32,9237.0,10664.0,1921.0,0.237,76170.0,0
B0059,structural_decline,33,9134.0,10648.0,1921.0,0.237,76170.0,0
B0059,structural_decline,34,8927.0,10516.0,1921.0,0.237,76170.0,0
B0059,structural_decline,35,8581.0,10076.0,1921.0,0.237,76170.0,0
B0059,structural_decline,36,8281.0,10071.0,1921.0,0.237,76170.0,0
B0059,structural_decline,37,8066.0,10796.0,1921.0,0.237,76170.0,0
B0060,stable,0,20230.0,12639.0,4365.0,0.242,66173.0,1
B0060,stable,1,19757.0,12700.0,4365.0,0.242,66173.0,1
B0060,stable,2,19857.0,12563.0,4365.0,0.242,66173.0,1
B0060,stable,3,19965.0,12855.0,4365.0,0.242,66173.0,1
B0060,stable,4,20021.0,13077.0,4365.0,0.242,66173.0,1
B0060,stable,5,19935.0,12545.0,4365.0,0.242,66173.0,1
B0060,stable,6,20051.0,12496.0,4365.0,0.242,66173.0,1
B0060,stable,7,19560.0,12989.0,4365.0,0.242,66173.0,1
B0060,stable,8,19912.0,13009.0,4365.0,0.242,66173.0,1
B0060,stable,9,19910.0,13072.0,4365.0,0.242,66173.0,1
B0060,stable,10,20473.0,12620.0,4365.0,0.242,66173.0,1
B0060,stable,11,20735.0,12875.0,4365.0,0.242,66173.0,1
B0060,stable,12,20631.0,12723.0,4365.0,0.242,66173.0,1
B0060,stable,13,20796.0,12377.0,4365.0,0.242,66173.0,1
B0060,stable,14,21103.0,12778.0,4365.0,0.242,66173.0,1
B0060,stable,15,21395.0,13241.0,4365.0,0.242,66173.0,1
B0060,stable,16,21340.0,12979.0,4365.0,0.242,66173.0,1
B0060,stable,17,21466.0,12635.0,4365.0,0.242,66173.0,1
B0060,stable,18,21517.0,12344.0,4365.0,0.242,66173.0,1
B0060,stable,19,21546.0,12047.0,4365.0,0.242,66173.0,1
B0060,stable,20,21421.0,12050.0,4365.0,0.242,66173.0,1
B0060,stable,21,21363.0,12420.0,4365.0,0.242,66173.0,1
B0060,stable,22,21333.0,12766.0,4365.0,0.242,66173.0,1
B0060,stable,23,21241.0,12789.0,4365.0,0.242,66173.0,1
B0060,stable,24,21087.0,12981.0,4365.0,0.242,66173.0,1
B0060,stable,25,20857.0,12488.0,4365.0,0.242,66173.0,1
B0060,stable,26,20767.0,12365.0,4365.0,0.242,66173.0,1
B0060,stable,27,20783.0,12681.0,4365.0,0.242,66173.0,1
B0060,stable,28,21029.0,12924.0,4365.0,0.242,66173.0,1
B0060,stable,29,20984.0,13295.0,4365.0,0.242,66173.0,1
B0060,stable,30,21225.0,13181.0,4365.0,0.242,66173.0,1
B0060,stable,31,21573.0,12893.0,4365.0,0.242,66173.0,1
B0060,stable,32,21954.0,12768.0,4365.0,0.242,66173.0,1
B0060,stable,33,22219.0,13246.0,4365.0,0.242,66173.0,1
B0060,stable,34,22415.0,13632.0,4365.0,0.242,66173.0,1
B0060,stable,35,22343.0,13038.0,4365.0,0.242,66173.0,1
B0060,stable,36,22103.0,12424.0,4365.0,0.242,66173.0,1
B0060,stable,37,22293.0,12305.0,4365.0,0.242,66173.0,1
B0060,stable,38,22522.0,12573.0,4365.0,0.242,66173.0,1
B0061,temporary_stress,0,19279.0,12035.0,4219.0,0.28,55625.0,1
B0061,temporary_stress,1,19354.0,12401.0,4219.0,0.28,55625.0,1
B0061,temporary_stress,2,19116.0,12714.0,4219.0,0.28,55625.0,1
B0061,temporary_stress,3,19313.0,12583.0,4219.0,0.28,55625.0,1
B0061,temporary_stress,4,19811.0,12498.0,4219.0,0.28,55625.0,1
B0061,temporary_stress,5,19732.0,12655.0,4219.0,0.28,55625.0,1
B0061,temporary_stress,6,19241.0,12839.0,4219.0,0.28,55625.0,1
B0061,temporary_stress,7,19084.0,12471.0,4219.0,0.28,55625.0,1
B0061,temporary_stress,8,9495.0,12882.0,4219.0,0.28,55625.0,0
B0061,temporary_stress,9,9384.0,13403.0,4219.0,0.28,55625.0,0
B0061,temporary_stress,10,9360.0,13061.0,4219.0,0.28,55625.0,0
B0061,temporary_stress,11,9328.0,12956.0,4219.0,0.28,55625.0,0
B0061,temporary_stress,12,9172.0,12654.0,4219.0,0.28,55625.0,0
B0061,temporary_stress,13,9278.0,12630.0,4219.0,0.28,55625.0,0
B0061,temporary_stress,14,9862.0,12796.0,4219.0,0.28,55625.0,0
B0061,temporary_stress,15,12843.0,12723.0,4219.0,0.28,55625.0,0
B0061,temporary_stress,16,15961.0,12617.0,4219.0,0.28,55625.0,0
B0061,temporary_stress,17,18888.0,12878.0,4219.0,0.28,55625.0,1
B0061,temporary_stress,18,18886.0,12773.0,4219.0,0.28,55625.0,1
B0061,temporary_stress,19,18641.0,12871.0,4219.0,0.28,55625.0,1
B0061,temporary_stress,20,18517.0,12855.0,4219.0,0.28,55625.0,1
B0061,temporary_stress,21,18945.0,12997.0,4219.0,0.28,55625.0,1
B0061,temporary_stress,22,19296.0,12620.0,4219.0,0.28,55625.0,1
B0061,temporary_stress,23,19318.0,12441.0,4219.0,0.28,55625.0,1
B0061,temporary_stress,24,19176.0,12644.0,4219.0,0.28,55625.0,1
B0061,temporary_stress,25,19052.0,12216.0,4219.0,0.28,55625.0,1
B0061,temporary_stress,26,18968.0,12243.0,4219.0,0.28,55625.0,1
B0061,temporary_stress,27,18831.0,12447.0,4219.0,0.28,55625.0,1
B0061,temporary_stress,28,18522.0,12739.0,4219.0,0.28,55625.0,1
B0061,temporary_stress,29,18386.0,12677.0,4219.0,0.28,55625.0,1
B0061,temporary_stress,30,18625.0,12684.0,4219.0,0.28,55625.0,1
B0061,temporary_stress,31,18601.0,12917.0,4219.0,0.28,55625.0,1
B0061,temporary_stress,32,19113.0,12672.0,4219.0,0.28,55625.0,1
B0062,stable,0,12312.0,9166.0,2432.0,0.189,58312.0,1
B0062,stable,1,12413.0,8954.0,2432.0,0.189,58312.0,1
B0062,stable,2,12237.0,9091.0,2432.0,0.189,58312.0,1
B0062,stable,3,12058.0,9064.0,2432.0,0.189,58312.0,1
B0062,stable,4,12101.0,8866.0,2432.0,0.189,58312.0,1
B0062,stable,5,12208.0,9060.0,2432.0,0.189,58312.0,1
B0062,stable,6,12298.0,9189.0,2432.0,0.189,58312.0,1
B0062,stable,7,12356.0,9079.0,2432.0,0.189,58312.0,1
B0062,stable,8,12650.0,9020.0,2432.0,0.189,58312.0,1
B0062,stable,9,12644.0,8734.0,2432.0,0.189,58312.0,1
B0062,stable,10,12898.0,8744.0,2432.0,0.189,58312.0,1
B0062,stable,11,13108.0,8932.0,2432.0,0.189,58312.0,1
B0062,stable,12,13136.0,8708.0,2432.0,0.189,58312.0,1
B0062,stable,13,13080.0,8853.0,2432.0,0.189,58312.0,1
B0062,stable,14,13109.0,9101.0,2432.0,0.189,58312.0,1
B0062,stable,15,13252.0,9345.0,2432.0,0.189,58312.0,1
B0062,stable,16,13052.0,9518.0,2432.0,0.189,58312.0,1
B0062,stable,17,12741.0,9351.0,2432.0,0.189,58312.0,1
B0062,stable,18,12757.0,8954.0,2432.0,0.189,58312.0,1
B0062,stable,19,12624.0,9036.0,2432.0,0.189,58312.0,1
B0062,stable,20,12743.0,9180.0,2432.0,0.189,58312.0,1
B0062,stable,21,12864.0,9107.0,2432.0,0.189,58312.0,1
B0062,stable,22,12983.0,9103.0,2432.0,0.189,58312.0,1
B0062,stable,23,12734.0,8863.0,2432.0,0.189,58312.0,1
B0062,stable,24,12619.0,8985.0,2432.0,0.189,58312.0,1
B0062,stable,25,12706.0,9451.0,2432.0,0.189,58312.0,1
B0062,stable,26,12921.0,9083.0,2432.0,0.189,58312.0,1
B0062,stable,27,13064.0,9004.0,2432.0,0.189,58312.0,1
B0062,stable,28,13214.0,9157.0,2432.0,0.189,58312.0,1
B0062,stable,29,13407.0,9086.0,2432.0,0.189,58312.0,1
B0062,stable,30,13358.0,9329.0,2432.0,0.189,58312.0,1
B0062,stable,31,13174.0,9484.0,2432.0,0.189,58312.0,1
B0062,stable,32,13314.0,9297.0,2432.0,0.189,58312.0,1
B0062,stable,33,13478.0,9669.0,2432.0,0.189,58312.0,1
B0063,stable,0,12033.0,7924.0,2851.0,0.251,57313.0,1
B0063,stable,1,12127.0,7724.0,2851.0,0.251,57313.0,1
B0063,stable,2,12400.0,7754.0,2851.0,0.251,57313.0,1
B0063,stable,3,12587.0,8099.0,2851.0,0.251,57313.0,1
B0063,stable,4,12931.0,8055.0,2851.0,0.251,57313.0,1
B0063,stable,5,12939.0,7830.0,2851.0,0.251,57313.0,1
B0063,stable,6,12742.0,7843.0,2851.0,0.251,57313.0,1
B0063,stable,7,12744.0,7882.0,2851.0,0.251,57313.0,1
B0063,stable,8,12901.0,7675.0,2851.0,0.251,57313.0,1
B0063,stable,9,12732.0,7777.0,2851.0,0.251,57313.0,1
B0063,stable,10,12407.0,7881.0,2851.0,0.251,57313.0,1
B0063,stable,11,12483.0,7717.0,2851.0,0.251,57313.0,1
B0063,stable,12,12534.0,7687.0,2851.0,0.251,57313.0,1
B0063,stable,13,12519.0,7511.0,2851.0,0.251,57313.0,1
B0063,stable,14,12541.0,7730.0,2851.0,0.251,57313.0,1
B0063,stable,15,12353.0,7940.0,2851.0,0.251,57313.0,1
B0063,stable,16,12296.0,8195.0,2851.0,0.251,57313.0,1
B0063,stable,17,12611.0,8017.0,2851.0,0.251,57313.0,1
B0063,stable,18,12590.0,7890.0,2851.0,0.251,57313.0,1
B0063,stable,19,12734.0,8024.0,2851.0,0.251,57313.0,1
B0063,stable,20,12918.0,7985.0,2851.0,0.251,57313.0,1
B0063,stable,21,12909.0,7844.0,2851.0,0.251,57313.0,1
B0063,stable,22,13084.0,8065.0,2851.0,0.251,57313.0,1
B0063,stable,23,13132.0,8372.0,2851.0,0.251,57313.0,1
B0063,stable,24,13203.0,8125.0,2851.0,0.251,57313.0,1
B0063,stable,25,13209.0,7788.0,2851.0,0.251,57313.0,1
B0063,stable,26,13278.0,7925.0,2851.0,0.251,57313.0,1
B0063,stable,27,13541.0,8067.0,2851.0,0.251,57313.0,1
B0063,stable,28,13548.0,8094.0,2851.0,0.251,57313.0,1
B0063,stable,29,13367.0,8204.0,2851.0,0.251,57313.0,1
B0063,stable,30,13143.0,8074.0,2851.0,0.251,57313.0,1
B0063,stable,31,12890.0,8167.0,2851.0,0.251,57313.0,1
B0063,stable,32,12712.0,7916.0,2851.0,0.251,57313.0,1
B0063,stable,33,12902.0,7935.0,2851.0,0.251,57313.0,1
B0063,stable,34,13050.0,7988.0,2851.0,0.251,57313.0,1
B0063,stable,35,13204.0,7611.0,2851.0,0.251,57313.0,1
B0063,stable,36,13333.0,7636.0,2851.0,0.251,57313.0,1
B0063,stable,37,13314.0,7948.0,2851.0,0.251,57313.0,1
B0063,stable,38,13364.0,8048.0,2851.0,0.251,57313.0,1
B0063,stable,39,13421.0,7803.0,2851.0,0.251,57313.0,1
B0063,stable,40,13629.0,7791.0,2851.0,0.251,57313.0,1
B0063,stable,41,13894.0,7579.0,2851.0,0.251,57313.0,1
B0064,temporary_stress,0,14346.0,9060.0,1855.0,0.259,72154.0,1
B0064,temporary_stress,1,14128.0,8645.0,1855.0,0.259,72154.0,1
B0064,temporary_stress,2,14220.0,8598.0,1855.0,0.259,72154.0,1
B0064,temporary_stress,3,14273.0,8948.0,1855.0,0.259,72154.0,1
B0064,temporary_stress,4,14071.0,9414.0,1855.0,0.259,72154.0,1
B0064,temporary_stress,5,14143.0,9480.0,1855.0,0.259,72154.0,1
B0064,temporary_stress,6,14185.0,9096.0,1855.0,0.259,72154.0,1
B0064,temporary_stress,7,14456.0,8940.0,1855.0,0.259,72154.0,1
B0064,temporary_stress,8,14418.0,8813.0,1855.0,0.259,72154.0,1
B0064,temporary_stress,9,14243.0,8987.0,1855.0,0.259,72154.0,1
B0064,temporary_stress,10,14395.0,8988.0,1855.0,0.259,72154.0,1
B0064,temporary_stress,11,14452.0,8816.0,1855.0,0.259,72154.0,1
B0064,temporary_stress,12,14558.0,8864.0,1855.0,0.259,72154.0,1
B0064,temporary_stress,13,7607.0,9057.0,1855.0,0.259,72154.0,0
B0064,temporary_stress,14,7564.0,9311.0,1855.0,0.259,72154.0,0
B0064,temporary_stress,15,7547.0,9447.0,1855.0,0.259,72154.0,0
B0064,temporary_stress,16,7935.0,9370.0,1855.0,0.259,72154.0,0
B0064,temporary_stress,17,8897.0,8708.0,1855.0,0.259,72154.0,0
B0064,temporary_stress,18,10186.0,8353.0,1855.0,0.259,72154.0,0
B0064,temporary_stress,19,11522.0,8608.0,1855.0,0.259,72154.0,1
B0064,temporary_stress,20,12876.0,8630.0,1855.0,0.259,72154.0,1
B0064,temporary_stress,21,13942.0,8819.0,1855.0,0.259,72154.0,1
B0064,temporary_stress,22,14291.0,8755.0,1855.0,0.259,72154.0,1
B0064,temporary_stress,23,14324.0,8693.0,1855.0,0.259,72154.0,1
B0064,temporary_stress,24,14350.0,8887.0,1855.0,0.259,72154.0,1
B0064,temporary_stress,25,14362.0,9119.0,1855.0,0.259,72154.0,1
B0064,temporary_stress,26,14375.0,9069.0,1855.0,0.259,72154.0,1
B0064,temporary_stress,27,14480.0,8931.0,1855.0,0.259,72154.0,1
B0064,temporary_stress,28,14718.0,8759.0,1855.0,0.259,72154.0,1
B0064,temporary_stress,29,14390.0,8675.0,1855.0,0.259,72154.0,1
B0065,stable,0,17586.0,13385.0,2967.0,0.211,68220.0,1
B0065,stable,1,18024.0,13268.0,2967.0,0.211,68220.0,1
B0065,stable,2,18181.0,13075.0,2967.0,0.211,68220.0,1
B0065,stable,3,18356.0,13475.0,2967.0,0.211,68220.0,1
B0065,stable,4,18542.0,13857.0,2967.0,0.211,68220.0,1
B0065,stable,5,18880.0,13973.0,2967.0,0.211,68220.0,1
B0065,stable,6,18974.0,13593.0,2967.0,0.211,68220.0,1
B0065,stable,7,18676.0,13661.0,2967.0,0.211,68220.0,1
B0065,stable,8,18920.0,13731.0,2967.0,0.211,68220.0,1
B0065,stable,9,18816.0,13691.0,2967.0,0.211,68220.0,1
B0065,stable,10,18788.0,14137.0,2967.0,0.211,68220.0,1
B0065,stable,11,18685.0,14202.0,2967.0,0.211,68220.0,1
B0065,stable,12,18422.0,13758.0,2967.0,0.211,68220.0,1
B0065,stable,13,18321.0,13009.0,2967.0,0.211,68220.0,1
B0065,stable,14,18341.0,13093.0,2967.0,0.211,68220.0,1
B0065,stable,15,18270.0,13367.0,2967.0,0.211,68220.0,1
B0065,stable,16,18318.0,13072.0,2967.0,0.211,68220.0,1
B0065,stable,17,18088.0,12665.0,2967.0,0.211,68220.0,1
B0065,stable,18,18384.0,13170.0,2967.0,0.211,68220.0,1
B0065,stable,19,18800.0,13786.0,2967.0,0.211,68220.0,1
B0065,stable,20,18700.0,13764.0,2967.0,0.211,68220.0,1
B0065,stable,21,18682.0,13443.0,2967.0,0.211,68220.0,1
B0065,stable,22,18939.0,13162.0,2967.0,0.211,68220.0,1
B0065,stable,23,19126.0,13113.0,2967.0,0.211,68220.0,1
B0065,stable,24,19573.0,13137.0,2967.0,0.211,68220.0,1
B0065,stable,25,19691.0,12979.0,2967.0,0.211,68220.0,1
B0065,stable,26,19754.0,13008.0,2967.0,0.211,68220.0,1
B0065,stable,27,19950.0,13401.0,2967.0,0.211,68220.0,1
B0065,stable,28,19834.0,13888.0,2967.0,0.211,68220.0,1
B0065,stable,29,19655.0,13665.0,2967.0,0.211,68220.0,1
B0065,stable,30,19604.0,13557.0,2967.0,0.211,68220.0,1
B0065,stable,31,19430.0,13853.0,2967.0,0.211,68220.0,1
B0065,stable,32,19355.0,14083.0,2967.0,0.211,68220.0,1
B0065,stable,33,19504.0,13816.0,2967.0,0.211,68220.0,1
B0065,stable,34,19274.0,13425.0,2967.0,0.211,68220.0,1
B0065,stable,35,19243.0,13928.0,2967.0,0.211,68220.0,1
B0065,stable,36,19386.0,13750.0,2967.0,0.211,68220.0,1
B0065,stable,37,19086.0,13149.0,2967.0,0.211,68220.0,1
B0065,stable,38,19129.0,13019.0,2967.0,0.211,68220.0,1
B0065,stable,39,19340.0,12565.0,2967.0,0.211,68220.0,1
B0066,stable,0,13708.0,6931.0,3180.0,0.228,41337.0,1
B0066,stable,1,13623.0,6987.0,3180.0,0.228,41337.0,1
B0066,stable,2,13689.0,7100.0,3180.0,0.228,41337.0,1
B0066,stable,3,13774.0,7141.0,3180.0,0.228,41337.0,1
B0066,stable,4,13762.0,7168.0,3180.0,0.228,41337.0,1
B0066,stable,5,13608.0,7452.0,3180.0,0.228,41337.0,1
B0066,stable,6,13542.0,7210.0,3180.0,0.228,41337.0,1
B0066,stable,7,13809.0,7036.0,3180.0,0.228,41337.0,1
B0066,stable,8,13847.0,7010.0,3180.0,0.228,41337.0,1
B0066,stable,9,14202.0,7235.0,3180.0,0.228,41337.0,1
B0066,stable,10,14445.0,7365.0,3180.0,0.228,41337.0,1
B0066,stable,11,14501.0,7463.0,3180.0,0.228,41337.0,1
B0066,stable,12,14539.0,7353.0,3180.0,0.228,41337.0,1
B0066,stable,13,14412.0,7349.0,3180.0,0.228,41337.0,1
B0066,stable,14,14035.0,7354.0,3180.0,0.228,41337.0,1
B0066,stable,15,13749.0,7341.0,3180.0,0.228,41337.0,1
B0066,stable,16,13612.0,7259.0,3180.0,0.228,41337.0,1
B0066,stable,17,13827.0,7224.0,3180.0,0.228,41337.0,1
B0066,stable,18,13882.0,7368.0,3180.0,0.228,41337.0,1
B0066,stable,19,13763.0,7603.0,3180.0,0.228,41337.0,1
B0066,stable,20,13667.0,7660.0,3180.0,0.228,41337.0,1
B0066,stable,21,13713.0,7167.0,3180.0,0.228,41337.0,1
B0066,stable,22,13549.0,7028.0,3180.0,0.228,41337.0,1
B0066,stable,23,13258.0,7187.0,3180.0,0.228,41337.0,1
B0066,stable,24,13367.0,7333.0,3180.0,0.228,41337.0,1
B0066,stable,25,13802.0,7234.0,3180.0,0.228,41337.0,1
B0066,stable,26,13821.0,7139.0,3180.0,0.228,41337.0,1
B0066,stable,27,13732.0,7205.0,3180.0,0.228,41337.0,1
B0066,stable,28,14068.0,6998.0,3180.0,0.228,41337.0,1
B0066,stable,29,14127.0,7018.0,3180.0,0.228,41337.0,1
B0066,stable,30,14283.0,7000.0,3180.0,0.228,41337.0,1
B0066,stable,31,14250.0,6948.0,3180.0,0.228,41337.0,1
B0066,stable,32,14415.0,6940.0,3180.0,0.228,41337.0,1
B0066,stable,33,14364.0,7044.0,3180.0,0.228,41337.0,1
B0066,stable,34,14111.0,7050.0,3180.0,0.228,41337.0,1
B0066,stable,35,13974.0,6943.0,3180.0,0.228,41337.0,1
B0067,temporary_stress,0,19017.0,14442.0,3747.0,0.219,58815.0,1
B0067,temporary_stress,1,19158.0,14013.0,3747.0,0.219,58815.0,1
B0067,temporary_stress,2,19510.0,13648.0,3747.0,0.219,58815.0,1
B0067,temporary_stress,3,19643.0,13503.0,3747.0,0.219,58815.0,1
B0067,temporary_stress,4,19098.0,13587.0,3747.0,0.219,58815.0,1
B0067,temporary_stress,5,18863.0,13512.0,3747.0,0.219,58815.0,1
B0067,temporary_stress,6,19362.0,13210.0,3747.0,0.219,58815.0,1
B0067,temporary_stress,7,19763.0,12993.0,3747.0,0.219,58815.0,1
B0067,temporary_stress,8,19654.0,13224.0,3747.0,0.219,58815.0,1
B0067,temporary_stress,9,19518.0,13397.0,3747.0,0.219,58815.0,1
B0067,temporary_stress,10,19692.0,12910.0,3747.0,0.219,58815.0,1
B0067,temporary_stress,11,20242.0,13366.0,3747.0,0.219,58815.0,1
B0067,temporary_stress,12,20637.0,14306.0,3747.0,0.219,58815.0,1
B0067,temporary_stress,13,20433.0,14259.0,3747.0,0.219,58815.0,1
B0067,temporary_stress,14,20106.0,14428.0,3747.0,0.219,58815.0,1
B0067,temporary_stress,15,19868.0,14351.0,3747.0,0.219,58815.0,1
B0067,temporary_stress,16,19620.0,14290.0,3747.0,0.219,58815.0,1
B0067,temporary_stress,17,19477.0,14125.0,3747.0,0.219,58815.0,1
B0067,temporary_stress,18,19202.0,13834.0,3747.0,0.219,58815.0,1
B0067,temporary_stress,19,18704.0,14105.0,3747.0,0.219,58815.0,1
B0067,temporary_stress,20,18627.0,14479.0,3747.0,0.219,58815.0,1
B0067,temporary_stress,21,19154.0,14212.0,3747.0,0.219,58815.0,1
B0067,temporary_stress,22,12494.0,13964.0,3747.0,0.219,58815.0,0
B0067,temporary_stress,23,12500.0,14145.0,3747.0,0.219,58815.0,0
B0067,temporary_stress,24,12676.0,14357.0,3747.0,0.219,58815.0,0
B0067,temporary_stress,25,13227.0,13998.0,3747.0,0.219,58815.0,0
B0067,temporary_stress,26,14714.0,14451.0,3747.0,0.219,58815.0,0
B0067,temporary_stress,27,16391.0,14113.0,3747.0,0.219,58815.0,0
B0067,temporary_stress,28,18293.0,13865.0,3747.0,0.219,58815.0,1
B0067,temporary_stress,29,19759.0,13819.0,3747.0,0.219,58815.0,1
B0067,temporary_stress,30,19814.0,13936.0,3747.0,0.219,58815.0,1
B0067,temporary_stress,31,19753.0,13968.0,3747.0,0.219,58815.0,1
B0067,temporary_stress,32,19548.0,13931.0,3747.0,0.219,58815.0,1
B0067,temporary_stress,33,19413.0,13605.0,3747.0,0.219,58815.0,1
B0067,temporary_stress,34,19332.0,13319.0,3747.0,0.219,58815.0,1
B0067,temporary_stress,35,19167.0,13317.0,3747.0,0.219,58815.0,1
B0067,temporary_stress,36,18951.0,13188.0,3747.0,0.219,58815.0,1
B0067,temporary_stress,37,19132.0,13186.0,3747.0,0.219,58815.0,1
B0067,temporary_stress,38,19490.0,13677.0,3747.0,0.219,58815.0,1
B0067,temporary_stress,39,19830.0,13634.0,3747.0,0.219,58815.0,1
B0067,temporary_stress,40,19712.0,13037.0,3747.0,0.219,58815.0,1
B0067,temporary_stress,41,19016.0,13012.0,3747.0,0.219,58815.0,1
B0068,temporary_stress,0,15972.0,11562.0,3180.0,0.211,60761.0,1
B0068,temporary_stress,1,15937.0,11053.0,3180.0,0.211,60761.0,1
B0068,temporary_stress,2,16310.0,11103.0,3180.0,0.211,60761.0,1
B0068,temporary_stress,3,16266.0,11214.0,3180.0,0.211,60761.0,1
B0068,temporary_stress,4,16248.0,11415.0,3180.0,0.211,60761.0,1
B0068,temporary_stress,5,16279.0,11713.0,3180.0,0.211,60761.0,1
B0068,temporary_stress,6,16228.0,12195.0,3180.0,0.211,60761.0,1
B0068,temporary_stress,7,15995.0,11964.0,3180.0,0.211,60761.0,1
B0068,temporary_stress,8,15746.0,11482.0,3180.0,0.211,60761.0,1
B0068,temporary_stress,9,15318.0,11254.0,3180.0,0.211,60761.0,1
B0068,temporary_stress,10,15340.0,11197.0,3180.0,0.211,60761.0,1
B0068,temporary_stress,11,15604.0,11410.0,3180.0,0.211,60761.0,1
B0068,temporary_stress,12,15623.0,10972.0,3180.0,0.211,60761.0,1
B0068,temporary_stress,13,15543.0,10941.0,3180.0,0.211,60761.0,1
B0068,temporary_stress,14,15613.0,11329.0,3180.0,0.211,60761.0,1
B0068,temporary_stress,15,15922.0,11457.0,3180.0,0.211,60761.0,1
B0068,temporary_stress,16,15998.0,11396.0,3180.0,0.211,60761.0,1
B0068,temporary_stress,17,7713.0,11494.0,3180.0,0.211,60761.0,0
B0068,temporary_stress,18,7870.0,11438.0,3180.0,0.211,60761.0,0
B0068,temporary_stress,19,7747.0,11691.0,3180.0,0.211,60761.0,0
B0068,temporary_stress,20,7699.0,11500.0,3180.0,0.211,60761.0,0
B0068,temporary_stress,21,7769.0,11138.0,3180.0,0.211,60761.0,0
B0068,temporary_stress,22,8285.0,11129.0,3180.0,0.211,60761.0,0
B0068,temporary_stress,23,10109.0,11527.0,3180.0,0.211,60761.0,0
B0068,temporary_stress,24,12122.0,11088.0,3180.0,0.211,60761.0,0
B0068,temporary_stress,25,14085.0,10802.0,3180.0,0.211,60761.0,1
B0068,temporary_stress,26,15537.0,11130.0,3180.0,0.211,60761.0,1
B0068,temporary_stress,27,15280.0,11236.0,3180.0,0.211,60761.0,1
B0068,temporary_stress,28,15669.0,11612.0,3180.0,0.211,60761.0,1
B0068,temporary_stress,29,15745.0,11099.0,3180.0,0.211,60761.0,1
B0068,temporary_stress,30,15895.0,10668.0,3180.0,0.211,60761.0,1
B0068,temporary_stress,31,16016.0,10541.0,3180.0,0.211,60761.0,1
B0068,temporary_stress,32,16169.0,10661.0,3180.0,0.211,60761.0,1
B0068,temporary_stress,33,16002.0,11402.0,3180.0,0.211,60761.0,1
B0068,temporary_stress,34,15778.0,11804.0,3180.0,0.211,60761.0,1
B0068,temporary_stress,35,16116.0,11493.0,3180.0,0.211,60761.0,1
B0068,temporary_stress,36,16519.0,11265.0,3180.0,0.211,60761.0,1
B0069,stable,0,16211.0,8654.0,3233.0,0.235,58846.0,1
B0069,stable,1,16331.0,8726.0,3233.0,0.235,58846.0,1
B0069,stable,2,16203.0,8790.0,3233.0,0.235,58846.0,1
B0069,stable,3,16548.0,8530.0,3233.0,0.235,58846.0,1
B0069,stable,4,16654.0,8385.0,3233.0,0.235,58846.0,1
B0069,stable,5,16576.0,8406.0,3233.0,0.235,58846.0,1
B0069,stable,6,16771.0,8635.0,3233.0,0.235,58846.0,1
B0069,stable,7,16858.0,8751.0,3233.0,0.235,58846.0,1
B0069,stable,8,16705.0,8616.0,3233.0,0.235,58846.0,1
B0069,stable,9,16041.0,8399.0,3233.0,0.235,58846.0,1
B0069,stable,10,15988.0,8924.0,3233.0,0.235,58846.0,1
B0069,stable,11,16018.0,8963.0,3233.0,0.235,58846.0,1
B0069,stable,12,16169.0,8763.0,3233.0,0.235,58846.0,1
B0069,stable,13,16049.0,8709.0,3233.0,0.235,58846.0,1
B0069,stable,14,15699.0,8500.0,3233.0,0.235,58846.0,1
B0069,stable,15,15664.0,8622.0,3233.0,0.235,58846.0,1
B0069,stable,16,15752.0,8568.0,3233.0,0.235,58846.0,1
B0069,stable,17,15720.0,8592.0,3233.0,0.235,58846.0,1
B0069,stable,18,15709.0,8408.0,3233.0,0.235,58846.0,1
B0069,stable,19,15640.0,8462.0,3233.0,0.235,58846.0,1
B0069,stable,20,15658.0,8584.0,3233.0,0.235,58846.0,1
B0069,stable,21,15921.0,8468.0,3233.0,0.235,58846.0,1
B0069,stable,22,15933.0,8496.0,3233.0,0.235,58846.0,1
B0069,stable,23,16294.0,8556.0,3233.0,0.235,58846.0,1
B0069,stable,24,16490.0,8746.0,3233.0,0.235,58846.0,1
B0069,stable,25,16694.0,8694.0,3233.0,0.235,58846.0,1
B0069,stable,26,16670.0,8673.0,3233.0,0.235,58846.0,1
B0069,stable,27,16296.0,8894.0,3233.0,0.235,58846.0,1
B0069,stable,28,16140.0,8623.0,3233.0,0.235,58846.0,1
B0069,stable,29,15969.0,8489.0,3233.0,0.235,58846.0,1
B0069,stable,30,16030.0,8741.0,3233.0,0.235,58846.0,1
B0069,stable,31,16180.0,8519.0,3233.0,0.235,58846.0,1
B0069,stable,32,16423.0,8378.0,3233.0,0.235,58846.0,1
B0069,stable,33,16225.0,8340.0,3233.0,0.235,58846.0,1
B0069,stable,34,15831.0,8536.0,3233.0,0.235,58846.0,1
B0069,stable,35,15959.0,8622.0,3233.0,0.235,58846.0,1
B0069,stable,36,15841.0,8341.0,3233.0,0.235,58846.0,1
B0069,stable,37,15854.0,8425.0,3233.0,0.235,58846.0,1
B0069,stable,38,15854.0,8456.0,3233.0,0.235,58846.0,1
B0069,stable,39,15912.0,8842.0,3233.0,0.235,58846.0,1
B0069,stable,40,16226.0,8791.0,3233.0,0.235,58846.0,1
B0070,stable,0,14248.0,9294.0,3357.0,0.092,35290.0,1
B0070,stable,1,14120.0,9280.0,3357.0,0.092,35290.0,1
B0070,stable,2,14297.0,9216.0,3357.0,0.092,35290.0,1
B0070,stable,3,14674.0,9285.0,3357.0,0.092,35290.0,1
B0070,stable,4,14905.0,9103.0,3357.0,0.092,35290.0,1
B0070,stable,5,14852.0,9023.0,3357.0,0.092,35290.0,1
B0070,stable,6,14494.0,8904.0,3357.0,0.092,35290.0,1
B0070,stable,7,14288.0,9408.0,3357.0,0.092,35290.0,1
B0070,stable,8,14293.0,9346.0,3357.0,0.092,35290.0,1
B0070,stable,9,14384.0,9038.0,3357.0,0.092,35290.0,1
B0070,stable,10,14460.0,9295.0,3357.0,0.092,35290.0,1
B0070,stable,11,14422.0,9210.0,3357.0,0.092,35290.0,1
B0070,stable,12,14053.0,9146.0,3357.0,0.092,35290.0,1
B0070,stable,13,14033.0,9034.0,3357.0,0.092,35290.0,1
B0070,stable,14,14284.0,8979.0,3357.0,0.092,35290.0,1
B0070,stable,15,14323.0,9068.0,3357.0,0.092,35290.0,1
B0070,stable,16,14404.0,8854.0,3357.0,0.092,35290.0,1
B0070,stable,17,14655.0,8795.0,3357.0,0.092,35290.0,1
B0070,stable,18,14533.0,9125.0,3357.0,0.092,35290.0,1
B0070,stable,19,14784.0,9089.0,3357.0,0.092,35290.0,1
B0070,stable,20,14892.0,9144.0,3357.0,0.092,35290.0,1
B0070,stable,21,14905.0,9107.0,3357.0,0.092,35290.0,1
B0070,stable,22,14897.0,9085.0,3357.0,0.092,35290.0,1
B0070,stable,23,14872.0,8833.0,3357.0,0.092,35290.0,1
B0070,stable,24,15050.0,9153.0,3357.0,0.092,35290.0,1
B0070,stable,25,15277.0,9196.0,3357.0,0.092,35290.0,1
B0070,stable,26,15288.0,9051.0,3357.0,0.092,35290.0,1
B0070,stable,27,15311.0,9290.0,3357.0,0.092,35290.0,1
B0070,stable,28,15472.0,9372.0,3357.0,0.092,35290.0,1
B0070,stable,29,15646.0,9320.0,3357.0,0.092,35290.0,1
B0070,stable,30,15495.0,9335.0,3357.0,0.092,35290.0,1
B0070,stable,31,15238.0,9067.0,3357.0,0.092,35290.0,1
B0070,stable,32,15008.0,8890.0,3357.0,0.092,35290.0,1
B0070,stable,33,15049.0,8898.0,3357.0,0.092,35290.0,1
B0070,stable,34,15091.0,9222.0,3357.0,0.092,35290.0,1
B0070,stable,35,15018.0,9153.0,3357.0,0.092,35290.0,1
B0070,stable,36,15172.0,8895.0,3357.0,0.092,35290.0,1
B0070,stable,37,15236.0,9201.0,3357.0,0.092,35290.0,1
B0071,structural_decline,0,11293.0,6147.0,1770.0,0.154,30950.0,1
B0071,structural_decline,1,11301.0,6045.0,1770.0,0.154,30950.0,1
B0071,structural_decline,2,11075.0,6004.0,1770.0,0.154,30950.0,1
B0071,structural_decline,3,11242.0,5875.0,1770.0,0.154,30950.0,1
B0071,structural_decline,4,11358.0,5858.0,1770.0,0.154,30950.0,1
B0071,structural_decline,5,11361.0,5923.0,1770.0,0.154,30950.0,1
B0071,structural_decline,6,11436.0,5982.0,1770.0,0.154,30950.0,1
B0071,structural_decline,7,11370.0,5886.0,1770.0,0.154,30950.0,1
B0071,structural_decline,8,11173.0,5929.0,1770.0,0.154,30950.0,1
B0071,structural_decline,9,11268.0,6310.0,1770.0,0.154,30950.0,1
B0071,structural_decline,10,11031.0,6232.0,1770.0,0.154,30950.0,1
B0071,structural_decline,11,10928.0,6015.0,1770.0,0.154,30950.0,1
B0071,structural_decline,12,10684.0,6051.0,1770.0,0.154,30950.0,1
B0071,structural_decline,13,10550.0,6152.0,1770.0,0.154,30950.0,1
B0071,structural_decline,14,10461.0,6189.0,1770.0,0.154,30950.0,1
B0071,structural_decline,15,10029.0,6053.0,1770.0,0.154,30950.0,1
B0071,structural_decline,16,9440.0,6097.0,1770.0,0.154,30950.0,1
B0071,structural_decline,17,9259.0,6394.0,1770.0,0.154,30950.0,1
B0071,structural_decline,18,9220.0,6633.0,1770.0,0.154,30950.0,1
B0071,structural_decline,19,9080.0,6432.0,1770.0,0.154,30950.0,1
B0071,structural_decline,20,8865.0,6191.0,1770.0,0.154,30950.0,1
B0071,structural_decline,21,8674.0,6060.0,1770.0,0.154,30950.0,1
B0071,structural_decline,22,8511.0,6170.0,1770.0,0.154,30950.0,1
B0071,structural_decline,23,8237.0,6109.0,1770.0,0.154,30950.0,1
B0071,structural_decline,24,8089.0,6237.0,1770.0,0.154,30950.0,1
B0071,structural_decline,25,7916.0,6133.0,1770.0,0.154,30950.0,1
B0071,structural_decline,26,7819.0,6077.0,1770.0,0.154,30950.0,0
B0071,structural_decline,27,7581.0,6228.0,1770.0,0.154,30950.0,0
B0071,structural_decline,28,7287.0,6092.0,1770.0,0.154,30950.0,0
B0071,structural_decline,29,7174.0,5983.0,1770.0,0.154,30950.0,0
B0071,structural_decline,30,7216.0,6130.0,1770.0,0.154,30950.0,0
B0071,structural_decline,31,7035.0,6357.0,1770.0,0.154,30950.0,0
B0071,structural_decline,32,6825.0,6202.0,1770.0,0.154,30950.0,0
B0071,structural_decline,33,6588.0,6005.0,1770.0,0.154,30950.0,0
B0071,structural_decline,34,5165.0,5889.0,1770.0,0.154,30950.0,0
B0071,structural_decline,35,5010.0,6123.0,1770.0,0.154,30950.0,0
B0071,structural_decline,36,5011.0,5951.0,1770.0,0.154,30950.0,0
B0071,structural_decline,37,4931.0,6003.0,1770.0,0.154,30950.0,0
B0071,structural_decline,38,6018.0,6043.0,1770.0,0.154,30950.0,0
B0071,structural_decline,39,5896.0,6074.0,1770.0,0.154,30950.0,0
B0071,structural_decline,40,5699.0,6042.0,1770.0,0.154,30950.0,0
B0071,structural_decline,41,5567.0,5874.0,1770.0,0.154,30950.0,0
B0072,structural_decline,0,11983.0,6602.0,1518.0,0.195,45158.0,1
B0072,structural_decline,1,11948.0,6860.0,1518.0,0.195,45158.0,1
B0072,structural_decline,2,11578.0,6885.0,1518.0,0.195,45158.0,1
B0072,structural_decline,3,11576.0,6752.0,1518.0,0.195,45158.0,1
B0072,structural_decline,4,11882.0,6654.0,1518.0,0.195,45158.0,1
B0072,structural_decline,5,11775.0,6489.0,1518.0,0.195,45158.0,1
B0072,structural_decline,6,11796.0,6585.0,1518.0,0.195,45158.0,1
B0072,structural_decline,7,11701.0,6625.0,1518.0,0.195,45158.0,1
B0072,structural_decline,8,11786.0,6701.0,1518.0,0.195,45158.0,1
B0072,structural_decline,9,11786.0,6750.0,1518.0,0.195,45158.0,1
B0072,structural_decline,10,11648.0,6541.0,1518.0,0.195,45158.0,1
B0072,structural_decline,11,11809.0,6421.0,1518.0,0.195,45158.0,1
B0072,structural_decline,12,11698.0,6506.0,1518.0,0.195,45158.0,1
B0072,structural_decline,13,11692.0,6567.0,1518.0,0.195,45158.0,1
B0072,structural_decline,14,11707.0,6550.0,1518.0,0.195,45158.0,1
B0072,structural_decline,15,11804.0,6656.0,1518.0,0.195,45158.0,1
B0072,structural_decline,16,11794.0,6685.0,1518.0,0.195,45158.0,1
B0072,structural_decline,17,11707.0,6685.0,1518.0,0.195,45158.0,1
B0072,structural_decline,18,11848.0,6788.0,1518.0,0.195,45158.0,1
B0072,structural_decline,19,11777.0,6632.0,1518.0,0.195,45158.0,1
B0072,structural_decline,20,11810.0,6753.0,1518.0,0.195,45158.0,1
B0072,structural_decline,21,11583.0,6751.0,1518.0,0.195,45158.0,1
B0072,structural_decline,22,11241.0,6672.0,1518.0,0.195,45158.0,1
B0072,structural_decline,23,11044.0,6635.0,1518.0,0.195,45158.0,1
B0072,structural_decline,24,10840.0,6407.0,1518.0,0.195,45158.0,1
B0072,structural_decline,25,10429.0,6634.0,1518.0,0.195,45158.0,1
B0072,structural_decline,26,10343.0,6731.0,1518.0,0.195,45158.0,1
B0072,structural_decline,27,10333.0,6641.0,1518.0,0.195,45158.0,1
B0072,structural_decline,28,9989.0,6560.0,1518.0,0.195,45158.0,1
B0072,structural_decline,29,9907.0,6400.0,1518.0,0.195,45158.0,1
B0072,structural_decline,30,9736.0,6302.0,1518.0,0.195,45158.0,1
B0072,structural_decline,31,9508.0,6319.0,1518.0,0.195,45158.0,1
B0072,structural_decline,32,9251.0,6364.0,1518.0,0.195,45158.0,1
B0072,structural_decline,33,8958.0,6233.0,1518.0,0.195,45158.0,1
B0072,structural_decline,34,8817.0,6356.0,1518.0,0.195,45158.0,1
B0072,structural_decline,35,8764.0,6618.0,1518.0,0.195,45158.0,1
B0073,stable,0,17521.0,13454.0,2703.0,0.256,75695.0,1
B0073,stable,1,17582.0,13170.0,2703.0,0.256,75695.0,1
B0073,stable,2,17665.0,13057.0,2703.0,0.256,75695.0,1
B0073,stable,3,17558.0,12604.0,2703.0,0.256,75695.0,1
B0073,stable,4,17421.0,12333.0,2703.0,0.256,75695.0,1
B0073,stable,5,17201.0,12426.0,2703.0,0.256,75695.0,1
B0073,stable,6,17144.0,12865.0,2703.0,0.256,75695.0,1
B0073,stable,7,16888.0,12602.0,2703.0,0.256,75695.0,1
B0073,stable,8,16751.0,12585.0,2703.0,0.256,75695.0,1
B0073,stable,9,16481.0,13191.0,2703.0,0.256,75695.0,1
B0073,stable,10,16664.0,13249.0,2703.0,0.256,75695.0,1
B0073,stable,11,16822.0,12854.0,2703.0,0.256,75695.0,1
B0073,stable,12,16687.0,12747.0,2703.0,0.256,75695.0,1
B0073,stable,13,16567.0,12726.0,2703.0,0.256,75695.0,1
B0073,stable,14,16570.0,12525.0,2703.0,0.256,75695.0,1
B0073,stable,15,16478.0,12492.0,2703.0,0.256,75695.0,1
B0073,stable,16,16378.0,12725.0,2703.0,0.256,75695.0,1
B0073,stable,17,16941.0,12661.0,2703.0,0.256,75695.0,1
B0073,stable,18,17093.0,12538.0,2703.0,0.256,75695.0,1
B0073,stable,19,16953.0,13011.0,2703.0,0.256,75695.0,1
B0073,stable,20,17181.0,13162.0,2703.0,0.256,75695.0,1
B0073,stable,21,17365.0,12495.0,2703.0,0.256,75695.0,1
B0073,stable,22,17073.0,12221.0,2703.0,0.256,75695.0,1
B0073,stable,23,17156.0,12045.0,2703.0,0.256,75695.0,1
B0073,stable,24,17183.0,12510.0,2703.0,0.256,75695.0,1
B0073,stable,25,16942.0,12276.0,2703.0,0.256,75695.0,1
B0073,stable,26,16881.0,12491.0,2703.0,0.256,75695.0,1
B0073,stable,27,16676.0,12809.0,2703.0,0.256,75695.0,1
B0073,stable,28,16721.0,12766.0,2703.0,0.256,75695.0,1
B0073,stable,29,16404.0,12323.0,2703.0,0.256,75695.0,1
B0073,stable,30,16190.0,12337.0,2703.0,0.256,75695.0,1
B0073,stable,31,16167.0,12422.0,2703.0,0.256,75695.0,1
B0073,stable,32,15828.0,12140.0,2703.0,0.256,75695.0,1
B0074,structural_decline,0,18258.0,10820.0,3871.0,0.209,84435.0,1
B0074,structural_decline,1,17933.0,10619.0,3871.0,0.209,84435.0,1
B0074,structural_decline,2,18018.0,10506.0,3871.0,0.209,84435.0,1
B0074,structural_decline,3,18234.0,10795.0,3871.0,0.209,84435.0,1
B0074,structural_decline,4,18214.0,10989.0,3871.0,0.209,84435.0,1
B0074,structural_decline,5,18225.0,10823.0,3871.0,0.209,84435.0,1
B0074,structural_decline,6,18136.0,10554.0,3871.0,0.209,84435.0,1
B0074,structural_decline,7,17731.0,10731.0,3871.0,0.209,84435.0,1
B0074,structural_decline,8,17932.0,10300.0,3871.0,0.209,84435.0,1
B0074,structural_decline,9,17986.0,10354.0,3871.0,0.209,84435.0,1
B0074,structural_decline,10,17921.0,10598.0,3871.0,0.209,84435.0,1
B0074,structural_decline,11,18204.0,10621.0,3871.0,0.209,84435.0,1
B0074,structural_decline,12,18235.0,10535.0,3871.0,0.209,84435.0,1
B0074,structural_decline,13,17836.0,10491.0,3871.0,0.209,84435.0,1
B0074,structural_decline,14,17459.0,10626.0,3871.0,0.209,84435.0,1
B0074,structural_decline,15,17460.0,10983.0,3871.0,0.209,84435.0,1
B0074,structural_decline,16,18143.0,11062.0,3871.0,0.209,84435.0,1
B0074,structural_decline,17,18008.0,10796.0,3871.0,0.209,84435.0,1
B0074,structural_decline,18,17993.0,10625.0,3871.0,0.209,84435.0,1
B0074,structural_decline,19,18098.0,11008.0,3871.0,0.209,84435.0,1
B0074,structural_decline,20,17900.0,11295.0,3871.0,0.209,84435.0,1
B0074,structural_decline,21,17233.0,11116.0,3871.0,0.209,84435.0,1
B0074,structural_decline,22,16969.0,10789.0,3871.0,0.209,84435.0,1
B0074,structural_decline,23,16693.0,10900.0,3871.0,0.209,84435.0,1
B0074,structural_decline,24,14426.0,11252.0,3871.0,0.209,84435.0,0
B0074,structural_decline,25,14126.0,11045.0,3871.0,0.209,84435.0,0
B0074,structural_decline,26,13949.0,10833.0,3871.0,0.209,84435.0,0
B0074,structural_decline,27,13924.0,11111.0,3871.0,0.209,84435.0,0
B0074,structural_decline,28,15595.0,11032.0,3871.0,0.209,84435.0,1
B0074,structural_decline,29,15183.0,11441.0,3871.0,0.209,84435.0,0
B0074,structural_decline,30,14995.0,11686.0,3871.0,0.209,84435.0,0
B0074,structural_decline,31,14773.0,11454.0,3871.0,0.209,84435.0,0
B0074,structural_decline,32,14787.0,11125.0,3871.0,0.209,84435.0,0
B0074,structural_decline,33,14682.0,10756.0,3871.0,0.209,84435.0,1
B0074,structural_decline,34,14512.0,10340.0,3871.0,0.209,84435.0,1
B0075,stable,0,11924.0,7227.0,2171.0,0.144,35986.0,1
B0075,stable,1,12025.0,7374.0,2171.0,0.144,35986.0,1
B0075,stable,2,12007.0,7607.0,2171.0,0.144,35986.0,1
B0075,stable,3,11764.0,7480.0,2171.0,0.144,35986.0,1
B0075,stable,4,11691.0,7628.0,2171.0,0.144,35986.0,1
B0075,stable,5,11617.0,7780.0,2171.0,0.144,35986.0,1
B0075,stable,6,11681.0,7528.0,2171.0,0.144,35986.0,1
B0075,stable,7,11865.0,7401.0,2171.0,0.144,35986.0,1
B0075,stable,8,12005.0,7382.0,2171.0,0.144,35986.0,1
B0075,stable,9,12101.0,7124.0,2171.0,0.144,35986.0,1
B0075,stable,10,12051.0,7193.0,2171.0,0.144,35986.0,1
B0075,stable,11,12206.0,7248.0,2171.0,0.144,35986.0,1
B0075,stable,12,12341.0,7091.0,2171.0,0.144,35986.0,1
B0075,stable,13,12317.0,7447.0,2171.0,0.144,35986.0,1
B0075,stable,14,12270.0,7534.0,2171.0,0.144,35986.0,1
B0075,stable,15,12064.0,7503.0,2171.0,0.144,35986.0,1
B0075,stable,16,12112.0,7281.0,2171.0,0.144,35986.0,1
B0075,stable,17,12221.0,7295.0,2171.0,0.144,35986.0,1
B0075,stable,18,11842.0,7511.0,2171.0,0.144,35986.0,1
B0075,stable,19,11693.0,7655.0,2171.0,0.144,35986.0,1
B0075,stable,20,11774.0,7543.0,2171.0,0.144,35986.0,1
B0075,stable,21,11682.0,7507.0,2171.0,0.144,35986.0,1
B0075,stable,22,11910.0,7644.0,2171.0,0.144,35986.0,1
B0075,stable,23,11865.0,7445.0,2171.0,0.144,35986.0,1
B0075,stable,24,11606.0,7090.0,2171.0,0.144,35986.0,1
B0075,stable,25,11582.0,7319.0,2171.0,0.144,35986.0,1
B0075,stable,26,11465.0,7465.0,2171.0,0.144,35986.0,1
B0075,stable,27,11431.0,7557.0,2171.0,0.144,35986.0,1
B0075,stable,28,11666.0,7556.0,2171.0,0.144,35986.0,1
B0075,stable,29,11706.0,7457.0,2171.0,0.144,35986.0,1
B0075,stable,30,12027.0,7433.0,2171.0,0.144,35986.0,1
B0075,stable,31,12264.0,7380.0,2171.0,0.144,35986.0,1
B0075,stable,32,12269.0,7559.0,2171.0,0.144,35986.0,1
B0075,stable,33,12345.0,7536.0,2171.0,0.144,35986.0,1
B0075,stable,34,12249.0,7557.0,2171.0,0.144,35986.0,1
B0075,stable,35,12296.0,7731.0,2171.0,0.144,35986.0,1
B0075,stable,36,12254.0,7686.0,2171.0,0.144,35986.0,1
B0075,stable,37,12064.0,7619.0,2171.0,0.144,35986.0,1
B0075,stable,38,12033.0,7457.0,2171.0,0.144,35986.0,1
B0075,stable,39,11851.0,7370.0,2171.0,0.144,35986.0,1
B0075,stable,40,11518.0,7418.0,2171.0,0.144,35986.0,1
B0076,structural_decline,0,17398.0,9957.0,2171.0,0.143,68430.0,1
B0076,structural_decline,1,17901.0,10050.0,2171.0,0.143,68430.0,1
B0076,structural_decline,2,17790.0,10368.0,2171.0,0.143,68430.0,1
B0076,structural_decline,3,17680.0,10328.0,2171.0,0.143,68430.0,1
B0076,structural_decline,4,17926.0,10315.0,2171.0,0.143,68430.0,1
B0076,structural_decline,5,18012.0,10160.0,2171.0,0.143,68430.0,1
B0076,structural_decline,6,18360.0,10077.0,2171.0,0.143,68430.0,1
B0076,structural_decline,7,18501.0,9912.0,2171.0,0.143,68430.0,1
B0076,structural_decline,8,18327.0,9919.0,2171.0,0.143,68430.0,1
B0076,structural_decline,9,18015.0,9709.0,2171.0,0.143,68430.0,1
B0076,structural_decline,10,17785.0,9478.0,2171.0,0.143,68430.0,1
B0076,structural_decline,11,17814.0,9261.0,2171.0,0.143,68430.0,1
B0076,structural_decline,12,17869.0,9708.0,2171.0,0.143,68430.0,1
B0076,structural_decline,13,17981.0,9967.0,2171.0,0.143,68430.0,1
B0076,structural_decline,14,18169.0,9917.0,2171.0,0.143,68430.0,1
B0076,structural_decline,15,18521.0,9765.0,2171.0,0.143,68430.0,1
B0076,structural_decline,16,18545.0,9467.0,2171.0,0.143,68430.0,1
B0076,structural_decline,17,18584.0,9121.0,2171.0,0.143,68430.0,1
B0076,structural_decline,18,18257.0,9314.0,2171.0,0.143,68430.0,1
B0076,structural_decline,19,17664.0,9680.0,2171.0,0.143,68430.0,1
B0076,structural_decline,20,17399.0,9979.0,2171.0,0.143,68430.0,1
B0076,structural_decline,21,17279.0,10164.0,2171.0,0.143,68430.0,1
B0076,structural_decline,22,17168.0,10091.0,2171.0,0.143,68430.0,1
B0076,structural_decline,23,16956.0,9777.0,2171.0,0.143,68430.0,1
B0076,structural_decline,24,16437.0,9702.0,2171.0,0.143,68430.0,1
B0076,structural_decline,25,16144.0,9499.0,2171.0,0.143,68430.0,1
B0076,structural_decline,26,16065.0,9401.0,2171.0,0.143,68430.0,1
B0076,structural_decline,27,15938.0,9594.0,2171.0,0.143,68430.0,1
B0076,structural_decline,28,15508.0,9685.0,2171.0,0.143,68430.0,1
B0076,structural_decline,29,15235.0,9797.0,2171.0,0.143,68430.0,1
B0076,structural_decline,30,14866.0,10198.0,2171.0,0.143,68430.0,1
B0076,structural_decline,31,14791.0,10300.0,2171.0,0.143,68430.0,1
B0076,structural_decline,32,14653.0,10035.0,2171.0,0.143,68430.0,1
B0076,structural_decline,33,14478.0,10148.0,2171.0,0.143,68430.0,1
B0076,structural_decline,34,14298.0,9742.0,2171.0,0.143,68430.0,1
B0076,structural_decline,35,13939.0,9938.0,2171.0,0.143,68430.0,1
B0076,structural_decline,36,13758.0,10091.0,2171.0,0.143,68430.0,1
B0077,temporary_stress,0,17820.0,12421.0,2485.0,0.207,86781.0,1
B0077,temporary_stress,1,17934.0,11598.0,2485.0,0.207,86781.0,1
B0077,temporary_stress,2,17593.0,11853.0,2485.0,0.207,86781.0,1
B0077,temporary_stress,3,17966.0,12334.0,2485.0,0.207,86781.0,1
B0077,temporary_stress,4,18312.0,12010.0,2485.0,0.207,86781.0,1
B0077,temporary_stress,5,18585.0,11777.0,2485.0,0.207,86781.0,1
B0077,temporary_stress,6,18472.0,11613.0,2485.0,0.207,86781.0,1
B0077,temporary_stress,7,18109.0,11800.0,2485.0,0.207,86781.0,1
B0077,temporary_stress,8,18387.0,12110.0,2485.0,0.207,86781.0,1
B0077,temporary_stress,9,18531.0,12287.0,2485.0,0.207,86781.0,1
B0077,temporary_stress,10,18645.0,11839.0,2485.0,0.207,86781.0,1
B0077,temporary_stress,11,18698.0,11978.0,2485.0,0.207,86781.0,1
B0077,temporary_stress,12,11035.0,12370.0,2485.0,0.207,86781.0,0
B0077,temporary_stress,13,10838.0,12094.0,2485.0,0.207,86781.0,0
B0077,temporary_stress,14,10792.0,11749.0,2485.0,0.207,86781.0,0
B0077,temporary_stress,15,12595.0,12127.0,2485.0,0.207,86781.0,0
B0077,temporary_stress,16,13708.0,12053.0,2485.0,0.207,86781.0,0
B0077,temporary_stress,17,15148.0,11781.0,2485.0,0.207,86781.0,1
B0077,temporary_stress,18,16414.0,12195.0,2485.0,0.207,86781.0,1
B0077,temporary_stress,19,17512.0,12001.0,2485.0,0.207,86781.0,1
B0077,temporary_stress,20,17813.0,12367.0,2485.0,0.207,86781.0,1
B0077,temporary_stress,21,17972.0,12395.0,2485.0,0.207,86781.0,1
B0077,temporary_stress,22,18407.0,12273.0,2485.0,0.207,86781.0,1
B0077,temporary_stress,23,18268.0,11862.0,2485.0,0.207,86781.0,1
B0077,temporary_stress,24,18446.0,11892.0,2485.0,0.207,86781.0,1
B0077,temporary_stress,25,18308.0,12082.0,2485.0,0.207,86781.0,1
B0077,temporary_stress,26,18152.0,11908.0,2485.0,0.207,86781.0,1
B0077,temporary_stress,27,18218.0,11749.0,2485.0,0.207,86781.0,1
B0077,temporary_stress,28,17947.0,11799.0,2485.0,0.207,86781.0,1
B0077,temporary_stress,29,18038.0,11789.0,2485.0,0.207,86781.0,1
B0077,temporary_stress,30,18188.0,11900.0,2485.0,0.207,86781.0,1
B0077,temporary_stress,31,17841.0,11717.0,2485.0,0.207,86781.0,1
B0078,stable,0,13058.0,7490.0,2500.0,0.288,30873.0,1
B0078,stable,1,12821.0,7865.0,2500.0,0.288,30873.0,1
B0078,stable,2,12672.0,7970.0,2500.0,0.288,30873.0,1
B0078,stable,3,12641.0,7797.0,2500.0,0.288,30873.0,1
B0078,stable,4,12428.0,7595.0,2500.0,0.288,30873.0,1
B0078,stable,5,12446.0,7539.0,2500.0,0.288,30873.0,1
B0078,stable,6,12638.0,7706.0,2500.0,0.288,30873.0,1
B0078,stable,7,12567.0,7985.0,2500.0,0.288,30873.0,1
B0078,stable,8,12545.0,8221.0,2500.0,0.288,30873.0,1
B0078,stable,9,12607.0,8214.0,2500.0,0.288,30873.0,1
B0078,stable,10,12417.0,8230.0,2500.0,0.288,30873.0,1
B0078,stable,11,12288.0,8066.0,2500.0,0.288,30873.0,1
B0078,stable,12,12651.0,8019.0,2500.0,0.288,30873.0,1
B0078,stable,13,12761.0,8098.0,2500.0,0.288,30873.0,1
B0078,stable,14,12797.0,8048.0,2500.0,0.288,30873.0,1
B0078,stable,15,12757.0,7942.0,2500.0,0.288,30873.0,1
B0078,stable,16,13017.0,8088.0,2500.0,0.288,30873.0,1
B0078,stable,17,13261.0,8034.0,2500.0,0.288,30873.0,1
B0078,stable,18,13195.0,7898.0,2500.0,0.288,30873.0,1
B0078,stable,19,13447.0,7960.0,2500.0,0.288,30873.0,1
B0078,stable,20,13723.0,7833.0,2500.0,0.288,30873.0,1
B0078,stable,21,13731.0,7789.0,2500.0,0.288,30873.0,1
B0078,stable,22,13324.0,7768.0,2500.0,0.288,30873.0,1
B0078,stable,23,13197.0,7861.0,2500.0,0.288,30873.0,1
B0078,stable,24,13257.0,7886.0,2500.0,0.288,30873.0,1
B0078,stable,25,13335.0,7656.0,2500.0,0.288,30873.0,1
B0078,stable,26,13306.0,7778.0,2500.0,0.288,30873.0,1
B0078,stable,27,13289.0,7732.0,2500.0,0.288,30873.0,1
B0078,stable,28,13231.0,7588.0,2500.0,0.288,30873.0,1
B0078,stable,29,13084.0,7588.0,2500.0,0.288,30873.0,1
B0078,stable,30,13121.0,7828.0,2500.0,0.288,30873.0,1
B0078,stable,31,12994.0,7813.0,2500.0,0.288,30873.0,1
B0078,stable,32,13025.0,7881.0,2500.0,0.288,30873.0,1
B0078,stable,33,13110.0,8016.0,2500.0,0.288,30873.0,1
B0078,stable,34,13616.0,8246.0,2500.0,0.288,30873.0,1
B0079,structural_decline,0,19323.0,13135.0,4124.0,0.181,100328.0,1
B0079,structural_decline,1,19402.0,13703.0,4124.0,0.181,100328.0,1
B0079,structural_decline,2,19250.0,13706.0,4124.0,0.181,100328.0,1
B0079,structural_decline,3,19318.0,13443.0,4124.0,0.181,100328.0,1
B0079,structural_decline,4,19389.0,13647.0,4124.0,0.181,100328.0,1
B0079,structural_decline,5,19407.0,13525.0,4124.0,0.181,100328.0,1
B0079,structural_decline,6,19392.0,13371.0,4124.0,0.181,100328.0,1
B0079,structural_decline,7,19391.0,13345.0,4124.0,0.181,100328.0,1
B0079,structural_decline,8,19409.0,13178.0,4124.0,0.181,100328.0,1
B0079,structural_decline,9,19183.0,12873.0,4124.0,0.181,100328.0,1
B0079,structural_decline,10,19305.0,13026.0,4124.0,0.181,100328.0,1
B0079,structural_decline,11,19073.0,13036.0,4124.0,0.181,100328.0,1
B0079,structural_decline,12,18749.0,13045.0,4124.0,0.181,100328.0,1
B0079,structural_decline,13,18878.0,13152.0,4124.0,0.181,100328.0,1
B0079,structural_decline,14,19269.0,13052.0,4124.0,0.181,100328.0,1
B0079,structural_decline,15,19441.0,13174.0,4124.0,0.181,100328.0,1
B0079,structural_decline,16,19269.0,13239.0,4124.0,0.181,100328.0,1
B0079,structural_decline,17,19310.0,12997.0,4124.0,0.181,100328.0,1
B0079,structural_decline,18,19403.0,13004.0,4124.0,0.181,100328.0,1
B0079,structural_decline,19,19335.0,12934.0,4124.0,0.181,100328.0,1
B0079,structural_decline,20,19533.0,13177.0,4124.0,0.181,100328.0,1
B0079,structural_decline,21,19755.0,13535.0,4124.0,0.181,100328.0,1
B0079,structural_decline,22,19625.0,13375.0,4124.0,0.181,100328.0,1
B0079,structural_decline,23,18759.0,12843.0,4124.0,0.181,100328.0,1
B0079,structural_decline,24,18347.0,13019.0,4124.0,0.181,100328.0,1
B0079,structural_decline,25,18453.0,13197.0,4124.0,0.181,100328.0,1
B0079,structural_decline,26,18107.0,12687.0,4124.0,0.181,100328.0,1
B0079,structural_decline,27,14181.0,12976.0,4124.0,0.181,100328.0,0
B0079,structural_decline,28,13667.0,13097.0,4124.0,0.181,100328.0,0
B0079,structural_decline,29,16466.0,13126.0,4124.0,0.181,100328.0,0
B0079,structural_decline,30,16169.0,12777.0,4124.0,0.181,100328.0,0
B0079,structural_decline,31,15624.0,13085.0,4124.0,0.181,100328.0,0
B0079,structural_decline,32,15356.0,13140.0,4124.0,0.181,100328.0,0
B0079,structural_decline,33,15171.0,12872.0,4124.0,0.181,100328.0,0
B0079,structural_decline,34,14767.0,13300.0,4124.0,0.181,100328.0,0
B0079,structural_decline,35,14329.0,13462.0,4124.0,0.181,100328.0,0
B0079,structural_decline,36,14120.0,13342.0,4124.0,0.181,100328.0,0
B0079,structural_decline,37,13800.0,12970.0,4124.0,0.181,100328.0,0
B0079,structural_decline,38,13546.0,13106.0,4124.0,0.181,100328.0,0
B0079,structural_decline,39,13158.0,13172.0,4124.0,0.181,100328.0,0
B0079,structural_decline,40,12801.0,13342.0,4124.0,0.181,100328.0,0
B0079,structural_decline,41,12398.0,13356.0,4124.0,0.181,100328.0,0
B0080,stable,0,15307.0,10889.0,2998.0,0.24,75168.0,1
B0080,stable,1,15283.0,10641.0,2998.0,0.24,75168.0,1
B0080,stable,2,15214.0,10613.0,2998.0,0.24,75168.0,1
B0080,stable,3,15052.0,10860.0,2998.0,0.24,75168.0,1
B0080,stable,4,15036.0,10483.0,2998.0,0.24,75168.0,1
B0080,stable,5,15196.0,10935.0,2998.0,0.24,75168.0,1
B0080,stable,6,15372.0,10875.0,2998.0,0.24,75168.0,1
B0080,stable,7,15266.0,10391.0,2998.0,0.24,75168.0,1
B0080,stable,8,15239.0,10342.0,2998.0,0.24,75168.0,1
B0080,stable,9,15129.0,10175.0,2998.0,0.24,75168.0,1
B0080,stable,10,14789.0,10356.0,2998.0,0.24,75168.0,1
B0080,stable,11,15078.0,10875.0,2998.0,0.24,75168.0,1
B0080,stable,12,15426.0,10449.0,2998.0,0.24,75168.0,1
B0080,stable,13,15192.0,10462.0,2998.0,0.24,75168.0,1
B0080,stable,14,15043.0,10602.0,2998.0,0.24,75168.0,1
B0080,stable,15,15118.0,10342.0,2998.0,0.24,75168.0,1
B0080,stable,16,15228.0,10222.0,2998.0,0.24,75168.0,1
B0080,stable,17,15680.0,10366.0,2998.0,0.24,75168.0,1
B0080,stable,18,16224.0,10323.0,2998.0,0.24,75168.0,1
B0080,stable,19,16256.0,10187.0,2998.0,0.24,75168.0,1
B0080,stable,20,15813.0,10287.0,2998.0,0.24,75168.0,1
B0080,stable,21,16022.0,10186.0,2998.0,0.24,75168.0,1
B0080,stable,22,16336.0,10319.0,2998.0,0.24,75168.0,1
B0080,stable,23,16388.0,10592.0,2998.0,0.24,75168.0,1
B0080,stable,24,16600.0,10740.0,2998.0,0.24,75168.0,1
B0080,stable,25,16297.0,10419.0,2998.0,0.24,75168.0,1
B0080,stable,26,16315.0,10254.0,2998.0,0.24,75168.0,1
B0080,stable,27,16129.0,10535.0,2998.0,0.24,75168.0,1
B0080,stable,28,15826.0,10807.0,2998.0,0.24,75168.0,1
B0080,stable,29,15622.0,10913.0,2998.0,0.24,75168.0,1
B0080,stable,30,15896.0,10672.0,2998.0,0.24,75168.0,1
B0080,stable,31,16085.0,10377.0,2998.0,0.24,75168.0,1
B0080,stable,32,16081.0,10274.0,2998.0,0.24,75168.0,1
B0080,stable,33,16077.0,10303.0,2998.0,0.24,75168.0,1
B0080,stable,34,16045.0,10497.0,2998.0,0.24,75168.0,1
B0080,stable,35,16181.0,10385.0,2998.0,0.24,75168.0,1
B0080,stable,36,16305.0,10515.0,2998.0,0.24,75168.0,1
B0080,stable,37,16130.0,10729.0,2998.0,0.24,75168.0,1
B0080,stable,38,16579.0,10544.0,2998.0,0.24,75168.0,1
B0080,stable,39,16657.0,10537.0,2998.0,0.24,75168.0,1
B0080,stable,40,16499.0,10561.0,2998.0,0.24,75168.0,1
B0081,temporary_stress,0,16472.0,10234.0,1992.0,0.155,73933.0,1
B0081,temporary_stress,1,16597.0,10091.0,1992.0,0.155,73933.0,1
B0081,temporary_stress,2,17030.0,10248.0,1992.0,0.155,73933.0,1
B0081,temporary_stress,3,17423.0,10419.0,1992.0,0.155,73933.0,1
B0081,temporary_stress,4,17262.0,10221.0,1992.0,0.155,73933.0,1
B0081,temporary_stress,5,16863.0,10437.0,1992.0,0.155,73933.0,1
B0081,temporary_stress,6,16630.0,10362.0,1992.0,0.155,73933.0,1
B0081,temporary_stress,7,16770.0,10552.0,1992.0,0.155,73933.0,1
B0081,temporary_stress,8,16703.0,10770.0,1992.0,0.155,73933.0,1
B0081,temporary_stress,9,16495.0,10378.0,1992.0,0.155,73933.0,1
B0081,temporary_stress,10,16548.0,10366.0,1992.0,0.155,73933.0,1
B0081,temporary_stress,11,16710.0,10595.0,1992.0,0.155,73933.0,1
B0081,temporary_stress,12,16444.0,10719.0,1992.0,0.155,73933.0,1
B0081,temporary_stress,13,16509.0,10959.0,1992.0,0.155,73933.0,1
B0081,temporary_stress,14,16720.0,10662.0,1992.0,0.155,73933.0,1
B0081,temporary_stress,15,16787.0,10276.0,1992.0,0.155,73933.0,1
B0081,temporary_stress,16,7951.0,10068.0,1992.0,0.155,73933.0,0
B0081,temporary_stress,17,7887.0,10361.0,1992.0,0.155,73933.0,0
B0081,temporary_stress,18,7946.0,10697.0,1992.0,0.155,73933.0,0
B0081,temporary_stress,19,7831.0,10308.0,1992.0,0.155,73933.0,0
B0081,temporary_stress,20,7924.0,9883.0,1992.0,0.155,73933.0,0
B0081,temporary_stress,21,8144.0,9928.0,1992.0,0.155,73933.0,0
B0081,temporary_stress,22,10987.0,9975.0,1992.0,0.155,73933.0,0
B0081,temporary_stress,23,11844.0,10103.0,1992.0,0.155,73933.0,0
B0081,temporary_stress,24,12610.0,10032.0,1992.0,0.155,73933.0,1
B0081,temporary_stress,25,13401.0,9893.0,1992.0,0.155,73933.0,1
B0081,temporary_stress,26,14007.0,9847.0,1992.0,0.155,73933.0,1
B0081,temporary_stress,27,14664.0,10056.0,1992.0,0.155,73933.0,1
B0081,temporary_stress,28,15695.0,10332.0,1992.0,0.155,73933.0,1
B0081,temporary_stress,29,16810.0,10426.0,1992.0,0.155,73933.0,1
B0081,temporary_stress,30,16869.0,10290.0,1992.0,0.155,73933.0,1
B0081,temporary_stress,31,16725.0,10568.0,1992.0,0.155,73933.0,1
B0082,structural_decline,0,18665.0,12655.0,3473.0,0.083,84005.0,1
B0082,structural_decline,1,18787.0,12404.0,3473.0,0.083,84005.0,1
B0082,structural_decline,2,17886.0,11964.0,3473.0,0.083,84005.0,1
B0082,structural_decline,3,18001.0,11967.0,3473.0,0.083,84005.0,1
B0082,structural_decline,4,18492.0,12604.0,3473.0,0.083,84005.0,1
B0082,structural_decline,5,18356.0,12826.0,3473.0,0.083,84005.0,1
B0082,structural_decline,6,18267.0,12328.0,3473.0,0.083,84005.0,1
B0082,structural_decline,7,18467.0,12184.0,3473.0,0.083,84005.0,1
B0082,structural_decline,8,18504.0,12274.0,3473.0,0.083,84005.0,1
B0082,structural_decline,9,18468.0,11901.0,3473.0,0.083,84005.0,1
B0082,structural_decline,10,18518.0,11743.0,3473.0,0.083,84005.0,1
B0082,structural_decline,11,18688.0,12088.0,3473.0,0.083,84005.0,1
B0082,structural_decline,12,18598.0,12132.0,3473.0,0.083,84005.0,1
B0082,structural_decline,13,18374.0,12327.0,3473.0,0.083,84005.0,1
B0082,structural_decline,14,17889.0,12219.0,3473.0,0.083,84005.0,1
B0082,structural_decline,15,17351.0,12152.0,3473.0,0.083,84005.0,1
B0082,structural_decline,16,15034.0,11952.0,3473.0,0.083,84005.0,0
B0082,structural_decline,17,14976.0,12071.0,3473.0,0.083,84005.0,0
B0082,structural_decline,18,14897.0,12068.0,3473.0,0.083,84005.0,0
B0082,structural_decline,19,16618.0,12401.0,3473.0,0.083,84005.0,1
B0082,structural_decline,20,16511.0,12547.0,3473.0,0.083,84005.0,1
B0082,structural_decline,21,16075.0,12215.0,3473.0,0.083,84005.0,1
B0082,structural_decline,22,15949.0,11959.0,3473.0,0.083,84005.0,1
B0082,structural_decline,23,15796.0,11897.0,3473.0,0.083,84005.0,1
B0082,structural_decline,24,15747.0,12749.0,3473.0,0.083,84005.0,0
B0082,structural_decline,25,15580.0,13081.0,3473.0,0.083,84005.0,0
B0082,structural_decline,26,15170.0,12714.0,3473.0,0.083,84005.0,0
B0082,structural_decline,27,14910.0,12123.0,3473.0,0.083,84005.0,0
B0082,structural_decline,28,14823.0,12155.0,3473.0,0.083,84005.0,0
B0082,structural_decline,29,14453.0,12058.0,3473.0,0.083,84005.0,0
B0083,stable,0,16358.0,8660.0,3763.0,0.134,47350.0,1
B0083,stable,1,16462.0,9070.0,3763.0,0.134,47350.0,1
B0083,stable,2,16556.0,8971.0,3763.0,0.134,47350.0,1
B0083,stable,3,16579.0,8808.0,3763.0,0.134,47350.0,1
B0083,stable,4,16700.0,9015.0,3763.0,0.134,47350.0,1
B0083,stable,5,16948.0,8837.0,3763.0,0.134,47350.0,1
B0083,stable,6,16539.0,8476.0,3763.0,0.134,47350.0,1
B0083,stable,7,16412.0,8806.0,3763.0,0.134,47350.0,1
B0083,stable,8,16496.0,8806.0,3763.0,0.134,47350.0,1
B0083,stable,9,16309.0,8561.0,3763.0,0.134,47350.0,1
B0083,stable,10,16054.0,8610.0,3763.0,0.134,47350.0,1
B0083,stable,11,16080.0,8740.0,3763.0,0.134,47350.0,1
B0083,stable,12,16249.0,9072.0,3763.0,0.134,47350.0,1
B0083,stable,13,16336.0,9054.0,3763.0,0.134,47350.0,1
B0083,stable,14,16315.0,8909.0,3763.0,0.134,47350.0,1
B0083,stable,15,16738.0,8935.0,3763.0,0.134,47350.0,1
B0083,stable,16,16938.0,9058.0,3763.0,0.134,47350.0,1
B0083,stable,17,16840.0,9190.0,3763.0,0.134,47350.0,1
B0083,stable,18,17054.0,9366.0,3763.0,0.134,47350.0,1
B0083,stable,19,17311.0,9353.0,3763.0,0.134,47350.0,1
B0083,stable,20,17147.0,8942.0,3763.0,0.134,47350.0,1
B0083,stable,21,16885.0,8881.0,3763.0,0.134,47350.0,1
B0083,stable,22,17290.0,8980.0,3763.0,0.134,47350.0,1
B0083,stable,23,17815.0,9030.0,3763.0,0.134,47350.0,1
B0083,stable,24,17366.0,9167.0,3763.0,0.134,47350.0,1
B0083,stable,25,17332.0,8984.0,3763.0,0.134,47350.0,1
B0083,stable,26,17540.0,8967.0,3763.0,0.134,47350.0,1
B0083,stable,27,17100.0,9025.0,3763.0,0.134,47350.0,1
B0083,stable,28,16815.0,9240.0,3763.0,0.134,47350.0,1
B0083,stable,29,16763.0,9252.0,3763.0,0.134,47350.0,1
B0083,stable,30,16875.0,8873.0,3763.0,0.134,47350.0,1
B0083,stable,31,16800.0,8838.0,3763.0,0.134,47350.0,1
B0083,stable,32,17100.0,9136.0,3763.0,0.134,47350.0,1
B0083,stable,33,17360.0,9172.0,3763.0,0.134,47350.0,1
B0083,stable,34,17543.0,9161.0,3763.0,0.134,47350.0,1
B0083,stable,35,17560.0,9263.0,3763.0,0.134,47350.0,1
B0083,stable,36,17333.0,9059.0,3763.0,0.134,47350.0,1
B0083,stable,37,17198.0,8825.0,3763.0,0.134,47350.0,1
B0083,stable,38,17604.0,8662.0,3763.0,0.134,47350.0,1
B0083,stable,39,18417.0,8723.0,3763.0,0.134,47350.0,1
B0084,stable,0,14653.0,7394.0,2324.0,0.278,46381.0,1
B0084,stable,1,14737.0,7760.0,2324.0,0.278,46381.0,1
B0084,stable,2,14695.0,7919.0,2324.0,0.278,46381.0,1
B0084,stable,3,14542.0,7729.0,2324.0,0.278,46381.0,1
B0084,stable,4,14561.0,7640.0,2324.0,0.278,46381.0,1
B0084,stable,5,14939.0,7659.0,2324.0,0.278,46381.0,1
B0084,stable,6,14904.0,7794.0,2324.0,0.278,46381.0,1
B0084,stable,7,15007.0,7785.0,2324.0,0.278,46381.0,1
B0084,stable,8,15383.0,7684.0,2324.0,0.278,46381.0,1
B0084,stable,9,15550.0,7717.0,2324.0,0.278,46381.0,1
B0084,stable,10,15430.0,7930.0,2324.0,0.278,46381.0,1
B0084,stable,11,15349.0,7760.0,2324.0,0.278,46381.0,1
B0084,stable,12,15697.0,7812.0,2324.0,0.278,46381.0,1
B0084,stable,13,15831.0,7892.0,2324.0,0.278,46381.0,1
B0084,stable,14,15780.0,8091.0,2324.0,0.278,46381.0,1
B0084,stable,15,15907.0,8162.0,2324.0,0.278,46381.0,1
B0084,stable,16,15668.0,8041.0,2324.0,0.278,46381.0,1
B0084,stable,17,15571.0,7999.0,2324.0,0.278,46381.0,1
B0084,stable,18,15345.0,7969.0,2324.0,0.278,46381.0,1
B0084,stable,19,15287.0,8150.0,2324.0,0.278,46381.0,1
B0084,stable,20,15464.0,8022.0,2324.0,0.278,46381.0,1
B0084,stable,21,15445.0,8156.0,2324.0,0.278,46381.0,1
B0084,stable,22,15104.0,7732.0,2324.0,0.278,46381.0,1
B0084,stable,23,15428.0,7709.0,2324.0,0.278,46381.0,1
B0084,stable,24,15336.0,7821.0,2324.0,0.278,46381.0,1
B0084,stable,25,15017.0,7632.0,2324.0,0.278,46381.0,1
B0084,stable,26,15289.0,7409.0,2324.0,0.278,46381.0,1
B0084,stable,27,15635.0,7784.0,2324.0,0.278,46381.0,1
B0084,stable,28,15459.0,7794.0,2324.0,0.278,46381.0,1
B0084,stable,29,15616.0,7971.0,2324.0,0.278,46381.0,1
B0085,structural_decline,0,12641.0,8388.0,1759.0,0.093,31168.0,1
B0085,structural_decline,1,12649.0,8282.0,1759.0,0.093,31168.0,1
B0085,structural_decline,2,12604.0,8249.0,1759.0,0.093,31168.0,1
B0085,structural_decline,3,12278.0,8199.0,1759.0,0.093,31168.0,1
B0085,structural_decline,4,11968.0,8217.0,1759.0,0.093,31168.0,1
B0085,structural_decline,5,11957.0,8161.0,1759.0,0.093,31168.0,1
B0085,structural_decline,6,12164.0,8437.0,1759.0,0.093,31168.0,1
B0085,structural_decline,7,12175.0,8573.0,1759.0,0.093,31168.0,1
B0085,structural_decline,8,12233.0,8508.0,1759.0,0.093,31168.0,1
B0085,structural_decline,9,12119.0,8218.0,1759.0,0.093,31168.0,1
B0085,structural_decline,10,12001.0,8312.0,1759.0,0.093,31168.0,1
B0085,structural_decline,11,12224.0,8242.0,1759.0,0.093,31168.0,1
B0085,structural_decline,12,12389.0,8239.0,1759.0,0.093,31168.0,1
B0085,structural_decline,13,12212.0,8340.0,1759.0,0.093,31168.0,1
B0085,structural_decline,14,12072.0,8244.0,1759.0,0.093,31168.0,1
B0085,structural_decline,15,11788.0,8117.0,1759.0,0.093,31168.0,1
B0085,structural_decline,16,11716.0,8436.0,1759.0,0.093,31168.0,1
B0085,structural_decline,17,11546.0,8543.0,1759.0,0.093,31168.0,1
B0085,structural_decline,18,11280.0,8447.0,1759.0,0.093,31168.0,1
B0085,structural_decline,19,11126.0,8339.0,1759.0,0.093,31168.0,1
B0085,structural_decline,20,10984.0,8216.0,1759.0,0.093,31168.0,1
B0085,structural_decline,21,10589.0,8467.0,1759.0,0.093,31168.0,1
B0085,structural_decline,22,10129.0,8597.0,1759.0,0.093,31168.0,0
B0085,structural_decline,23,10195.0,8180.0,1759.0,0.093,31168.0,1
B0085,structural_decline,24,9958.0,8090.0,1759.0,0.093,31168.0,1
B0085,structural_decline,25,9622.0,8068.0,1759.0,0.093,31168.0,0
B0085,structural_decline,26,9525.0,8112.0,1759.0,0.093,31168.0,0
B0085,structural_decline,27,9246.0,8374.0,1759.0,0.093,31168.0,0
B0085,structural_decline,28,9031.0,8581.0,1759.0,0.093,31168.0,0
B0085,structural_decline,29,8998.0,8444.0,1759.0,0.093,31168.0,0
B0085,structural_decline,30,8932.0,8009.0,1759.0,0.093,31168.0,0
B0085,structural_decline,31,8763.0,8039.0,1759.0,0.093,31168.0,0
B0085,structural_decline,32,8470.0,8137.0,1759.0,0.093,31168.0,0
B0085,structural_decline,33,8272.0,8405.0,1759.0,0.093,31168.0,0
B0085,structural_decline,34,8056.0,8561.0,1759.0,0.093,31168.0,0
B0086,stable,0,19092.0,10239.0,2598.0,0.092,87110.0,1
B0086,stable,1,19287.0,10315.0,2598.0,0.092,87110.0,1
B0086,stable,2,19645.0,10469.0,2598.0,0.092,87110.0,1
B0086,stable,3,19558.0,10374.0,2598.0,0.092,87110.0,1
B0086,stable,4,19628.0,10476.0,2598.0,0.092,87110.0,1
B0086,stable,5,19541.0,10840.0,2598.0,0.092,87110.0,1
B0086,stable,6,19288.0,11016.0,2598.0,0.092,87110.0,1
B0086,stable,7,19143.0,10717.0,2598.0,0.092,87110.0,1
B0086,stable,8,19595.0,10667.0,2598.0,0.092,87110.0,1
B0086,stable,9,19645.0,10679.0,2598.0,0.092,87110.0,1
B0086,stable,10,19138.0,10738.0,2598.0,0.092,87110.0,1
B0086,stable,11,19220.0,10836.0,2598.0,0.092,87110.0,1
B0086,stable,12,18879.0,10774.0,2598.0,0.092,87110.0,1
B0086,stable,13,19266.0,10764.0,2598.0,0.092,87110.0,1
B0086,stable,14,19335.0,10491.0,2598.0,0.092,87110.0,1
B0086,stable,15,19447.0,10123.0,2598.0,0.092,87110.0,1
B0086,stable,16,19744.0,10423.0,2598.0,0.092,87110.0,1
B0086,stable,17,20350.0,10590.0,2598.0,0.092,87110.0,1
B0086,stable,18,20052.0,10418.0,2598.0,0.092,87110.0,1
B0086,stable,19,19835.0,10502.0,2598.0,0.092,87110.0,1
B0086,stable,20,20496.0,10217.0,2598.0,0.092,87110.0,1
B0086,stable,21,20906.0,10226.0,2598.0,0.092,87110.0,1
B0086,stable,22,20699.0,10152.0,2598.0,0.092,87110.0,1
B0086,stable,23,20821.0,9820.0,2598.0,0.092,87110.0,1
B0086,stable,24,20542.0,9904.0,2598.0,0.092,87110.0,1
B0086,stable,25,20907.0,9968.0,2598.0,0.092,87110.0,1
B0086,stable,26,20674.0,10210.0,2598.0,0.092,87110.0,1
B0086,stable,27,20825.0,10274.0,2598.0,0.092,87110.0,1
B0086,stable,28,20875.0,9912.0,2598.0,0.092,87110.0,1
B0086,stable,29,20870.0,10107.0,2598.0,0.092,87110.0,1
B0086,stable,30,20864.0,10465.0,2598.0,0.092,87110.0,1
B0087,temporary_stress,0,19872.0,13911.0,2900.0,0.266,92104.0,1
B0087,temporary_stress,1,19591.0,13804.0,2900.0,0.266,92104.0,1
B0087,temporary_stress,2,19903.0,13567.0,2900.0,0.266,92104.0,1
B0087,temporary_stress,3,20154.0,13244.0,2900.0,0.266,92104.0,1
B0087,temporary_stress,4,20040.0,13267.0,2900.0,0.266,92104.0,1
B0087,temporary_stress,5,19527.0,13566.0,2900.0,0.266,92104.0,1
B0087,temporary_stress,6,19794.0,13488.0,2900.0,0.266,92104.0,1
B0087,temporary_stress,7,20038.0,13312.0,2900.0,0.266,92104.0,1
B0087,temporary_stress,8,19983.0,13624.0,2900.0,0.266,92104.0,1
B0087,temporary_stress,9,19628.0,13596.0,2900.0,0.266,92104.0,1
B0087,temporary_stress,10,18961.0,13870.0,2900.0,0.266,92104.0,1
B0087,temporary_stress,11,19054.0,13874.0,2900.0,0.266,92104.0,1
B0087,temporary_stress,12,19297.0,13857.0,2900.0,0.266,92104.0,1
B0087,temporary_stress,13,9188.0,13834.0,2900.0,0.266,92104.0,0
B0087,temporary_stress,14,9113.0,13830.0,2900.0,0.266,92104.0,0
B0087,temporary_stress,15,9207.0,13614.0,2900.0,0.266,92104.0,0
B0087,temporary_stress,16,9373.0,13307.0,2900.0,0.266,92104.0,0
B0087,temporary_stress,17,12206.0,13536.0,2900.0,0.266,92104.0,0
B0087,temporary_stress,18,13715.0,13957.0,2900.0,0.266,92104.0,0
B0087,temporary_stress,19,15255.0,14155.0,2900.0,0.266,92104.0,0
B0087,temporary_stress,20,16948.0,14114.0,2900.0,0.266,92104.0,0
B0087,temporary_stress,21,18370.0,13590.0,2900.0,0.266,92104.0,1
B0087,temporary_stress,22,20105.0,13822.0,2900.0,0.266,92104.0,1
B0087,temporary_stress,23,19866.0,14132.0,2900.0,0.266,92104.0,1
B0087,temporary_stress,24,19809.0,14456.0,2900.0,0.266,92104.0,1
B0087,temporary_stress,25,19733.0,14354.0,2900.0,0.266,92104.0,1
B0087,temporary_stress,26,20049.0,13596.0,2900.0,0.266,92104.0,1
B0087,temporary_stress,27,19853.0,13704.0,2900.0,0.266,92104.0,1
B0087,temporary_stress,28,19521.0,13576.0,2900.0,0.266,92104.0,1
B0087,temporary_stress,29,19106.0,13433.0,2900.0,0.266,92104.0,1
B0087,temporary_stress,30,19202.0,13776.0,2900.0,0.266,92104.0,1
B0087,temporary_stress,31,19277.0,13928.0,2900.0,0.266,92104.0,1
B0087,temporary_stress,32,19187.0,13209.0,2900.0,0.266,92104.0,1
B0088,structural_decline,0,12076.0,7920.0,1440.0,0.268,54640.0,1
B0088,structural_decline,1,12241.0,8157.0,1440.0,0.268,54640.0,1
B0088,structural_decline,2,12174.0,7994.0,1440.0,0.268,54640.0,1
B0088,structural_decline,3,12004.0,7889.0,1440.0,0.268,54640.0,1
B0088,structural_decline,4,11946.0,8030.0,1440.0,0.268,54640.0,1
B0088,structural_decline,5,11913.0,8180.0,1440.0,0.268,54640.0,1
B0088,structural_decline,6,11977.0,8149.0,1440.0,0.268,54640.0,1
B0088,structural_decline,7,11811.0,7971.0,1440.0,0.268,54640.0,1
B0088,structural_decline,8,12022.0,8073.0,1440.0,0.268,54640.0,1
B0088,structural_decline,9,11641.0,8260.0,1440.0,0.268,54640.0,1
B0088,structural_decline,10,11364.0,7846.0,1440.0,0.268,54640.0,1
B0088,structural_decline,11,11224.0,7790.0,1440.0,0.268,54640.0,1
B0088,structural_decline,12,10922.0,8033.0,1440.0,0.268,54640.0,1
B0088,structural_decline,13,10604.0,8156.0,1440.0,0.268,54640.0,1
B0088,structural_decline,14,10492.0,8028.0,1440.0,0.268,54640.0,1
B0088,structural_decline,15,10400.0,8122.0,1440.0,0.268,54640.0,1
B0088,structural_decline,16,9971.0,8362.0,1440.0,0.268,54640.0,1
B0088,structural_decline,17,9659.0,8340.0,1440.0,0.268,54640.0,0
B0088,structural_decline,18,9635.0,8252.0,1440.0,0.268,54640.0,0
B0088,structural_decline,19,9280.0,7879.0,1440.0,0.268,54640.0,0
B0088,structural_decline,20,9094.0,7971.0,1440.0,0.268,54640.0,0
B0088,structural_decline,21,9028.0,8411.0,1440.0,0.268,54640.0,0
B0088,structural_decline,22,8807.0,8708.0,1440.0,0.268,54640.0,0
B0088,structural_decline,23,8599.0,8681.0,1440.0,0.268,54640.0,0
B0088,structural_decline,24,8368.0,8667.0,1440.0,0.268,54640.0,0
B0088,structural_decline,25,8144.0,8424.0,1440.0,0.268,54640.0,0
B0088,structural_decline,26,8027.0,8402.0,1440.0,0.268,54640.0,0
B0088,structural_decline,27,7780.0,8141.0,1440.0,0.268,54640.0,0
B0088,structural_decline,28,7510.0,8100.0,1440.0,0.268,54640.0,0
B0088,structural_decline,29,7442.0,8295.0,1440.0,0.268,54640.0,0
B0088,structural_decline,30,7269.0,8518.0,1440.0,0.268,54640.0,0
B0089,temporary_stress,0,10212.0,6138.0,2367.0,0.23,27358.0,1
B0089,temporary_stress,1,10244.0,5934.0,2367.0,0.23,27358.0,1
B0089,temporary_stress,2,9957.0,5963.0,2367.0,0.23,27358.0,1
B0089,temporary_stress,3,9933.0,5911.0,2367.0,0.23,27358.0,1
B0089,temporary_stress,4,9994.0,6041.0,2367.0,0.23,27358.0,1
B0089,temporary_stress,5,9881.0,6279.0,2367.0,0.23,27358.0,1
B0089,temporary_stress,6,9720.0,6245.0,2367.0,0.23,27358.0,1
B0089,temporary_stress,7,9728.0,6134.0,2367.0,0.23,27358.0,1
B0089,temporary_stress,8,9792.0,6138.0,2367.0,0.23,27358.0,1
B0089,temporary_stress,9,10094.0,6337.0,2367.0,0.23,27358.0,1
B0089,temporary_stress,10,10187.0,6290.0,2367.0,0.23,27358.0,1
B0089,temporary_stress,11,10076.0,6135.0,2367.0,0.23,27358.0,1
B0089,temporary_stress,12,4837.0,5986.0,2367.0,0.23,27358.0,0
B0089,temporary_stress,13,4753.0,5993.0,2367.0,0.23,27358.0,0
B0089,temporary_stress,14,4762.0,6145.0,2367.0,0.23,27358.0,0
B0089,temporary_stress,15,4824.0,6156.0,2367.0,0.23,27358.0,0
B0089,temporary_stress,16,6434.0,6169.0,2367.0,0.23,27358.0,0
B0089,temporary_stress,17,7288.0,6056.0,2367.0,0.23,27358.0,0
B0089,temporary_stress,18,8146.0,6051.0,2367.0,0.23,27358.0,0
B0089,temporary_stress,19,8876.0,6162.0,2367.0,0.23,27358.0,1
B0089,temporary_stress,20,9745.0,6184.0,2367.0,0.23,27358.0,1
B0089,temporary_stress,21,9840.0,6039.0,2367.0,0.23,27358.0,1
B0089,temporary_stress,22,9795.0,6049.0,2367.0,0.23,27358.0,1
B0089,temporary_stress,23,10032.0,6048.0,2367.0,0.23,27358.0,1
B0089,temporary_stress,24,9891.0,5982.0,2367.0,0.23,27358.0,1
B0089,temporary_stress,25,9890.0,6100.0,2367.0,0.23,27358.0,1
B0089,temporary_stress,26,10032.0,6357.0,2367.0,0.23,27358.0,1
B0089,temporary_stress,27,10135.0,6281.0,2367.0,0.23,27358.0,1
B0089,temporary_stress,28,10019.0,5833.0,2367.0,0.23,27358.0,1
B0089,temporary_stress,29,9945.0,5904.0,2367.0,0.23,27358.0,1
B0089,temporary_stress,30,10109.0,6017.0,2367.0,0.23,27358.0,1
B0089,temporary_stress,31,10309.0,6185.0,2367.0,0.23,27358.0,1
B0090,temporary_stress,0,14491.0,10633.0,1991.0,0.28,38003.0,1
B0090,temporary_stress,1,14261.0,10529.0,1991.0,0.28,38003.0,1
B0090,temporary_stress,2,14052.0,10692.0,1991.0,0.28,38003.0,1
B0090,temporary_stress,3,14183.0,10329.0,1991.0,0.28,38003.0,1
B0090,temporary_stress,4,14296.0,10098.0,1991.0,0.28,38003.0,1
B0090,temporary_stress,5,14034.0,10616.0,1991.0,0.28,38003.0,1
B0090,temporary_stress,6,13960.0,10592.0,1991.0,0.28,38003.0,1
B0090,temporary_stress,7,14092.0,10558.0,1991.0,0.28,38003.0,1
B0090,temporary_stress,8,13989.0,10621.0,1991.0,0.28,38003.0,1
B0090,temporary_stress,9,14092.0,10861.0,1991.0,0.28,38003.0,1
B0090,temporary_stress,10,14011.0,10693.0,1991.0,0.28,38003.0,1
B0090,temporary_stress,11,13968.0,10154.0,1991.0,0.28,38003.0,1
B0090,temporary_stress,12,13915.0,10487.0,1991.0,0.28,38003.0,1
B0090,temporary_stress,13,13937.0,10405.0,1991.0,0.28,38003.0,1
B0090,temporary_stress,14,14222.0,10668.0,1991.0,0.28,38003.0,1
B0090,temporary_stress,15,14318.0,10808.0,1991.0,0.28,38003.0,1
B0090,temporary_stress,16,14158.0,10774.0,1991.0,0.28,38003.0,1
B0090,temporary_stress,17,14153.0,10388.0,1991.0,0.28,38003.0,1
B0090,temporary_stress,18,14090.0,10730.0,1991.0,0.28,38003.0,1
B0090,temporary_stress,19,13856.0,11349.0,1991.0,0.28,38003.0,1
B0090,temporary_stress,20,13786.0,11279.0,1991.0,0.28,38003.0,1
B0090,temporary_stress,21,13617.0,10513.0,1991.0,0.28,38003.0,1
B0090,temporary_stress,22,7993.0,10337.0,1991.0,0.28,38003.0,0
B0090,temporary_stress,23,8080.0,10278.0,1991.0,0.28,38003.0,0
B0090,temporary_stress,24,8097.0,10527.0,1991.0,0.28,38003.0,0
B0090,temporary_stress,25,9323.0,10876.0,1991.0,0.28,38003.0,0
B0090,temporary_stress,26,10021.0,10792.0,1991.0,0.28,38003.0,0
B0090,temporary_stress,27,10922.0,10364.0,1991.0,0.28,38003.0,0
B0090,temporary_stress,28,11644.0,10154.0,1991.0,0.28,38003.0,0
B0090,temporary_stress,29,12335.0,10023.0,1991.0,0.28,38003.0,1
B0090,temporary_stress,30,13200.0,10240.0,1991.0,0.28,38003.0,1
B0090,temporary_stress,31,13723.0,10571.0,1991.0,0.28,38003.0,1
B0090,temporary_stress,32,14481.0,10636.0,1991.0,0.28,38003.0,1
B0090,temporary_stress,33,14406.0,10774.0,1991.0,0.28,38003.0,1
B0090,temporary_stress,34,14065.0,10833.0,1991.0,0.28,38003.0,1
B0090,temporary_stress,35,14187.0,10869.0,1991.0,0.28,38003.0,1
B0090,temporary_stress,36,14106.0,10738.0,1991.0,0.28,38003.0,1
B0090,temporary_stress,37,13760.0,10374.0,1991.0,0.28,38003.0,1
B0091,structural_decline,0,13075.0,6748.0,2351.0,0.151,54575.0,1
B0091,structural_decline,1,12817.0,6579.0,2351.0,0.151,54575.0,1
B0091,structural_decline,2,12957.0,6554.0,2351.0,0.151,54575.0,1
B0091,structural_decline,3,13150.0,6518.0,2351.0,0.151,54575.0,1
B0091,structural_decline,4,13102.0,6278.0,2351.0,0.151,54575.0,1
B0091,structural_decline,5,12980.0,6313.0,2351.0,0.151,54575.0,1
B0091,structural_decline,6,12884.0,6541.0,2351.0,0.151,54575.0,1
B0091,structural_decline,7,12888.0,6709.0,2351.0,0.151,54575.0,1
B0091,structural_decline,8,13091.0,6614.0,2351.0,0.151,54575.0,1
B0091,structural_decline,9,13344.0,6706.0,2351.0,0.151,54575.0,1
B0091,structural_decline,10,13293.0,6642.0,2351.0,0.151,54575.0,1
B0091,structural_decline,11,12638.0,6575.0,2351.0,0.151,54575.0,1
B0091,structural_decline,12,12573.0,6604.0,2351.0,0.151,54575.0,1
B0091,structural_decline,13,12464.0,6597.0,2351.0,0.151,54575.0,1
B0091,structural_decline,14,11879.0,6586.0,2351.0,0.151,54575.0,1
B0091,structural_decline,15,11792.0,6554.0,2351.0,0.151,54575.0,1
B0091,structural_decline,16,11808.0,6570.0,2351.0,0.151,54575.0,1
B0091,structural_decline,17,11589.0,6771.0,2351.0,0.151,54575.0,1
B0091,structural_decline,18,9356.0,6642.0,2351.0,0.151,54575.0,1
B0091,structural_decline,19,9047.0,6501.0,2351.0,0.151,54575.0,1
B0091,structural_decline,20,10738.0,6534.0,2351.0,0.151,54575.0,1
B0091,structural_decline,21,10646.0,6697.0,2351.0,0.151,54575.0,1
B0091,structural_decline,22,10353.0,6721.0,2351.0,0.151,54575.0,1
B0091,structural_decline,23,10180.0,6594.0,2351.0,0.151,54575.0,1
B0091,structural_decline,24,9967.0,6493.0,2351.0,0.151,54575.0,1
B0091,structural_decline,25,9631.0,6603.0,2351.0,0.151,54575.0,1
B0091,structural_decline,26,9508.0,6535.0,2351.0,0.151,54575.0,1
B0091,structural_decline,27,9398.0,6536.0,2351.0,0.151,54575.0,1
B0091,structural_decline,28,9171.0,6382.0,2351.0,0.151,54575.0,1
B0091,structural_decline,29,8961.0,6645.0,2351.0,0.151,54575.0,0
B0091,structural_decline,30,8825.0,6685.0,2351.0,0.151,54575.0,0
B0092,temporary_stress,0,18995.0,10920.0,3080.0,0.096,65082.0,1
B0092,temporary_stress,1,19424.0,10848.0,3080.0,0.096,65082.0,1
B0092,temporary_stress,2,19639.0,10938.0,3080.0,0.096,65082.0,1
B0092,temporary_stress,3,19472.0,10916.0,3080.0,0.096,65082.0,1
B0092,temporary_stress,4,19528.0,10791.0,3080.0,0.096,65082.0,1
B0092,temporary_stress,5,19235.0,10481.0,3080.0,0.096,65082.0,1
B0092,temporary_stress,6,19048.0,10645.0,3080.0,0.096,65082.0,1
B0092,temporary_stress,7,19401.0,10886.0,3080.0,0.096,65082.0,1
B0092,temporary_stress,8,19469.0,10872.0,3080.0,0.096,65082.0,1
B0092,temporary_stress,9,19290.0,10843.0,3080.0,0.096,65082.0,1
B0092,temporary_stress,10,18939.0,10801.0,3080.0,0.096,65082.0,1
B0092,temporary_stress,11,9091.0,10760.0,3080.0,0.096,65082.0,0
B0092,temporary_stress,12,8957.0,10730.0,3080.0,0.096,65082.0,0
B0092,temporary_stress,13,9029.0,10481.0,3080.0,0.096,65082.0,0
B0092,temporary_stress,14,9146.0,10657.0,3080.0,0.096,65082.0,0
B0092,temporary_stress,15,9867.0,10632.0,3080.0,0.096,65082.0,0
B0092,temporary_stress,16,11777.0,10539.0,3080.0,0.096,65082.0,0
B0092,temporary_stress,17,13552.0,10632.0,3080.0,0.096,65082.0,0
B0092,temporary_stress,18,15541.0,10595.0,3080.0,0.096,65082.0,1
B0092,temporary_stress,19,17306.0,10326.0,3080.0,0.096,65082.0,1
B0092,temporary_stress,20,19038.0,10456.0,3080.0,0.096,65082.0,1
B0092,temporary_stress,21,19103.0,10791.0,3080.0,0.096,65082.0,1
B0092,temporary_stress,22,19367.0,10699.0,3080.0,0.096,65082.0,1
B0092,temporary_stress,23,19173.0,10967.0,3080.0,0.096,65082.0,1
B0092,temporary_stress,24,19305.0,11071.0,3080.0,0.096,65082.0,1
B0092,temporary_stress,25,19116.0,11008.0,3080.0,0.096,65082.0,1
B0092,temporary_stress,26,18703.0,11027.0,3080.0,0.096,65082.0,1
B0092,temporary_stress,27,18742.0,11228.0,3080.0,0.096,65082.0,1
B0092,temporary_stress,28,18712.0,11176.0,3080.0,0.096,65082.0,1
B0092,temporary_stress,29,18892.0,11268.0,3080.0,0.096,65082.0,1
B0093,temporary_stress,0,15779.0,10349.0,2796.0,0.159,62077.0,1
B0093,temporary_stress,1,16014.0,9779.0,2796.0,0.159,62077.0,1
B0093,temporary_stress,2,15999.0,9659.0,2796.0,0.159,62077.0,1
B0093,temporary_stress,3,16211.0,9855.0,2796.0,0.159,62077.0,1
B0093,temporary_stress,4,16543.0,9328.0,2796.0,0.159,62077.0,1
B0093,temporary_stress,5,16782.0,9242.0,2796.0,0.159,62077.0,1
B0093,temporary_stress,6,16905.0,9762.0,2796.0,0.159,62077.0,1
B0093,temporary_stress,7,16512.0,9659.0,2796.0,0.159,62077.0,1
B0093,temporary_stress,8,16398.0,9381.0,2796.0,0.159,62077.0,1
B0093,temporary_stress,9,16618.0,9461.0,2796.0,0.159,62077.0,1
B0093,temporary_stress,10,16419.0,9565.0,2796.0,0.159,62077.0,1
B0093,temporary_stress,11,16393.0,9579.0,2796.0,0.159,62077.0,1
B0093,temporary_stress,12,16041.0,9611.0,2796.0,0.159,62077.0,1
B0093,temporary_stress,13,6979.0,9362.0,2796.0,0.159,62077.0,0
B0093,temporary_stress,14,7034.0,9046.0,2796.0,0.159,62077.0,0
B0093,temporary_stress,15,6927.0,9172.0,2796.0,0.159,62077.0,0
B0093,temporary_stress,16,6987.0,9596.0,2796.0,0.159,62077.0,0
B0093,temporary_stress,17,8396.0,9436.0,2796.0,0.159,62077.0,0
B0093,temporary_stress,18,10923.0,9211.0,2796.0,0.159,62077.0,0
B0093,temporary_stress,19,13776.0,8909.0,2796.0,0.159,62077.0,1
B0093,temporary_stress,20,16662.0,9128.0,2796.0,0.159,62077.0,1
B0093,temporary_stress,21,16597.0,9483.0,2796.0,0.159,62077.0,1
B0093,temporary_stress,22,16684.0,9520.0,2796.0,0.159,62077.0,1
B0093,temporary_stress,23,16825.0,9668.0,2796.0,0.159,62077.0,1
B0093,temporary_stress,24,16589.0,9752.0,2796.0,0.159,62077.0,1
B0093,temporary_stress,25,16726.0,9823.0,2796.0,0.159,62077.0,1
B0093,temporary_stress,26,16682.0,10203.0,2796.0,0.159,62077.0,1
B0093,temporary_stress,27,16606.0,9903.0,2796.0,0.159,62077.0,1
B0093,temporary_stress,28,16357.0,9930.0,2796.0,0.159,62077.0,1
B0093,temporary_stress,29,16122.0,10055.0,2796.0,0.159,62077.0,1
B0093,temporary_stress,30,16242.0,10192.0,2796.0,0.159,62077.0,1
B0093,temporary_stress,31,16209.0,9837.0,2796.0,0.159,62077.0,1
B0093,temporary_stress,32,15965.0,9634.0,2796.0,0.159,62077.0,1
B0093,temporary_stress,33,15864.0,9678.0,2796.0,0.159,62077.0,1
B0093,temporary_stress,34,16190.0,9880.0,2796.0,0.159,62077.0,1
B0093,temporary_stress,35,16289.0,9874.0,2796.0,0.159,62077.0,1
B0093,temporary_stress,36,16088.0,9653.0,2796.0,0.159,62077.0,1
B0093,temporary_stress,37,16170.0,9735.0,2796.0,0.159,62077.0,1
B0094,structural_decline,0,10933.0,6026.0,1570.0,0.098,43280.0,1
B0094,structural_decline,1,10759.0,5946.0,1570.0,0.098,43280.0,1
B0094,structural_decline,2,10699.0,5808.0,1570.0,0.098,43280.0,1
B0094,structural_decline,3,10889.0,5672.0,1570.0,0.098,43280.0,1
B0094,structural_decline,4,10977.0,5633.0,1570.0,0.098,43280.0,1
B0094,structural_decline,5,11023.0,5823.0,1570.0,0.098,43280.0,1
B0094,structural_decline,6,10880.0,5865.0,1570.0,0.098,43280.0,1
B0094,structural_decline,7,10935.0,5896.0,1570.0,0.098,43280.0,1
B0094,structural_decline,8,10846.0,5836.0,1570.0,0.098,43280.0,1
B0094,structural_decline,9,10879.0,5864.0,1570.0,0.098,43280.0,1
B0094,structural_decline,10,10941.0,5800.0,1570.0,0.098,43280.0,1
B0094,structural_decline,11,10884.0,5653.0,1570.0,0.098,43280.0,1
B0094,structural_decline,12,10828.0,5674.0,1570.0,0.098,43280.0,1
B0094,structural_decline,13,10906.0,5611.0,1570.0,0.098,43280.0,1
B0094,structural_decline,14,10838.0,5942.0,1570.0,0.098,43280.0,1
B0094,structural_decline,15,10699.0,6336.0,1570.0,0.098,43280.0,1
B0094,structural_decline,16,9054.0,6249.0,1570.0,0.098,43280.0,1
B0094,structural_decline,17,9000.0,6149.0,1570.0,0.098,43280.0,1
B0094,structural_decline,18,9978.0,5943.0,1570.0,0.098,43280.0,1
B0094,structural_decline,19,9696.0,5828.0,1570.0,0.098,43280.0,1
B0094,structural_decline,20,9431.0,5905.0,1570.0,0.098,43280.0,1
B0094,structural_decline,21,9373.0,5987.0,1570.0,0.098,43280.0,1
B0094,structural_decline,22,9292.0,5948.0,1570.0,0.098,43280.0,1
B0094,structural_decline,23,9179.0,6174.0,1570.0,0.098,43280.0,1
B0094,structural_decline,24,9007.0,5954.0,1570.0,0.098,43280.0,1
B0094,structural_decline,25,8729.0,5911.0,1570.0,0.098,43280.0,1
B0094,structural_decline,26,8544.0,6057.0,1570.0,0.098,43280.0,1
B0094,structural_decline,27,8408.0,6022.0,1570.0,0.098,43280.0,1
B0094,structural_decline,28,8274.0,5899.0,1570.0,0.098,43280.0,1
B0094,structural_decline,29,8165.0,5597.0,1570.0,0.098,43280.0,1
B0094,structural_decline,30,7905.0,5695.0,1570.0,0.098,43280.0,1
B0094,structural_decline,31,7668.0,5788.0,1570.0,0.098,43280.0,1
B0094,structural_decline,32,7535.0,5869.0,1570.0,0.098,43280.0,1
B0094,structural_decline,33,7246.0,5976.0,1570.0,0.098,43280.0,0
B0094,structural_decline,34,7107.0,5788.0,1570.0,0.098,43280.0,0
B0094,structural_decline,35,7058.0,5859.0,1570.0,0.098,43280.0,0
B0094,structural_decline,36,6988.0,5917.0,1570.0,0.098,43280.0,0
B0094,structural_decline,37,6953.0,5511.0,1570.0,0.098,43280.0,0
B0095,temporary_stress,0,12100.0,7196.0,1782.0,0.252,36664.0,1
B0095,temporary_stress,1,12253.0,7157.0,1782.0,0.252,36664.0,1
B0095,temporary_stress,2,12014.0,6921.0,1782.0,0.252,36664.0,1
B0095,temporary_stress,3,11967.0,6860.0,1782.0,0.252,36664.0,1
B0095,temporary_stress,4,12108.0,7067.0,1782.0,0.252,36664.0,1
B0095,temporary_stress,5,12058.0,7129.0,1782.0,0.252,36664.0,1
B0095,temporary_stress,6,11942.0,7149.0,1782.0,0.252,36664.0,1
B0095,temporary_stress,7,11923.0,7100.0,1782.0,0.252,36664.0,1
B0095,temporary_stress,8,11910.0,6861.0,1782.0,0.252,36664.0,1
B0095,temporary_stress,9,5263.0,7046.0,1782.0,0.252,36664.0,0
B0095,temporary_stress,10,5407.0,7297.0,1782.0,0.252,36664.0,0
B0095,temporary_stress,11,5406.0,7117.0,1782.0,0.252,36664.0,0
B0095,temporary_stress,12,6865.0,7086.0,1782.0,0.252,36664.0,0
B0095,temporary_stress,13,8322.0,7030.0,1782.0,0.252,36664.0,0
B0095,temporary_stress,14,9592.0,7169.0,1782.0,0.252,36664.0,1
B0095,temporary_stress,15,10972.0,7044.0,1782.0,0.252,36664.0,1
B0095,temporary_stress,16,12232.0,6948.0,1782.0,0.252,36664.0,1
B0095,temporary_stress,17,12488.0,7046.0,1782.0,0.252,36664.0,1
B0095,temporary_stress,18,12440.0,6610.0,1782.0,0.252,36664.0,1
B0095,temporary_stress,19,12276.0,6714.0,1782.0,0.252,36664.0,1
B0095,temporary_stress,20,12065.0,6948.0,1782.0,0.252,36664.0,1
B0095,temporary_stress,21,11756.0,6726.0,1782.0,0.252,36664.0,1
B0095,temporary_stress,22,11776.0,6584.0,1782.0,0.252,36664.0,1
B0095,temporary_stress,23,12068.0,6590.0,1782.0,0.252,36664.0,1
B0095,temporary_stress,24,12100.0,6742.0,1782.0,0.252,36664.0,1
B0095,temporary_stress,25,12066.0,6807.0,1782.0,0.252,36664.0,1
B0095,temporary_stress,26,11987.0,6720.0,1782.0,0.252,36664.0,1
B0095,temporary_stress,27,12062.0,6922.0,1782.0,0.252,36664.0,1
B0095,temporary_stress,28,12210.0,7042.0,1782.0,0.252,36664.0,1
B0095,temporary_stress,29,12421.0,7002.0,1782.0,0.252,36664.0,1
B0095,temporary_stress,30,12620.0,6847.0,1782.0,0.252,36664.0,1
B0095,temporary_stress,31,12669.0,6938.0,1782.0,0.252,36664.0,1
B0095,temporary_stress,32,12415.0,6875.0,1782.0,0.252,36664.0,1
B0095,temporary_stress,33,12259.0,6971.0,1782.0,0.252,36664.0,1
B0095,temporary_stress,34,12000.0,7154.0,1782.0,0.252,36664.0,1
B0095,temporary_stress,35,11815.0,7387.0,1782.0,0.252,36664.0,1
B0095,temporary_stress,36,12036.0,7387.0,1782.0,0.252,36664.0,1
B0096,structural_decline,0,18794.0,12471.0,3873.0,0.253,75627.0,1
B0096,structural_decline,1,18808.0,12391.0,3873.0,0.253,75627.0,1
B0096,structural_decline,2,18973.0,12124.0,3873.0,0.253,75627.0,1
B0096,structural_decline,3,18825.0,11881.0,3873.0,0.253,75627.0,1
B0096,structural_decline,4,18648.0,12200.0,3873.0,0.253,75627.0,1
B0096,structural_decline,5,18608.0,11972.0,3873.0,0.253,75627.0,1
B0096,structural_decline,6,18706.0,11860.0,3873.0,0.253,75627.0,1
B0096,structural_decline,7,18522.0,11810.0,3873.0,0.253,75627.0,1
B0096,structural_decline,8,18726.0,11675.0,3873.0,0.253,75627.0,1
B0096,structural_decline,9,18547.0,12170.0,3873.0,0.253,75627.0,1
B0096,structural_decline,10,18258.0,12486.0,3873.0,0.253,75627.0,1
B0096,structural_decline,11,18184.0,12385.0,3873.0,0.253,75627.0,1
B0096,structural_decline,12,17919.0,12057.0,3873.0,0.253,75627.0,1
B0096,structural_decline,13,17287.0,11904.0,3873.0,0.253,75627.0,1
B0096,structural_decline,14,17072.0,12109.0,3873.0,0.253,75627.0,1
B0096,structural_decline,15,16737.0,12633.0,3873.0,0.253,75627.0,1
B0096,structural_decline,16,16569.0,12609.0,3873.0,0.253,75627.0,1
B0096,structural_decline,17,16253.0,12229.0,3873.0,0.253,75627.0,1
B0096,structural_decline,18,15959.0,11972.0,3873.0,0.253,75627.0,1
B0096,structural_decline,19,15812.0,11834.0,3873.0,0.253,75627.0,1
B0096,structural_decline,20,15721.0,11982.0,3873.0,0.253,75627.0,0
B0096,structural_decline,21,15453.0,12146.0,3873.0,0.253,75627.0,0
B0096,structural_decline,22,15230.0,12331.0,3873.0,0.253,75627.0,0
B0096,structural_decline,23,15210.0,11837.0,3873.0,0.253,75627.0,0
B0096,structural_decline,24,15000.0,12099.0,3873.0,0.253,75627.0,0
B0096,structural_decline,25,14537.0,12475.0,3873.0,0.253,75627.0,0
B0096,structural_decline,26,13971.0,12148.0,3873.0,0.253,75627.0,0
B0096,structural_decline,27,13649.0,11771.0,3873.0,0.253,75627.0,0
B0096,structural_decline,28,13767.0,11578.0,3873.0,0.253,75627.0,0
B0096,structural_decline,29,13815.0,12107.0,3873.0,0.253,75627.0,0
B0097,stable,0,18501.0,12195.0,3156.0,0.081,79927.0,1
B0097,stable,1,18188.0,12030.0,3156.0,0.081,79927.0,1
B0097,stable,2,18232.0,12346.0,3156.0,0.081,79927.0,1
B0097,stable,3,17909.0,12445.0,3156.0,0.081,79927.0,1
B0097,stable,4,18091.0,12632.0,3156.0,0.081,79927.0,1
B0097,stable,5,17945.0,12089.0,3156.0,0.081,79927.0,1
B0097,stable,6,18148.0,11958.0,3156.0,0.081,79927.0,1
B0097,stable,7,17959.0,12158.0,3156.0,0.081,79927.0,1
B0097,stable,8,17798.0,12369.0,3156.0,0.081,79927.0,1
B0097,stable,9,17765.0,12385.0,3156.0,0.081,79927.0,1
B0097,stable,10,17864.0,12449.0,3156.0,0.081,79927.0,1
B0097,stable,11,17872.0,12705.0,3156.0,0.081,79927.0,1
B0097,stable,12,18196.0,12494.0,3156.0,0.081,79927.0,1
B0097,stable,13,18583.0,12041.0,3156.0,0.081,79927.0,1
B0097,stable,14,18496.0,12059.0,3156.0,0.081,79927.0,1
B0097,stable,15,18687.0,12030.0,3156.0,0.081,79927.0,1
B0097,stable,16,18522.0,12493.0,3156.0,0.081,79927.0,1
B0097,stable,17,18408.0,12210.0,3156.0,0.081,79927.0,1
B0097,stable,18,18255.0,12198.0,3156.0,0.081,79927.0,1
B0097,stable,19,18062.0,12035.0,3156.0,0.081,79927.0,1
B0097,stable,20,18104.0,11807.0,3156.0,0.081,79927.0,1
B0097,stable,21,17763.0,11574.0,3156.0,0.081,79927.0,1
B0097,stable,22,17609.0,11804.0,3156.0,0.081,79927.0,1
B0097,stable,23,17746.0,11975.0,3156.0,0.081,79927.0,1
B0097,stable,24,17396.0,12186.0,3156.0,0.081,79927.0,1
B0097,stable,25,17149.0,12472.0,3156.0,0.081,79927.0,1
B0097,stable,26,17302.0,12709.0,3156.0,0.081,79927.0,1
B0097,stable,27,17539.0,12645.0,3156.0,0.081,79927.0,1
B0097,stable,28,17528.0,11975.0,3156.0,0.081,79927.0,1
B0097,stable,29,17719.0,12501.0,3156.0,0.081,79927.0,1
B0097,stable,30,17978.0,12464.0,3156.0,0.081,79927.0,1
B0097,stable,31,18222.0,12320.0,3156.0,0.081,79927.0,1
B0097,stable,32,18446.0,12176.0,3156.0,0.081,79927.0,1
B0097,stable,33,18448.0,12261.0,3156.0,0.081,79927.0,1
B0097,stable,34,18241.0,12466.0,3156.0,0.081,79927.0,1
B0097,stable,35,18034.0,12390.0,3156.0,0.081,79927.0,1
B0097,stable,36,17989.0,12067.0,3156.0,0.081,79927.0,1
B0097,stable,37,17793.0,11996.0,3156.0,0.081,79927.0,1
B0097,stable,38,17828.0,12021.0,3156.0,0.081,79927.0,1
B0097,stable,39,17959.0,12045.0,3156.0,0.081,79927.0,1
B0097,stable,40,17729.0,11936.0,3156.0,0.081,79927.0,1
B0097,stable,41,17398.0,11961.0,3156.0,0.081,79927.0,1
B0098,temporary_stress,0,11955.0,6847.0,2725.0,0.205,49629.0,1
B0098,temporary_stress,1,11810.0,7084.0,2725.0,0.205,49629.0,1
B0098,temporary_stress,2,11643.0,7231.0,2725.0,0.205,49629.0,1
B0098,temporary_stress,3,11581.0,7261.0,2725.0,0.205,49629.0,1
B0098,temporary_stress,4,11772.0,7346.0,2725.0,0.205,49629.0,1
B0098,temporary_stress,5,12100.0,7347.0,2725.0,0.205,49629.0,1
B0098,temporary_stress,6,12201.0,7382.0,2725.0,0.205,49629.0,1
B0098,temporary_stress,7,12199.0,7385.0,2725.0,0.205,49629.0,1
B0098,temporary_stress,8,12261.0,7359.0,2725.0,0.205,49629.0,1
B0098,temporary_stress,9,12319.0,7264.0,2725.0,0.205,49629.0,1
B0098,temporary_stress,10,12287.0,7335.0,2725.0,0.205,49629.0,1
B0098,temporary_stress,11,12077.0,7271.0,2725.0,0.205,49629.0,1
B0098,temporary_stress,12,12115.0,7235.0,2725.0,0.205,49629.0,1
B0098,temporary_stress,13,12086.0,7173.0,2725.0,0.205,49629.0,1
B0098,temporary_stress,14,12034.0,7130.0,2725.0,0.205,49629.0,1
B0098,temporary_stress,15,11871.0,7112.0,2725.0,0.205,49629.0,1
B0098,temporary_stress,16,11822.0,6852.0,2725.0,0.205,49629.0,1
B0098,temporary_stress,17,11874.0,6776.0,2725.0,0.205,49629.0,1
B0098,temporary_stress,18,6356.0,6814.0,2725.0,0.205,49629.0,0
B0098,temporary_stress,19,6305.0,7065.0,2725.0,0.205,49629.0,0
B0098,temporary_stress,20,6367.0,7060.0,2725.0,0.205,49629.0,0
B0098,temporary_stress,21,8178.0,7205.0,2725.0,0.205,49629.0,0
B0098,temporary_stress,22,8931.0,7402.0,2725.0,0.205,49629.0,0
B0098,temporary_stress,23,9803.0,7175.0,2725.0,0.205,49629.0,0
B0098,temporary_stress,24,10547.0,6763.0,2725.0,0.205,49629.0,1
B0098,temporary_stress,25,11372.0,6903.0,2725.0,0.205,49629.0,1
B0098,temporary_stress,26,12434.0,7231.0,2725.0,0.205,49629.0,1
B0098,temporary_stress,27,12314.0,7247.0,2725.0,0.205,49629.0,1
B0098,temporary_stress,28,12118.0,7425.0,2725.0,0.205,49629.0,1
B0098,temporary_stress,29,12202.0,7503.0,2725.0,0.205,49629.0,1
B0098,temporary_stress,30,12135.0,7323.0,2725.0,0.205,49629.0,1
B0098,temporary_stress,31,12034.0,7556.0,2725.0,0.205,49629.0,1
B0098,temporary_stress,32,11875.0,7356.0,2725.0,0.205,49629.0,1
B0098,temporary_stress,33,11639.0,7255.0,2725.0,0.205,49629.0,1
B0099,stable,0,11713.0,8394.0,1797.0,0.284,36651.0,1
B0099,stable,1,11561.0,8361.0,1797.0,0.284,36651.0,1
B0099,stable,2,11498.0,8613.0,1797.0,0.284,36651.0,1
B0099,stable,3,11423.0,8607.0,1797.0,0.284,36651.0,1
B0099,stable,4,11492.0,8494.0,1797.0,0.284,36651.0,1
B0099,stable,5,11298.0,8359.0,1797.0,0.284,36651.0,1
B0099,stable,6,11187.0,8393.0,1797.0,0.284,36651.0,1
B0099,stable,7,10979.0,8320.0,1797.0,0.284,36651.0,1
B0099,stable,8,10890.0,7997.0,1797.0,0.284,36651.0,1
B0099,stable,9,10827.0,8087.0,1797.0,0.284,36651.0,1
B0099,stable,10,10924.0,8133.0,1797.0,0.284,36651.0,1
B0099,stable,11,10911.0,8194.0,1797.0,0.284,36651.0,1
B0099,stable,12,11024.0,8278.0,1797.0,0.284,36651.0,1
B0099,stable,13,11263.0,8049.0,1797.0,0.284,36651.0,1
B0099,stable,14,11278.0,7835.0,1797.0,0.284,36651.0,1
B0099,stable,15,10998.0,7925.0,1797.0,0.284,36651.0,1
B0099,stable,16,11059.0,8180.0,1797.0,0.284,36651.0,1
B0099,stable,17,11384.0,8017.0,1797.0,0.284,36651.0,1
B0099,stable,18,11506.0,8111.0,1797.0,0.284,36651.0,1
B0099,stable,19,11568.0,8268.0,1797.0,0.284,36651.0,1
B0099,stable,20,11635.0,8055.0,1797.0,0.284,36651.0,1
B0099,stable,21,11671.0,7922.0,1797.0,0.284,36651.0,1
B0099,stable,22,11578.0,8215.0,1797.0,0.284,36651.0,1
B0099,stable,23,11479.0,8300.0,1797.0,0.284,36651.0,1
B0099,stable,24,11303.0,8175.0,1797.0,0.284,36651.0,1
B0099,stable,25,11119.0,8325.0,1797.0,0.284,36651.0,1
B0099,stable,26,11151.0,8095.0,1797.0,0.284,36651.0,1
B0099,stable,27,11084.0,8023.0,1797.0,0.284,36651.0,1
B0099,stable,28,10928.0,8391.0,1797.0,0.284,36651.0,1
B0099,stable,29,11153.0,8444.0,1797.0,0.284,36651.0,1
B0100,temporary_stress,0,19602.0,12917.0,2348.0,0.12,80398.0,1
B0100,temporary_stress,1,19610.0,13145.0,2348.0,0.12,80398.0,1
B0100,temporary_stress,2,19372.0,13400.0,2348.0,0.12,80398.0,1
B0100,temporary_stress,3,19529.0,13623.0,2348.0,0.12,80398.0,1
B0100,temporary_stress,4,19833.0,13989.0,2348.0,0.12,80398.0,1
B0100,temporary_stress,5,20267.0,14171.0,2348.0,0.12,80398.0,1
B0100,temporary_stress,6,19966.0,14143.0,2348.0,0.12,80398.0,1
B0100,temporary_stress,7,19866.0,13619.0,2348.0,0.12,80398.0,1
B0100,temporary_stress,8,20351.0,14488.0,2348.0,0.12,80398.0,1
B0100,temporary_stress,9,20775.0,14310.0,2348.0,0.12,80398.0,1
B0100,temporary_stress,10,20148.0,13803.0,2348.0,0.12,80398.0,1
B0100,temporary_stress,11,19914.0,13672.0,2348.0,0.12,80398.0,1
B0100,temporary_stress,12,19898.0,14170.0,2348.0,0.12,80398.0,1
B0100,temporary_stress,13,19743.0,14464.0,2348.0,0.12,80398.0,1
B0100,temporary_stress,14,19827.0,14333.0,2348.0,0.12,80398.0,1
B0100,temporary_stress,15,19551.0,14228.0,2348.0,0.12,80398.0,1
B0100,temporary_stress,16,12007.0,13890.0,2348.0,0.12,80398.0,0
B0100,temporary_stress,17,12025.0,13594.0,2348.0,0.12,80398.0,0
B0100,temporary_stress,18,12175.0,13294.0,2348.0,0.12,80398.0,0
B0100,temporary_stress,19,14860.0,13072.0,2348.0,0.12,80398.0,0
B0100,temporary_stress,20,15756.0,13535.0,2348.0,0.12,80398.0,0
B0100,temporary_stress,21,16670.0,14109.0,2348.0,0.12,80398.0,1
B0100,temporary_stress,22,17875.0,14261.0,2348.0,0.12,80398.0,1
B0100,temporary_stress,23,18988.0,13599.0,2348.0,0.12,80398.0,1
B0100,temporary_stress,24,20170.0,13053.0,2348.0,0.12,80398.0,1
B0100,temporary_stress,25,20166.0,13315.0,2348.0,0.12,80398.0,1
B0100,temporary_stress,26,20162.0,13753.0,2348.0,0.12,80398.0,1
B0100,temporary_stress,27,20097.0,14032.0,2348.0,0.12,80398.0,1
B0100,temporary_stress,28,20267.0,13849.0,2348.0,0.12,80398.0,1
B0100,temporary_stress,29,20564.0,13983.0,2348.0,0.12,80398.0,1
B0100,temporary_stress,30,20338.0,13922.0,2348.0,0.12,80398.0,1
B0100,temporary_stress,31,19823.0,13825.0,2348.0,0.12,80398.0,1
B0100,temporary_stress,32,19560.0,13809.0,2348.0,0.12,80398.0,1
B0100,temporary_stress,33,19292.0,13772.0,2348.0,0.12,80398.0,1
B0100,temporary_stress,34,19657.0,13673.0,2348.0,0.12,80398.0,1
B0100,temporary_stress,35,19728.0,13683.0,2348.0,0.12,80398.0,1
B0100,temporary_stress,36,19312.0,13727.0,2348.0,0.12,80398.0,1
B0100,temporary_stress,37,19305.0,14082.0,2348.0,0.12,80398.0,1
B0101,temporary_stress,0,13852.0,9481.0,2283.0,0.178,45547.0,1
B0101,temporary_stress,1,14172.0,9586.0,2283.0,0.178,45547.0,1
B0101,temporary_stress,2,14369.0,9459.0,2283.0,0.178,45547.0,1
B0101,temporary_stress,3,14219.0,9444.0,2283.0,0.178,45547.0,1
B0101,temporary_stress,4,14241.0,9694.0,2283.0,0.178,45547.0,1
B0101,temporary_stress,5,14109.0,9705.0,2283.0,0.178,45547.0,1
B0101,temporary_stress,6,13790.0,10036.0,2283.0,0.178,45547.0,1
B0101,temporary_stress,7,13848.0,10143.0,2283.0,0.178,45547.0,1
B0101,temporary_stress,8,8732.0,9953.0,2283.0,0.178,45547.0,0
B0101,temporary_stress,9,8762.0,9646.0,2283.0,0.178,45547.0,0
B0101,temporary_stress,10,8709.0,9827.0,2283.0,0.178,45547.0,0
B0101,temporary_stress,11,10353.0,9815.0,2283.0,0.178,45547.0,0
B0101,temporary_stress,12,11483.0,9991.0,2283.0,0.178,45547.0,0
B0101,temporary_stress,13,12076.0,9772.0,2283.0,0.178,45547.0,1
B0101,temporary_stress,14,12857.0,9871.0,2283.0,0.178,45547.0,1
B0101,temporary_stress,15,14027.0,10049.0,2283.0,0.178,45547.0,1
B0101,temporary_stress,16,14310.0,9878.0,2283.0,0.178,45547.0,1
B0101,temporary_stress,17,14520.0,9853.0,2283.0,0.178,45547.0,1
B0101,temporary_stress,18,14478.0,9943.0,2283.0,0.178,45547.0,1
B0101,temporary_stress,19,14185.0,9933.0,2283.0,0.178,45547.0,1
B0101,temporary_stress,20,13979.0,9977.0,2283.0,0.178,45547.0,1
B0101,temporary_stress,21,13784.0,9872.0,2283.0,0.178,45547.0,1
B0101,temporary_stress,22,13757.0,9787.0,2283.0,0.178,45547.0,1
B0101,temporary_stress,23,13861.0,10326.0,2283.0,0.178,45547.0,1
B0101,temporary_stress,24,14004.0,10247.0,2283.0,0.178,45547.0,1
B0101,temporary_stress,25,13940.0,9918.0,2283.0,0.178,45547.0,1
B0101,temporary_stress,26,13588.0,9712.0,2283.0,0.178,45547.0,1
B0101,temporary_stress,27,13558.0,9849.0,2283.0,0.178,45547.0,1
B0101,temporary_stress,28,13744.0,9685.0,2283.0,0.178,45547.0,1
B0101,temporary_stress,29,13901.0,9660.0,2283.0,0.178,45547.0,1
B0101,temporary_stress,30,13928.0,9656.0,2283.0,0.178,45547.0,1
B0101,temporary_stress,31,13744.0,9819.0,2283.0,0.178,45547.0,1
B0101,temporary_stress,32,13873.0,10011.0,2283.0,0.178,45547.0,1
B0101,temporary_stress,33,14281.0,9810.0,2283.0,0.178,45547.0,1
B0101,temporary_stress,34,14370.0,9976.0,2283.0,0.178,45547.0,1
B0101,temporary_stress,35,14139.0,9850.0,2283.0,0.178,45547.0,1
B0101,temporary_stress,36,14155.0,9759.0,2283.0,0.178,45547.0,1
B0101,temporary_stress,37,14210.0,10234.0,2283.0,0.178,45547.0,1
B0101,temporary_stress,38,14083.0,10163.0,2283.0,0.178,45547.0,1
B0102,stable,0,10324.0,5522.0,1828.0,0.197,25409.0,1
B0102,stable,1,10317.0,5282.0,1828.0,0.197,25409.0,1
B0102,stable,2,10209.0,5098.0,1828.0,0.197,25409.0,1
B0102,stable,3,10178.0,5152.0,1828.0,0.197,25409.0,1
B0102,stable,4,10202.0,5222.0,1828.0,0.197,25409.0,1
B0102,stable,5,10024.0,5088.0,1828.0,0.197,25409.0,1
B0102,stable,6,10068.0,5116.0,1828.0,0.197,25409.0,1
B0102,stable,7,10168.0,5253.0,1828.0,0.197,25409.0,1
B0102,stable,8,10149.0,5527.0,1828.0,0.197,25409.0,1
B0102,stable,9,10017.0,5455.0,1828.0,0.197,25409.0,1
B0102,stable,10,10071.0,5245.0,1828.0,0.197,25409.0,1
B0102,stable,11,10236.0,5176.0,1828.0,0.197,25409.0,1
B0102,stable,12,10448.0,5200.0,1828.0,0.197,25409.0,1
B0102,stable,13,10579.0,5348.0,1828.0,0.197,25409.0,1
B0102,stable,14,10616.0,5346.0,1828.0,0.197,25409.0,1
B0102,stable,15,10806.0,5268.0,1828.0,0.197,25409.0,1
B0102,stable,16,10788.0,5458.0,1828.0,0.197,25409.0,1
B0102,stable,17,10711.0,5598.0,1828.0,0.197,25409.0,1
B0102,stable,18,10766.0,5553.0,1828.0,0.197,25409.0,1
B0102,stable,19,10579.0,5533.0,1828.0,0.197,25409.0,1
B0102,stable,20,10565.0,5631.0,1828.0,0.197,25409.0,1
B0102,stable,21,10452.0,5558.0,1828.0,0.197,25409.0,1
B0102,stable,22,10599.0,5525.0,1828.0,0.197,25409.0,1
B0102,stable,23,10710.0,5488.0,1828.0,0.197,25409.0,1
B0102,stable,24,10536.0,5362.0,1828.0,0.197,25409.0,1
B0102,stable,25,10238.0,5547.0,1828.0,0.197,25409.0,1
B0102,stable,26,10403.0,5481.0,1828.0,0.197,25409.0,1
B0102,stable,27,10540.0,5416.0,1828.0,0.197,25409.0,1
B0102,stable,28,10589.0,5411.0,1828.0,0.197,25409.0,1
B0102,stable,29,10631.0,5234.0,1828.0,0.197,25409.0,1
B0102,stable,30,10631.0,5224.0,1828.0,0.197,25409.0,1
B0102,stable,31,10526.0,5363.0,1828.0,0.197,25409.0,1
B0102,stable,32,10674.0,5340.0,1828.0,0.197,25409.0,1
B0102,stable,33,10786.0,5174.0,1828.0,0.197,25409.0,1
B0102,stable,34,10943.0,5201.0,1828.0,0.197,25409.0,1
B0102,stable,35,11050.0,5178.0,1828.0,0.197,25409.0,1
B0102,stable,36,11018.0,5183.0,1828.0,0.197,25409.0,1
B0102,stable,37,11107.0,5204.0,1828.0,0.197,25409.0,1
B0102,stable,38,11227.0,5366.0,1828.0,0.197,25409.0,1
B0102,stable,39,11131.0,5381.0,1828.0,0.197,25409.0,1
B0103,structural_decline,0,19511.0,13661.0,3873.0,0.265,63755.0,1
B0103,structural_decline,1,19636.0,13731.0,3873.0,0.265,63755.0,1
B0103,structural_decline,2,19795.0,14206.0,3873.0,0.265,63755.0,1
B0103,structural_decline,3,19749.0,14077.0,3873.0,0.265,63755.0,1
B0103,structural_decline,4,19871.0,13924.0,3873.0,0.265,63755.0,1
B0103,structural_decline,5,20129.0,13866.0,3873.0,0.265,63755.0,1
B0103,structural_decline,6,20176.0,13541.0,3873.0,0.265,63755.0,1
B0103,structural_decline,7,19990.0,13360.0,3873.0,0.265,63755.0,1
B0103,structural_decline,8,19776.0,13515.0,3873.0,0.265,63755.0,1
B0103,structural_decline,9,19573.0,13531.0,3873.0,0.265,63755.0,1
B0103,structural_decline,10,19812.0,13537.0,3873.0,0.265,63755.0,1
B0103,structural_decline,11,19856.0,13347.0,3873.0,0.265,63755.0,1
B0103,structural_decline,12,19915.0,13132.0,3873.0,0.265,63755.0,1
B0103,structural_decline,13,19998.0,12942.0,3873.0,0.265,63755.0,1
B0103,structural_decline,14,19802.0,12711.0,3873.0,0.265,63755.0,1
B0103,structural_decline,15,19971.0,12861.0,3873.0,0.265,63755.0,1
B0103,structural_decline,16,19719.0,13413.0,3873.0,0.265,63755.0,1
B0103,structural_decline,17,19544.0,13339.0,3873.0,0.265,63755.0,1
B0103,structural_decline,18,19614.0,13222.0,3873.0,0.265,63755.0,1
B0103,structural_decline,19,19682.0,13010.0,3873.0,0.265,63755.0,1
B0103,structural_decline,20,19765.0,13082.0,3873.0,0.265,63755.0,1
B0103,structural_decline,21,19973.0,13399.0,3873.0,0.265,63755.0,1
B0103,structural_decline,22,19689.0,13573.0,3873.0,0.265,63755.0,1
B0103,structural_decline,23,19038.0,13599.0,3873.0,0.265,63755.0,1
B0103,structural_decline,24,18787.0,12943.0,3873.0,0.265,63755.0,1
B0103,structural_decline,25,18832.0,13319.0,3873.0,0.265,63755.0,1
B0103,structural_decline,26,18514.0,13552.0,3873.0,0.265,63755.0,1
B0103,structural_decline,27,17998.0,13467.0,3873.0,0.265,63755.0,1
B0103,structural_decline,28,17904.0,13638.0,3873.0,0.265,63755.0,1
B0103,structural_decline,29,17773.0,13515.0,3873.0,0.265,63755.0,1
B0103,structural_decline,30,17777.0,13704.0,3873.0,0.265,63755.0,1
B0103,structural_decline,31,17706.0,13962.0,3873.0,0.265,63755.0,0
B0103,structural_decline,32,17132.0,13451.0,3873.0,0.265,63755.0,0
B0103,structural_decline,33,16870.0,13510.0,3873.0,0.265,63755.0,0
B0103,structural_decline,34,16599.0,13281.0,3873.0,0.265,63755.0,0
B0103,structural_decline,35,16315.0,13113.0,3873.0,0.265,63755.0,0
B0103,structural_decline,36,15970.0,13218.0,3873.0,0.265,63755.0,0
B0103,structural_decline,37,15844.0,12812.0,3873.0,0.265,63755.0,0
B0103,structural_decline,38,15811.0,13269.0,3873.0,0.265,63755.0,0
B0104,structural_decline,0,17270.0,9403.0,2756.0,0.239,87097.0,1
B0104,structural_decline,1,17045.0,9291.0,2756.0,0.239,87097.0,1
B0104,structural_decline,2,17160.0,9212.0,2756.0,0.239,87097.0,1
B0104,structural_decline,3,16991.0,9085.0,2756.0,0.239,87097.0,1
B0104,structural_decline,4,17223.0,9010.0,2756.0,0.239,87097.0,1
B0104,structural_decline,5,17323.0,8899.0,2756.0,0.239,87097.0,1
B0104,structural_decline,6,17226.0,8967.0,2756.0,0.239,87097.0,1
B0104,structural_decline,7,16889.0,8786.0,2756.0,0.239,87097.0,1
B0104,structural_decline,8,16897.0,8811.0,2756.0,0.239,87097.0,1
B0104,structural_decline,9,17053.0,8852.0,2756.0,0.239,87097.0,1
B0104,structural_decline,10,17273.0,8778.0,2756.0,0.239,87097.0,1
B0104,structural_decline,11,17413.0,8762.0,2756.0,0.239,87097.0,1
B0104,structural_decline,12,17113.0,8948.0,2756.0,0.239,87097.0,1
B0104,structural_decline,13,16994.0,8988.0,2756.0,0.239,87097.0,1
B0104,structural_decline,14,16785.0,8977.0,2756.0,0.239,87097.0,1
B0104,structural_decline,15,16684.0,9017.0,2756.0,0.239,87097.0,1
B0104,structural_decline,16,16204.0,9035.0,2756.0,0.239,87097.0,1
B0104,structural_decline,17,15928.0,8870.0,2756.0,0.239,87097.0,1
B0104,structural_decline,18,15877.0,8711.0,2756.0,0.239,87097.0,1
B0104,structural_decline,19,15676.0,8920.0,2756.0,0.239,87097.0,1
B0104,structural_decline,20,15647.0,8835.0,2756.0,0.239,87097.0,1
B0104,structural_decline,21,15127.0,9176.0,2756.0,0.239,87097.0,1
B0104,structural_decline,22,14550.0,9197.0,2756.0,0.239,87097.0,1
B0104,structural_decline,23,14415.0,8966.0,2756.0,0.239,87097.0,1
B0104,structural_decline,24,14168.0,8964.0,2756.0,0.239,87097.0,1
B0104,structural_decline,25,14120.0,9146.0,2756.0,0.239,87097.0,1
B0104,structural_decline,26,13966.0,9414.0,2756.0,0.239,87097.0,1
B0104,structural_decline,27,13700.0,9559.0,2756.0,0.239,87097.0,1
B0104,structural_decline,28,13409.0,9638.0,2756.0,0.239,87097.0,1
B0104,structural_decline,29,13366.0,9372.0,2756.0,0.239,87097.0,1
B0104,structural_decline,30,13188.0,8971.0,2756.0,0.239,87097.0,1
B0104,structural_decline,31,13332.0,9024.0,2756.0,0.239,87097.0,1
B0104,structural_decline,32,13066.0,9507.0,2756.0,0.239,87097.0,1
B0104,structural_decline,33,12535.0,9486.0,2756.0,0.239,87097.0,1
B0104,structural_decline,34,12429.0,9288.0,2756.0,0.239,87097.0,1
B0104,structural_decline,35,12302.0,9262.0,2756.0,0.239,87097.0,1
B0104,structural_decline,36,12197.0,8993.0,2756.0,0.239,87097.0,1
B0104,structural_decline,37,11974.0,9280.0,2756.0,0.239,87097.0,0
B0104,structural_decline,38,11743.0,9205.0,2756.0,0.239,87097.0,0
B0104,structural_decline,39,11413.0,9102.0,2756.0,0.239,87097.0,0
B0105,temporary_stress,0,14430.0,9088.0,3327.0,0.168,51278.0,1
B0105,temporary_stress,1,14255.0,9371.0,3327.0,0.168,51278.0,1
B0105,temporary_stress,2,14283.0,9654.0,3327.0,0.168,51278.0,1
B0105,temporary_stress,3,14167.0,9623.0,3327.0,0.168,51278.0,1
B0105,temporary_stress,4,14194.0,9529.0,3327.0,0.168,51278.0,1
B0105,temporary_stress,5,13963.0,9325.0,3327.0,0.168,51278.0,1
B0105,temporary_stress,6,14102.0,9697.0,3327.0,0.168,51278.0,1
B0105,temporary_stress,7,14055.0,9528.0,3327.0,0.168,51278.0,1
B0105,temporary_stress,8,14178.0,9141.0,3327.0,0.168,51278.0,1
B0105,temporary_stress,9,14314.0,9244.0,3327.0,0.168,51278.0,1
B0105,temporary_stress,10,9090.0,9426.0,3327.0,0.168,51278.0,0
B0105,temporary_stress,11,9156.0,9168.0,3327.0,0.168,51278.0,0
B0105,temporary_stress,12,9280.0,8946.0,3327.0,0.168,51278.0,0
B0105,temporary_stress,13,9226.0,8910.0,3327.0,0.168,51278.0,0
B0105,temporary_stress,14,9818.0,9155.0,3327.0,0.168,51278.0,0
B0105,temporary_stress,15,10761.0,9353.0,3327.0,0.168,51278.0,0
B0105,temporary_stress,16,11987.0,9150.0,3327.0,0.168,51278.0,0
B0105,temporary_stress,17,13034.0,9108.0,3327.0,0.168,51278.0,1
B0105,temporary_stress,18,14158.0,9289.0,3327.0,0.168,51278.0,1
B0105,temporary_stress,19,13943.0,9160.0,3327.0,0.168,51278.0,1
B0105,temporary_stress,20,13853.0,9098.0,3327.0,0.168,51278.0,1
B0105,temporary_stress,21,13852.0,8894.0,3327.0,0.168,51278.0,1
B0105,temporary_stress,22,13825.0,8735.0,3327.0,0.168,51278.0,1
B0105,temporary_stress,23,13758.0,9020.0,3327.0,0.168,51278.0,1
B0105,temporary_stress,24,14055.0,9093.0,3327.0,0.168,51278.0,1
B0105,temporary_stress,25,14161.0,9269.0,3327.0,0.168,51278.0,1
B0105,temporary_stress,26,14257.0,8940.0,3327.0,0.168,51278.0,1
B0105,temporary_stress,27,14385.0,8934.0,3327.0,0.168,51278.0,1
B0105,temporary_stress,28,14355.0,9376.0,3327.0,0.168,51278.0,1
B0105,temporary_stress,29,14534.0,9402.0,3327.0,0.168,51278.0,1
B0105,temporary_stress,30,14679.0,9167.0,3327.0,0.168,51278.0,1
B0105,temporary_stress,31,14788.0,9085.0,3327.0,0.168,51278.0,1
B0105,temporary_stress,32,14692.0,9178.0,3327.0,0.168,51278.0,1
B0105,temporary_stress,33,14459.0,9452.0,3327.0,0.168,51278.0,1
B0105,temporary_stress,34,14402.0,9554.0,3327.0,0.168,51278.0,1
B0105,temporary_stress,35,14316.0,9609.0,3327.0,0.168,51278.0,1
B0105,temporary_stress,36,14098.0,9398.0,3327.0,0.168,51278.0,1
B0105,temporary_stress,37,13758.0,9237.0,3327.0,0.168,51278.0,1
B0105,temporary_stress,38,13773.0,9104.0,3327.0,0.168,51278.0,1
B0106,structural_decline,0,16962.0,11725.0,3988.0,0.11,85442.0,1
B0106,structural_decline,1,16927.0,11988.0,3988.0,0.11,85442.0,1
B0106,structural_decline,2,17001.0,12142.0,3988.0,0.11,85442.0,1
B0106,structural_decline,3,17120.0,12254.0,3988.0,0.11,85442.0,1
B0106,structural_decline,4,17361.0,12286.0,3988.0,0.11,85442.0,1
B0106,structural_decline,5,17291.0,11945.0,3988.0,0.11,85442.0,1
B0106,structural_decline,6,17001.0,12107.0,3988.0,0.11,85442.0,1
B0106,structural_decline,7,16968.0,12179.0,3988.0,0.11,85442.0,1
B0106,structural_decline,8,17144.0,12319.0,3988.0,0.11,85442.0,1
B0106,structural_decline,9,17232.0,11986.0,3988.0,0.11,85442.0,1
B0106,structural_decline,10,17318.0,11947.0,3988.0,0.11,85442.0,1
B0106,structural_decline,11,17059.0,11936.0,3988.0,0.11,85442.0,1
B0106,structural_decline,12,17078.0,12047.0,3988.0,0.11,85442.0,1
B0106,structural_decline,13,16668.0,12480.0,3988.0,0.11,85442.0,1
B0106,structural_decline,14,16576.0,12529.0,3988.0,0.11,85442.0,1
B0106,structural_decline,15,16337.0,12690.0,3988.0,0.11,85442.0,0
B0106,structural_decline,16,16061.0,12699.0,3988.0,0.11,85442.0,0
B0106,structural_decline,17,15689.0,12424.0,3988.0,0.11,85442.0,0
B0106,structural_decline,18,15433.0,12571.0,3988.0,0.11,85442.0,0
B0106,structural_decline,19,15102.0,12711.0,3988.0,0.11,85442.0,0
B0106,structural_decline,20,13084.0,12722.0,3988.0,0.11,85442.0,0
B0106,structural_decline,21,13004.0,12778.0,3988.0,0.11,85442.0,0
B0106,structural_decline,22,12811.0,12385.0,3988.0,0.11,85442.0,0
B0106,structural_decline,23,12555.0,11941.0,3988.0,0.11,85442.0,0
B0106,structural_decline,24,13837.0,12198.0,3988.0,0.11,85442.0,0
B0106,structural_decline,25,13395.0,11792.0,3988.0,0.11,85442.0,0
B0106,structural_decline,26,13048.0,12273.0,3988.0,0.11,85442.0,0
B0106,structural_decline,27,12818.0,12406.0,3988.0,0.11,85442.0,0
B0106,structural_decline,28,12514.0,11760.0,3988.0,0.11,85442.0,0
B0106,structural_decline,29,12328.0,11635.0,3988.0,0.11,85442.0,0
B0106,structural_decline,30,12208.0,12071.0,3988.0,0.11,85442.0,0
B0106,structural_decline,31,11996.0,12238.0,3988.0,0.11,85442.0,0
B0106,structural_decline,32,11792.0,11977.0,3988.0,0.11,85442.0,0
B0106,structural_decline,33,11647.0,11790.0,3988.0,0.11,85442.0,0
B0106,structural_decline,34,11514.0,12307.0,3988.0,0.11,85442.0,0
B0106,structural_decline,35,11098.0,12124.0,3988.0,0.11,85442.0,0
B0106,structural_decline,36,10739.0,11734.0,3988.0,0.11,85442.0,0
B0106,structural_decline,37,10704.0,12158.0,3988.0,0.11,85442.0,0
B0107,temporary_stress,0,13359.0,8568.0,3116.0,0.144,52315.0,1
B0107,temporary_stress,1,13499.0,8313.0,3116.0,0.144,52315.0,1
B0107,temporary_stress,2,13397.0,8686.0,3116.0,0.144,52315.0,1
B0107,temporary_stress,3,13208.0,8610.0,3116.0,0.144,52315.0,1
B0107,temporary_stress,4,13032.0,8486.0,3116.0,0.144,52315.0,1
B0107,temporary_stress,5,13060.0,8682.0,3116.0,0.144,52315.0,1
B0107,temporary_stress,6,13230.0,8582.0,3116.0,0.144,52315.0,1
B0107,temporary_stress,7,13136.0,8340.0,3116.0,0.144,52315.0,1
B0107,temporary_stress,8,13058.0,8761.0,3116.0,0.144,52315.0,1
B0107,temporary_stress,9,12908.0,8907.0,3116.0,0.144,52315.0,1
B0107,temporary_stress,10,12725.0,8403.0,3116.0,0.144,52315.0,1
B0107,temporary_stress,11,12807.0,8590.0,3116.0,0.144,52315.0,1
B0107,temporary_stress,12,12741.0,8796.0,3116.0,0.144,52315.0,1
B0107,temporary_stress,13,12694.0,8442.0,3116.0,0.144,52315.0,1
B0107,temporary_stress,14,13029.0,8147.0,3116.0,0.144,52315.0,1
B0107,temporary_stress,15,13066.0,8432.0,3116.0,0.144,52315.0,1
B0107,temporary_stress,16,13160.0,8560.0,3116.0,0.144,52315.0,1
B0107,temporary_stress,17,13334.0,8181.0,3116.0,0.144,52315.0,1
B0107,temporary_stress,18,13301.0,7812.0,3116.0,0.144,52315.0,1
B0107,temporary_stress,19,13368.0,7823.0,3116.0,0.144,52315.0,1
B0107,temporary_stress,20,13542.0,8068.0,3116.0,0.144,52315.0,1
B0107,temporary_stress,21,8653.0,8400.0,3116.0,0.144,52315.0,0
B0107,temporary_stress,22,8507.0,8265.0,3116.0,0.144,52315.0,0
B0107,temporary_stress,23,8217.0,8288.0,3116.0,0.144,52315.0,0
B0107,temporary_stress,24,8315.0,8300.0,3116.0,0.144,52315.0,0
B0107,temporary_stress,25,8368.0,8018.0,3116.0,0.144,52315.0,0
B0107,temporary_stress,26,9036.0,8195.0,3116.0,0.144,52315.0,0
B0107,temporary_stress,27,9735.0,8320.0,3116.0,0.144,52315.0,0
B0107,temporary_stress,28,10254.0,8407.0,3116.0,0.144,52315.0,0
B0107,temporary_stress,29,11001.0,8403.0,3116.0,0.144,52315.0,0
B0107,temporary_stress,30,11633.0,8337.0,3116.0,0.144,52315.0,1
B0107,temporary_stress,31,12233.0,8375.0,3116.0,0.144,52315.0,1
B0107,temporary_stress,32,13087.0,8455.0,3116.0,0.144,52315.0,1
B0107,temporary_stress,33,13233.0,8512.0,3116.0,0.144,52315.0,1
B0107,temporary_stress,34,13387.0,8876.0,3116.0,0.144,52315.0,1
B0107,temporary_stress,35,13387.0,8938.0,3116.0,0.144,52315.0,1
B0107,temporary_stress,36,13500.0,8809.0,3116.0,0.144,52315.0,1
B0108,structural_decline,0,15717.0,11303.0,2030.0,0.098,56143.0,1
B0108,structural_decline,1,15479.0,11018.0,2030.0,0.098,56143.0,1
B0108,structural_decline,2,15410.0,11224.0,2030.0,0.098,56143.0,1
B0108,structural_decline,3,15460.0,11522.0,2030.0,0.098,56143.0,1
B0108,structural_decline,4,15407.0,11427.0,2030.0,0.098,56143.0,1
B0108,structural_decline,5,15455.0,11253.0,2030.0,0.098,56143.0,1
B0108,structural_decline,6,15731.0,11120.0,2030.0,0.098,56143.0,1
B0108,structural_decline,7,15656.0,11433.0,2030.0,0.098,56143.0,1
B0108,structural_decline,8,15612.0,11157.0,2030.0,0.098,56143.0,1
B0108,structural_decline,9,15535.0,11186.0,2030.0,0.098,56143.0,1
B0108,structural_decline,10,15358.0,11182.0,2030.0,0.098,56143.0,1
B0108,structural_decline,11,15648.0,11380.0,2030.0,0.098,56143.0,1
B0108,structural_decline,12,15337.0,11770.0,2030.0,0.098,56143.0,1
B0108,structural_decline,13,14923.0,11782.0,2030.0,0.098,56143.0,1
B0108,structural_decline,14,14789.0,11731.0,2030.0,0.098,56143.0,1
B0108,structural_decline,15,14704.0,11851.0,2030.0,0.098,56143.0,1
B0108,structural_decline,16,14428.0,11775.0,2030.0,0.098,56143.0,1
B0108,structural_decline,17,14358.0,10971.0,2030.0,0.098,56143.0,1
B0108,structural_decline,18,14186.0,10992.0,2030.0,0.098,56143.0,1
B0108,structural_decline,19,13914.0,11290.0,2030.0,0.098,56143.0,1
B0108,structural_decline,20,13536.0,11221.0,2030.0,0.098,56143.0,1
B0108,structural_decline,21,13157.0,11602.0,2030.0,0.098,56143.0,0
B0108,structural_decline,22,12651.0,11545.0,2030.0,0.098,56143.0,0
B0108,structural_decline,23,12561.0,11566.0,2030.0,0.098,56143.0,0
B0108,structural_decline,24,12567.0,11614.0,2030.0,0.098,56143.0,0
B0108,structural_decline,25,12223.0,11656.0,2030.0,0.098,56143.0,0
B0108,structural_decline,26,11722.0,11551.0,2030.0,0.098,56143.0,0
B0108,structural_decline,27,11634.0,11139.0,2030.0,0.098,56143.0,0
B0108,structural_decline,28,11508.0,11048.0,2030.0,0.098,56143.0,0
B0108,structural_decline,29,11364.0,11212.0,2030.0,0.098,56143.0,0
B0108,structural_decline,30,11103.0,11232.0,2030.0,0.098,56143.0,0
B0108,structural_decline,31,10908.0,11032.0,2030.0,0.098,56143.0,0
B0108,structural_decline,32,10758.0,10770.0,2030.0,0.098,56143.0,0
B0108,structural_decline,33,10582.0,10761.0,2030.0,0.098,56143.0,0
B0108,structural_decline,34,10445.0,11131.0,2030.0,0.098,56143.0,0
B0109,stable,0,13689.0,7145.0,1614.0,0.131,48899.0,1
B0109,stable,1,13900.0,7414.0,1614.0,0.131,48899.0,1
B0109,stable,2,13761.0,7481.0,1614.0,0.131,48899.0,1
B0109,stable,3,14013.0,7263.0,1614.0,0.131,48899.0,1
B0109,stable,4,14222.0,7279.0,1614.0,0.131,48899.0,1
B0109,stable,5,13868.0,7287.0,1614.0,0.131,48899.0,1
B0109,stable,6,14032.0,7340.0,1614.0,0.131,48899.0,1
B0109,stable,7,14088.0,7171.0,1614.0,0.131,48899.0,1
B0109,stable,8,14016.0,7018.0,1614.0,0.131,48899.0,1
B0109,stable,9,13795.0,7379.0,1614.0,0.131,48899.0,1
B0109,stable,10,13969.0,7655.0,1614.0,0.131,48899.0,1
B0109,stable,11,13803.0,7724.0,1614.0,0.131,48899.0,1
B0109,stable,12,13789.0,7625.0,1614.0,0.131,48899.0,1
B0109,stable,13,13696.0,7378.0,1614.0,0.131,48899.0,1
B0109,stable,14,13609.0,7255.0,1614.0,0.131,48899.0,1
B0109,stable,15,13672.0,7302.0,1614.0,0.131,48899.0,1
B0109,stable,16,13366.0,7425.0,1614.0,0.131,48899.0,1
B0109,stable,17,13288.0,7197.0,1614.0,0.131,48899.0,1
B0109,stable,18,13531.0,7020.0,1614.0,0.131,48899.0,1
B0109,stable,19,13666.0,7139.0,1614.0,0.131,48899.0,1
B0109,stable,20,13900.0,7378.0,1614.0,0.131,48899.0,1
B0109,stable,21,14232.0,7516.0,1614.0,0.131,48899.0,1
B0109,stable,22,14327.0,7568.0,1614.0,0.131,48899.0,1
B0109,stable,23,14470.0,7403.0,1614.0,0.131,48899.0,1
B0109,stable,24,14625.0,7451.0,1614.0,0.131,48899.0,1
B0109,stable,25,14760.0,7602.0,1614.0,0.131,48899.0,1
B0109,stable,26,14689.0,7566.0,1614.0,0.131,48899.0,1
B0109,stable,27,14512.0,7488.0,1614.0,0.131,48899.0,1
B0109,stable,28,14338.0,7479.0,1614.0,0.131,48899.0,1
B0109,stable,29,14269.0,7481.0,1614.0,0.131,48899.0,1
B0109,stable,30,14420.0,7193.0,1614.0,0.131,48899.0,1
B0109,stable,31,14331.0,7483.0,1614.0,0.131,48899.0,1
B0109,stable,32,13990.0,7679.0,1614.0,0.131,48899.0,1
B0109,stable,33,13988.0,7506.0,1614.0,0.131,48899.0,1
B0109,stable,34,14224.0,7478.0,1614.0,0.131,48899.0,1
B0109,stable,35,14126.0,7410.0,1614.0,0.131,48899.0,1
B0109,stable,36,14132.0,7481.0,1614.0,0.131,48899.0,1
B0109,stable,37,14094.0,7412.0,1614.0,0.131,48899.0,1
B0109,stable,38,14141.0,7405.0,1614.0,0.131,48899.0,1
B0109,stable,39,14229.0,7378.0,1614.0,0.131,48899.0,1
B0109,stable,40,14806.0,7462.0,1614.0,0.131,48899.0,1
B0110,temporary_stress,0,19198.0,14095.0,3906.0,0.148,59994.0,1
B0110,temporary_stress,1,19086.0,13661.0,3906.0,0.148,59994.0,1
B0110,temporary_stress,2,19186.0,13574.0,3906.0,0.148,59994.0,1
B0110,temporary_stress,3,18844.0,13865.0,3906.0,0.148,59994.0,1
B0110,temporary_stress,4,18771.0,14046.0,3906.0,0.148,59994.0,1
B0110,temporary_stress,5,18838.0,14510.0,3906.0,0.148,59994.0,1
B0110,temporary_stress,6,18759.0,14613.0,3906.0,0.148,59994.0,1
B0110,temporary_stress,7,18983.0,14401.0,3906.0,0.148,59994.0,1
B0110,temporary_stress,8,19225.0,13883.0,3906.0,0.148,59994.0,1
B0110,temporary_stress,9,19070.0,13774.0,3906.0,0.148,59994.0,1
B0110,temporary_stress,10,18921.0,14125.0,3906.0,0.148,59994.0,1
B0110,temporary_stress,11,19219.0,14843.0,3906.0,0.148,59994.0,1
B0110,temporary_stress,12,19157.0,14652.0,3906.0,0.148,59994.0,1
B0110,temporary_stress,13,19152.0,14293.0,3906.0,0.148,59994.0,1
B0110,temporary_stress,14,19559.0,14161.0,3906.0,0.148,59994.0,1
B0110,temporary_stress,15,19407.0,13943.0,3906.0,0.148,59994.0,1
B0110,temporary_stress,16,19150.0,14163.0,3906.0,0.148,59994.0,1
B0110,temporary_stress,17,19236.0,14418.0,3906.0,0.148,59994.0,1
B0110,temporary_stress,18,19019.0,14198.0,3906.0,0.148,59994.0,1
B0110,temporary_stress,19,18757.0,14104.0,3906.0,0.148,59994.0,1
B0110,temporary_stress,20,9635.0,14363.0,3906.0,0.148,59994.0,0
B0110,temporary_stress,21,9569.0,13857.0,3906.0,0.148,59994.0,0
B0110,temporary_stress,22,9617.0,13602.0,3906.0,0.148,59994.0,0
B0110,temporary_stress,23,9789.0,13793.0,3906.0,0.148,59994.0,0
B0110,temporary_stress,24,9714.0,14431.0,3906.0,0.148,59994.0,0
B0110,temporary_stress,25,9692.0,14052.0,3906.0,0.148,59994.0,0
B0110,temporary_stress,26,11964.0,13642.0,3906.0,0.148,59994.0,0
B0110,temporary_stress,27,13464.0,13878.0,3906.0,0.148,59994.0,0
B0110,temporary_stress,28,15001.0,14059.0,3906.0,0.148,59994.0,0
B0110,temporary_stress,29,16507.0,14337.0,3906.0,0.148,59994.0,0
B0110,temporary_stress,30,18175.0,14766.0,3906.0,0.148,59994.0,0
B0110,temporary_stress,31,19682.0,14530.0,3906.0,0.148,59994.0,1
B0110,temporary_stress,32,19232.0,13980.0,3906.0,0.148,59994.0,1
B0110,temporary_stress,33,18769.0,14572.0,3906.0,0.148,59994.0,1
B0110,temporary_stress,34,18748.0,14680.0,3906.0,0.148,59994.0,1
B0110,temporary_stress,35,18913.0,14896.0,3906.0,0.148,59994.0,1
B0110,temporary_stress,36,18947.0,14931.0,3906.0,0.148,59994.0,1
B0111,stable,0,11323.0,6362.0,2220.0,0.138,34639.0,1
B0111,stable,1,11442.0,6499.0,2220.0,0.138,34639.0,1
B0111,stable,2,11548.0,6490.0,2220.0,0.138,34639.0,1
B0111,stable,3,11505.0,6341.0,2220.0,0.138,34639.0,1
B0111,stable,4,11311.0,5968.0,2220.0,0.138,34639.0,1
B0111,stable,5,11215.0,5979.0,2220.0,0.138,34639.0,1
B0111,stable,6,11206.0,5825.0,2220.0,0.138,34639.0,1
B0111,stable,7,11155.0,5995.0,2220.0,0.138,34639.0,1
B0111,stable,8,11013.0,5976.0,2220.0,0.138,34639.0,1
B0111,stable,9,10956.0,6008.0,2220.0,0.138,34639.0,1
B0111,stable,10,11000.0,5981.0,2220.0,0.138,34639.0,1
B0111,stable,11,10977.0,5732.0,2220.0,0.138,34639.0,1
B0111,stable,12,11083.0,5919.0,2220.0,0.138,34639.0,1
B0111,stable,13,11136.0,6054.0,2220.0,0.138,34639.0,1
B0111,stable,14,11347.0,6064.0,2220.0,0.138,34639.0,1
B0111,stable,15,11436.0,5948.0,2220.0,0.138,34639.0,1
B0111,stable,16,11761.0,5890.0,2220.0,0.138,34639.0,1
B0111,stable,17,11875.0,6113.0,2220.0,0.138,34639.0,1
B0111,stable,18,12003.0,6029.0,2220.0,0.138,34639.0,1
B0111,stable,19,11961.0,6083.0,2220.0,0.138,34639.0,1
B0111,stable,20,11939.0,6177.0,2220.0,0.138,34639.0,1
B0111,stable,21,12065.0,5841.0,2220.0,0.138,34639.0,1
B0111,stable,22,12080.0,5883.0,2220.0,0.138,34639.0,1
B0111,stable,23,12080.0,6097.0,2220.0,0.138,34639.0,1
B0111,stable,24,11774.0,6072.0,2220.0,0.138,34639.0,1
B0111,stable,25,11826.0,6062.0,2220.0,0.138,34639.0,1
B0111,stable,26,11904.0,6122.0,2220.0,0.138,34639.0,1
B0111,stable,27,11955.0,5972.0,2220.0,0.138,34639.0,1
B0111,stable,28,11668.0,6015.0,2220.0,0.138,34639.0,1
B0111,stable,29,11578.0,6043.0,2220.0,0.138,34639.0,1
B0111,stable,30,11733.0,5980.0,2220.0,0.138,34639.0,1
B0111,stable,31,11905.0,6111.0,2220.0,0.138,34639.0,1
B0111,stable,32,11941.0,6050.0,2220.0,0.138,34639.0,1
B0111,stable,33,11905.0,5870.0,2220.0,0.138,34639.0,1
B0111,stable,34,11784.0,6050.0,2220.0,0.138,34639.0,1
B0111,stable,35,11962.0,5985.0,2220.0,0.138,34639.0,1
B0111,stable,36,12017.0,6076.0,2220.0,0.138,34639.0,1
B0111,stable,37,12120.0,6045.0,2220.0,0.138,34639.0,1
B0111,stable,38,12431.0,5908.0,2220.0,0.138,34639.0,1
B0111,stable,39,12418.0,5867.0,2220.0,0.138,34639.0,1
B0111,stable,40,12428.0,5843.0,2220.0,0.138,34639.0,1
B0111,stable,41,12431.0,6029.0,2220.0,0.138,34639.0,1
B0112,stable,0,13865.0,8788.0,2441.0,0.22,47171.0,1
B0112,stable,1,13829.0,8842.0,2441.0,0.22,47171.0,1
B0112,stable,2,14056.0,9358.0,2441.0,0.22,47171.0,1
B0112,stable,3,14050.0,9432.0,2441.0,0.22,47171.0,1
B0112,stable,4,14306.0,9279.0,2441.0,0.22,47171.0,1
B0112,stable,5,14731.0,9122.0,2441.0,0.22,47171.0,1
B0112,stable,6,14862.0,9377.0,2441.0,0.22,47171.0,1
B0112,stable,7,14655.0,9411.0,2441.0,0.22,47171.0,1
B0112,stable,8,14511.0,9371.0,2441.0,0.22,47171.0,1
B0112,stable,9,14647.0,9194.0,2441.0,0.22,47171.0,1
B0112,stable,10,14805.0,9201.0,2441.0,0.22,47171.0,1
B0112,stable,11,14808.0,9381.0,2441.0,0.22,47171.0,1
B0112,stable,12,14626.0,9676.0,2441.0,0.22,47171.0,1
B0112,stable,13,14683.0,9773.0,2441.0,0.22,47171.0,1
B0112,stable,14,14415.0,9497.0,2441.0,0.22,47171.0,1
B0112,stable,15,14229.0,9578.0,2441.0,0.22,47171.0,1
B0112,stable,16,14103.0,9712.0,2441.0,0.22,47171.0,1
B0112,stable,17,14150.0,9808.0,2441.0,0.22,47171.0,1
B0112,stable,18,14432.0,9559.0,2441.0,0.22,47171.0,1
B0112,stable,19,14326.0,9651.0,2441.0,0.22,47171.0,1
B0112,stable,20,14125.0,9550.0,2441.0,0.22,47171.0,1
B0112,stable,21,14184.0,9583.0,2441.0,0.22,47171.0,1
B0112,stable,22,14024.0,9525.0,2441.0,0.22,47171.0,1
B0112,stable,23,14002.0,9562.0,2441.0,0.22,47171.0,1
B0112,stable,24,14522.0,9397.0,2441.0,0.22,47171.0,1
B0112,stable,25,14961.0,9480.0,2441.0,0.22,47171.0,1
B0112,stable,26,14732.0,9273.0,2441.0,0.22,47171.0,1
B0112,stable,27,14601.0,9332.0,2441.0,0.22,47171.0,1
B0112,stable,28,14476.0,9121.0,2441.0,0.22,47171.0,1
B0112,stable,29,14539.0,9221.0,2441.0,0.22,47171.0,1
B0112,stable,30,14755.0,8977.0,2441.0,0.22,47171.0,1
B0112,stable,31,14760.0,9126.0,2441.0,0.22,47171.0,1
B0112,stable,32,14653.0,9424.0,2441.0,0.22,47171.0,1
B0112,stable,33,14571.0,9224.0,2441.0,0.22,47171.0,1
B0112,stable,34,14521.0,8933.0,2441.0,0.22,47171.0,1
B0112,stable,35,14505.0,9321.0,2441.0,0.22,47171.0,1
B0112,stable,36,14512.0,9702.0,2441.0,0.22,47171.0,1
B0113,structural_decline,0,10435.0,7225.0,1294.0,0.262,46419.0,1
B0113,structural_decline,1,10106.0,7090.0,1294.0,0.262,46419.0,1
B0113,structural_decline,2,10089.0,7087.0,1294.0,0.262,46419.0,1
B0113,structural_decline,3,10246.0,7400.0,1294.0,0.262,46419.0,1
B0113,structural_decline,4,10276.0,7193.0,1294.0,0.262,46419.0,1
B0113,structural_decline,5,10440.0,7220.0,1294.0,0.262,46419.0,1
B0113,structural_decline,6,10346.0,7243.0,1294.0,0.262,46419.0,1
B0113,structural_decline,7,10232.0,7099.0,1294.0,0.262,46419.0,1
B0113,structural_decline,8,10321.0,7230.0,1294.0,0.262,46419.0,1
B0113,structural_decline,9,10192.0,7349.0,1294.0,0.262,46419.0,1
B0113,structural_decline,10,10365.0,7329.0,1294.0,0.262,46419.0,1
B0113,structural_decline,11,10450.0,7299.0,1294.0,0.262,46419.0,1
B0113,structural_decline,12,10526.0,7267.0,1294.0,0.262,46419.0,1
B0113,structural_decline,13,10689.0,7077.0,1294.0,0.262,46419.0,1
B0113,structural_decline,14,10351.0,7293.0,1294.0,0.262,46419.0,1
B0113,structural_decline,15,10199.0,7368.0,1294.0,0.262,46419.0,1
B0113,structural_decline,16,10351.0,7141.0,1294.0,0.262,46419.0,1
B0113,structural_decline,17,10291.0,6920.0,1294.0,0.262,46419.0,1
B0113,structural_decline,18,10220.0,6898.0,1294.0,0.262,46419.0,1
B0113,structural_decline,19,10131.0,7004.0,1294.0,0.262,46419.0,1
B0113,structural_decline,20,10216.0,7034.0,1294.0,0.262,46419.0,1
B0113,structural_decline,21,10071.0,7148.0,1294.0,0.262,46419.0,1
B0113,structural_decline,22,9853.0,6901.0,1294.0,0.262,46419.0,1
B0113,structural_decline,23,7863.0,6879.0,1294.0,0.262,46419.0,0
B0113,structural_decline,24,7660.0,6875.0,1294.0,0.262,46419.0,0
B0113,structural_decline,25,7571.0,7149.0,1294.0,0.262,46419.0,0
B0113,structural_decline,26,7524.0,7286.0,1294.0,0.262,46419.0,0
B0113,structural_decline,27,9380.0,7248.0,1294.0,0.262,46419.0,1
B0113,structural_decline,28,9317.0,7256.0,1294.0,0.262,46419.0,1
B0113,structural_decline,29,8998.0,7231.0,1294.0,0.262,46419.0,1
B0113,structural_decline,30,8856.0,7176.0,1294.0,0.262,46419.0,1
B0113,structural_decline,31,8752.0,7222.0,1294.0,0.262,46419.0,1
B0113,structural_decline,32,8522.0,7232.0,1294.0,0.262,46419.0,0
B0113,structural_decline,33,8189.0,7210.0,1294.0,0.262,46419.0,0
B0113,structural_decline,34,8201.0,7168.0,1294.0,0.262,46419.0,0
B0114,structural_decline,0,16695.0,12479.0,3380.0,0.183,80856.0,1
B0114,structural_decline,1,16868.0,12654.0,3380.0,0.183,80856.0,1
B0114,structural_decline,2,16547.0,13124.0,3380.0,0.183,80856.0,1
B0114,structural_decline,3,16766.0,13223.0,3380.0,0.183,80856.0,1
B0114,structural_decline,4,16671.0,12840.0,3380.0,0.183,80856.0,1
B0114,structural_decline,5,16786.0,13024.0,3380.0,0.183,80856.0,1
B0114,structural_decline,6,17050.0,13194.0,3380.0,0.183,80856.0,1
B0114,structural_decline,7,17116.0,13422.0,3380.0,0.183,80856.0,1
B0114,structural_decline,8,17105.0,13475.0,3380.0,0.183,80856.0,1
B0114,structural_decline,9,16930.0,13058.0,3380.0,0.183,80856.0,1
B0114,structural_decline,10,16758.0,12824.0,3380.0,0.183,80856.0,1
B0114,structural_decline,11,16844.0,12743.0,3380.0,0.183,80856.0,1
B0114,structural_decline,12,16909.0,12967.0,3380.0,0.183,80856.0,1
B0114,structural_decline,13,17158.0,12902.0,3380.0,0.183,80856.0,1
B0114,structural_decline,14,17159.0,12623.0,3380.0,0.183,80856.0,1
B0114,structural_decline,15,16872.0,12405.0,3380.0,0.183,80856.0,1
B0114,structural_decline,16,16982.0,12253.0,3380.0,0.183,80856.0,1
B0114,structural_decline,17,16626.0,11801.0,3380.0,0.183,80856.0,1
B0114,structural_decline,18,16383.0,11670.0,3380.0,0.183,80856.0,1
B0114,structural_decline,19,16234.0,12131.0,3380.0,0.183,80856.0,1
B0114,structural_decline,20,15850.0,12329.0,3380.0,0.183,80856.0,1
B0114,structural_decline,21,15292.0,12577.0,3380.0,0.183,80856.0,0
B0114,structural_decline,22,15154.0,12552.0,3380.0,0.183,80856.0,0
B0114,structural_decline,23,13242.0,12361.0,3380.0,0.183,80856.0,0
B0114,structural_decline,24,12917.0,12387.0,3380.0,0.183,80856.0,0
B0114,structural_decline,25,12682.0,12510.0,3380.0,0.183,80856.0,0
B0114,structural_decline,26,12445.0,12891.0,3380.0,0.183,80856.0,0
B0114,structural_decline,27,13642.0,12856.0,3380.0,0.183,80856.0,0
B0114,structural_decline,28,13532.0,12822.0,3380.0,0.183,80856.0,0
B0114,structural_decline,29,13178.0,13129.0,3380.0,0.183,80856.0,0
B0114,structural_decline,30,12857.0,13327.0,3380.0,0.183,80856.0,0
B0114,structural_decline,31,12526.0,13209.0,3380.0,0.183,80856.0,0
B0114,structural_decline,32,12368.0,13010.0,3380.0,0.183,80856.0,0
B0114,structural_decline,33,12147.0,12911.0,3380.0,0.183,80856.0,0
B0114,structural_decline,34,11812.0,12792.0,3380.0,0.183,80856.0,0
B0114,structural_decline,35,11478.0,12865.0,3380.0,0.183,80856.0,0
B0114,structural_decline,36,11424.0,12867.0,3380.0,0.183,80856.0,0
B0114,structural_decline,37,11117.0,12789.0,3380.0,0.183,80856.0,0
B0114,structural_decline,38,10949.0,12879.0,3380.0,0.183,80856.0,0
B0114,structural_decline,39,10810.0,12993.0,3380.0,0.183,80856.0,0
B0114,structural_decline,40,10518.0,13087.0,3380.0,0.183,80856.0,0
B0114,structural_decline,41,10247.0,12870.0,3380.0,0.183,80856.0,0
B0115,structural_decline,0,16793.0,9442.0,2873.0,0.269,55725.0,1
B0115,structural_decline,1,17397.0,9186.0,2873.0,0.269,55725.0,1
B0115,structural_decline,2,17405.0,9044.0,2873.0,0.269,55725.0,1
B0115,structural_decline,3,17329.0,9215.0,2873.0,0.269,55725.0,1
B0115,structural_decline,4,17401.0,9006.0,2873.0,0.269,55725.0,1
B0115,structural_decline,5,17415.0,9097.0,2873.0,0.269,55725.0,1
B0115,structural_decline,6,17231.0,9342.0,2873.0,0.269,55725.0,1
B0115,structural_decline,7,17029.0,9310.0,2873.0,0.269,55725.0,1
B0115,structural_decline,8,16977.0,9465.0,2873.0,0.269,55725.0,1
B0115,structural_decline,9,16666.0,9534.0,2873.0,0.269,55725.0,1
B0115,structural_decline,10,16703.0,9602.0,2873.0,0.269,55725.0,1
B0115,structural_decline,11,17102.0,9744.0,2873.0,0.269,55725.0,1
B0115,structural_decline,12,17310.0,10110.0,2873.0,0.269,55725.0,1
B0115,structural_decline,13,17061.0,10002.0,2873.0,0.269,55725.0,1
B0115,structural_decline,14,17084.0,9774.0,2873.0,0.269,55725.0,1
B0115,structural_decline,15,17314.0,9749.0,2873.0,0.269,55725.0,1
B0115,structural_decline,16,17199.0,9649.0,2873.0,0.269,55725.0,1
B0115,structural_decline,17,16887.0,9552.0,2873.0,0.269,55725.0,1
B0115,structural_decline,18,16500.0,9622.0,2873.0,0.269,55725.0,1
B0115,structural_decline,19,16064.0,9606.0,2873.0,0.269,55725.0,1
B0115,structural_decline,20,15726.0,9398.0,2873.0,0.269,55725.0,1
B0115,structural_decline,21,15730.0,9361.0,2873.0,0.269,55725.0,1
B0115,structural_decline,22,15659.0,9484.0,2873.0,0.269,55725.0,1
B0115,structural_decline,23,15035.0,9301.0,2873.0,0.269,55725.0,1
B0115,structural_decline,24,14796.0,9146.0,2873.0,0.269,55725.0,1
B0115,structural_decline,25,14405.0,9158.0,2873.0,0.269,55725.0,1
B0115,structural_decline,26,13809.0,9325.0,2873.0,0.269,55725.0,1
B0115,structural_decline,27,13681.0,9236.0,2873.0,0.269,55725.0,1
B0115,structural_decline,28,13517.0,9251.0,2873.0,0.269,55725.0,1
B0115,structural_decline,29,13401.0,9321.0,2873.0,0.269,55725.0,1
B0115,structural_decline,30,13070.0,8787.0,2873.0,0.269,55725.0,1
B0115,structural_decline,31,12971.0,8838.0,2873.0,0.269,55725.0,1
B0115,structural_decline,32,12698.0,9283.0,2873.0,0.269,55725.0,1
B0115,structural_decline,33,12539.0,9336.0,2873.0,0.269,55725.0,1
B0115,structural_decline,34,12587.0,9423.0,2873.0,0.269,55725.0,1
B0115,structural_decline,35,12384.0,9479.0,2873.0,0.269,55725.0,1
B0115,structural_decline,36,11778.0,9272.0,2873.0,0.269,55725.0,0
B0115,structural_decline,37,11385.0,9397.0,2873.0,0.269,55725.0,0
B0116,stable,0,18581.0,14015.0,3085.0,0.238,61039.0,1
B0116,stable,1,18506.0,14247.0,3085.0,0.238,61039.0,1
B0116,stable,2,18270.0,14322.0,3085.0,0.238,61039.0,1
B0116,stable,3,17970.0,14234.0,3085.0,0.238,61039.0,1
B0116,stable,4,17835.0,13906.0,3085.0,0.238,61039.0,1
B0116,stable,5,17792.0,13613.0,3085.0,0.238,61039.0,1
B0116,stable,6,18097.0,13581.0,3085.0,0.238,61039.0,1
B0116,stable,7,17940.0,14210.0,3085.0,0.238,61039.0,1
B0116,stable,8,17738.0,14225.0,3085.0,0.238,61039.0,1
B0116,stable,9,18029.0,13637.0,3085.0,0.238,61039.0,1
B0116,stable,10,18106.0,13426.0,3085.0,0.238,61039.0,1
B0116,stable,11,18294.0,13606.0,3085.0,0.238,61039.0,1
B0116,stable,12,18660.0,13655.0,3085.0,0.238,61039.0,1
B0116,stable,13,18731.0,13577.0,3085.0,0.238,61039.0,1
B0116,stable,14,18606.0,13715.0,3085.0,0.238,61039.0,1
B0116,stable,15,18980.0,13448.0,3085.0,0.238,61039.0,1
B0116,stable,16,19367.0,13437.0,3085.0,0.238,61039.0,1
B0116,stable,17,19464.0,13225.0,3085.0,0.238,61039.0,1
B0116,stable,18,19199.0,13173.0,3085.0,0.238,61039.0,1
B0116,stable,19,19175.0,13297.0,3085.0,0.238,61039.0,1
B0116,stable,20,19005.0,13508.0,3085.0,0.238,61039.0,1
B0116,stable,21,19165.0,13122.0,3085.0,0.238,61039.0,1
B0116,stable,22,18927.0,13502.0,3085.0,0.238,61039.0,1
B0116,stable,23,18791.0,13649.0,3085.0,0.238,61039.0,1
B0116,stable,24,18873.0,13541.0,3085.0,0.238,61039.0,1
B0116,stable,25,18722.0,13567.0,3085.0,0.238,61039.0,1
B0116,stable,26,19060.0,13787.0,3085.0,0.238,61039.0,1
B0116,stable,27,18943.0,14102.0,3085.0,0.238,61039.0,1
B0116,stable,28,18789.0,13954.0,3085.0,0.238,61039.0,1
B0116,stable,29,18520.0,13023.0,3085.0,0.238,61039.0,1
B0116,stable,30,18648.0,13044.0,3085.0,0.238,61039.0,1
B0117,temporary_stress,0,16663.0,10096.0,3030.0,0.147,56759.0,1
B0117,temporary_stress,1,16524.0,9364.0,3030.0,0.147,56759.0,1
B0117,temporary_stress,2,16335.0,9064.0,3030.0,0.147,56759.0,1
B0117,temporary_stress,3,16545.0,9201.0,3030.0,0.147,56759.0,1
B0117,temporary_stress,4,16565.0,9358.0,3030.0,0.147,56759.0,1
B0117,temporary_stress,5,16380.0,9503.0,3030.0,0.147,56759.0,1
B0117,temporary_stress,6,16612.0,9412.0,3030.0,0.147,56759.0,1
B0117,temporary_stress,7,16647.0,9226.0,3030.0,0.147,56759.0,1
B0117,temporary_stress,8,16762.0,8973.0,3030.0,0.147,56759.0,1
B0117,temporary_stress,9,16833.0,9003.0,3030.0,0.147,56759.0,1
B0117,temporary_stress,10,16879.0,9291.0,3030.0,0.147,56759.0,1
B0117,temporary_stress,11,16806.0,9301.0,3030.0,0.147,56759.0,1
B0117,temporary_stress,12,16823.0,8828.0,3030.0,0.147,56759.0,1
B0117,temporary_stress,13,16852.0,8910.0,3030.0,0.147,56759.0,1
B0117,temporary_stress,14,16903.0,9123.0,3030.0,0.147,56759.0,1
B0117,temporary_stress,15,16618.0,9085.0,3030.0,0.147,56759.0,1
B0117,temporary_stress,16,16305.0,8984.0,3030.0,0.147,56759.0,1
B0117,temporary_stress,17,16291.0,8985.0,3030.0,0.147,56759.0,1
B0117,temporary_stress,18,9133.0,8785.0,3030.0,0.147,56759.0,0
B0117,temporary_stress,19,9075.0,9083.0,3030.0,0.147,56759.0,0
B0117,temporary_stress,20,8928.0,9472.0,3030.0,0.147,56759.0,0
B0117,temporary_stress,21,8931.0,8918.0,3030.0,0.147,56759.0,0
B0117,temporary_stress,22,10961.0,8997.0,3030.0,0.147,56759.0,0
B0117,temporary_stress,23,12656.0,9392.0,3030.0,0.147,56759.0,1
B0117,temporary_stress,24,14360.0,9683.0,3030.0,0.147,56759.0,1
B0117,temporary_stress,25,15727.0,9911.0,3030.0,0.147,56759.0,1
B0117,temporary_stress,26,17019.0,9855.0,3030.0,0.147,56759.0,1
B0117,temporary_stress,27,16815.0,9618.0,3030.0,0.147,56759.0,1
B0117,temporary_stress,28,16667.0,9367.0,3030.0,0.147,56759.0,1
B0117,temporary_stress,29,17018.0,9750.0,3030.0,0.147,56759.0,1
B0117,temporary_stress,30,16963.0,9602.0,3030.0,0.147,56759.0,1
B0117,temporary_stress,31,16517.0,9195.0,3030.0,0.147,56759.0,1
B0117,temporary_stress,32,15999.0,9264.0,3030.0,0.147,56759.0,1
B0117,temporary_stress,33,16079.0,9580.0,3030.0,0.147,56759.0,1
B0117,temporary_stress,34,16252.0,9415.0,3030.0,0.147,56759.0,1
B0117,temporary_stress,35,16284.0,9260.0,3030.0,0.147,56759.0,1
B0117,temporary_stress,36,16171.0,8958.0,3030.0,0.147,56759.0,1
B0117,temporary_stress,37,16155.0,9068.0,3030.0,0.147,56759.0,1
B0117,temporary_stress,38,16313.0,9319.0,3030.0,0.147,56759.0,1
B0117,temporary_stress,39,16571.0,9087.0,3030.0,0.147,56759.0,1
B0117,temporary_stress,40,16599.0,8716.0,3030.0,0.147,56759.0,1
B0117,temporary_stress,41,16501.0,8709.0,3030.0,0.147,56759.0,1
B0118,stable,0,17217.0,8325.0,2646.0,0.24,64050.0,1
B0118,stable,1,17103.0,8093.0,2646.0,0.24,64050.0,1
B0118,stable,2,17289.0,7984.0,2646.0,0.24,64050.0,1
B0118,stable,3,17436.0,7882.0,2646.0,0.24,64050.0,1
B0118,stable,4,17719.0,8003.0,2646.0,0.24,64050.0,1
B0118,stable,5,17439.0,8104.0,2646.0,0.24,64050.0,1
B0118,stable,6,17435.0,8112.0,2646.0,0.24,64050.0,1
B0118,stable,7,17533.0,8197.0,2646.0,0.24,64050.0,1
B0118,stable,8,17280.0,8073.0,2646.0,0.24,64050.0,1
B0118,stable,9,16969.0,8222.0,2646.0,0.24,64050.0,1
B0118,stable,10,17082.0,8260.0,2646.0,0.24,64050.0,1
B0118,stable,11,17422.0,8146.0,2646.0,0.24,64050.0,1
B0118,stable,12,17249.0,8086.0,2646.0,0.24,64050.0,1
B0118,stable,13,17161.0,8173.0,2646.0,0.24,64050.0,1
B0118,stable,14,17252.0,8319.0,2646.0,0.24,64050.0,1
B0118,stable,15,17126.0,8496.0,2646.0,0.24,64050.0,1
B0118,stable,16,16865.0,8696.0,2646.0,0.24,64050.0,1
B0118,stable,17,17134.0,8449.0,2646.0,0.24,64050.0,1
B0118,stable,18,17261.0,8436.0,2646.0,0.24,64050.0,1
B0118,stable,19,17833.0,8398.0,2646.0,0.24,64050.0,1
B0118,stable,20,17991.0,8541.0,2646.0,0.24,64050.0,1
B0118,stable,21,17900.0,8348.0,2646.0,0.24,64050.0,1
B0118,stable,22,17937.0,8146.0,2646.0,0.24,64050.0,1
B0118,stable,23,17791.0,8279.0,2646.0,0.24,64050.0,1
B0118,stable,24,17856.0,8397.0,2646.0,0.24,64050.0,1
B0118,stable,25,18272.0,8130.0,2646.0,0.24,64050.0,1
B0118,stable,26,18441.0,8156.0,2646.0,0.24,64050.0,1
B0118,stable,27,18035.0,8316.0,2646.0,0.24,64050.0,1
B0118,stable,28,18112.0,8038.0,2646.0,0.24,64050.0,1
B0118,stable,29,18100.0,7754.0,2646.0,0.24,64050.0,1
B0118,stable,30,18061.0,7793.0,2646.0,0.24,64050.0,1
B0118,stable,31,18100.0,7878.0,2646.0,0.24,64050.0,1
B0118,stable,32,18051.0,7984.0,2646.0,0.24,64050.0,1
B0118,stable,33,17898.0,8093.0,2646.0,0.24,64050.0,1
B0118,stable,34,17843.0,7983.0,2646.0,0.24,64050.0,1
B0118,stable,35,17948.0,7950.0,2646.0,0.24,64050.0,1
B0118,stable,36,18000.0,7867.0,2646.0,0.24,64050.0,1
B0118,stable,37,18251.0,8025.0,2646.0,0.24,64050.0,1
B0118,stable,38,18379.0,8265.0,2646.0,0.24,64050.0,1
B0119,stable,0,16895.0,10154.0,3169.0,0.25,64393.0,1
B0119,stable,1,17149.0,10393.0,3169.0,0.25,64393.0,1
B0119,stable,2,17137.0,10376.0,3169.0,0.25,64393.0,1
B0119,stable,3,17098.0,10519.0,3169.0,0.25,64393.0,1
B0119,stable,4,17303.0,10692.0,3169.0,0.25,64393.0,1
B0119,stable,5,17643.0,10699.0,3169.0,0.25,64393.0,1
B0119,stable,6,17535.0,11129.0,3169.0,0.25,64393.0,1
B0119,stable,7,17574.0,11241.0,3169.0,0.25,64393.0,1
B0119,stable,8,17848.0,11103.0,3169.0,0.25,64393.0,1
B0119,stable,9,18129.0,10772.0,3169.0,0.25,64393.0,1
B0119,stable,10,18060.0,10591.0,3169.0,0.25,64393.0,1
B0119,stable,11,18330.0,10577.0,3169.0,0.25,64393.0,1
B0119,stable,12,18416.0,10723.0,3169.0,0.25,64393.0,1
B0119,stable,13,18296.0,10958.0,3169.0,0.25,64393.0,1
B0119,stable,14,18268.0,11102.0,3169.0,0.25,64393.0,1
B0119,stable,15,18155.0,11051.0,3169.0,0.25,64393.0,1
B0119,stable,16,18251.0,10599.0,3169.0,0.25,64393.0,1
B0119,stable,17,18011.0,11051.0,3169.0,0.25,64393.0,1
B0119,stable,18,17839.0,11066.0,3169.0,0.25,64393.0,1
B0119,stable,19,17988.0,10654.0,3169.0,0.25,64393.0,1
B0119,stable,20,17796.0,10671.0,3169.0,0.25,64393.0,1
B0119,stable,21,17558.0,10799.0,3169.0,0.25,64393.0,1
B0119,stable,22,17430.0,10758.0,3169.0,0.25,64393.0,1
B0119,stable,23,17625.0,10848.0,3169.0,0.25,64393.0,1
B0119,stable,24,17879.0,10965.0,3169.0,0.25,64393.0,1
B0119,stable,25,17826.0,10649.0,3169.0,0.25,64393.0,1
B0119,stable,26,17915.0,10369.0,3169.0,0.25,64393.0,1
B0119,stable,27,18259.0,10006.0,3169.0,0.25,64393.0,1
B0119,stable,28,18545.0,10284.0,3169.0,0.25,64393.0,1
B0119,stable,29,18907.0,10180.0,3169.0,0.25,64393.0,1
B0119,stable,30,18594.0,10108.0,3169.0,0.25,64393.0,1
B0119,stable,31,18855.0,10973.0,3169.0,0.25,64393.0,1
B0120,stable,0,17848.0,10720.0,3000.0,0.155,56066.0,1
B0120,stable,1,18030.0,11128.0,3000.0,0.155,56066.0,1
B0120,stable,2,18133.0,11318.0,3000.0,0.155,56066.0,1
B0120,stable,3,18471.0,11375.0,3000.0,0.155,56066.0,1
B0120,stable,4,17941.0,11365.0,3000.0,0.155,56066.0,1
B0120,stable,5,17690.0,11162.0,3000.0,0.155,56066.0,1
B0120,stable,6,17986.0,10927.0,3000.0,0.155,56066.0,1
B0120,stable,7,17975.0,10955.0,3000.0,0.155,56066.0,1
B0120,stable,8,17425.0,10981.0,3000.0,0.155,56066.0,1
B0120,stable,9,17346.0,10959.0,3000.0,0.155,56066.0,1
B0120,stable,10,17542.0,10954.0,3000.0,0.155,56066.0,1
B0120,stable,11,17634.0,10707.0,3000.0,0.155,56066.0,1
B0120,stable,12,17495.0,10908.0,3000.0,0.155,56066.0,1
B0120,stable,13,17393.0,10841.0,3000.0,0.155,56066.0,1
B0120,stable,14,17051.0,10675.0,3000.0,0.155,56066.0,1
B0120,stable,15,17086.0,10495.0,3000.0,0.155,56066.0,1
B0120,stable,16,17392.0,10327.0,3000.0,0.155,56066.0,1
B0120,stable,17,17679.0,10497.0,3000.0,0.155,56066.0,1
B0120,stable,18,17871.0,10755.0,3000.0,0.155,56066.0,1
B0120,stable,19,18101.0,10894.0,3000.0,0.155,56066.0,1
B0120,stable,20,18092.0,10830.0,3000.0,0.155,56066.0,1
B0120,stable,21,18142.0,11123.0,3000.0,0.155,56066.0,1
B0120,stable,22,18537.0,10783.0,3000.0,0.155,56066.0,1
B0120,stable,23,18739.0,10541.0,3000.0,0.155,56066.0,1
B0120,stable,24,18469.0,10487.0,3000.0,0.155,56066.0,1
B0120,stable,25,18146.0,10530.0,3000.0,0.155,56066.0,1
B0120,stable,26,18003.0,10813.0,3000.0,0.155,56066.0,1
B0120,stable,27,18020.0,10965.0,3000.0,0.155,56066.0,1
B0120,stable,28,17945.0,11160.0,3000.0,0.155,56066.0,1
B0120,stable,29,17616.0,11124.0,3000.0,0.155,56066.0,1
B0120,stable,30,17595.0,11075.0,3000.0,0.155,56066.0,1
B0120,stable,31,17670.0,11002.0,3000.0,0.155,56066.0,1
B0120,stable,32,17634.0,11077.0,3000.0,0.155,56066.0,1
B0120,stable,33,17538.0,11521.0,3000.0,0.155,56066.0,1
B0121,stable,0,15070.0,7948.0,1822.0,0.091,53701.0,1
B0121,stable,1,15070.0,8318.0,1822.0,0.091,53701.0,1
B0121,stable,2,15333.0,8053.0,1822.0,0.091,53701.0,1
B0121,stable,3,15393.0,8127.0,1822.0,0.091,53701.0,1
B0121,stable,4,15434.0,8135.0,1822.0,0.091,53701.0,1
B0121,stable,5,15318.0,8054.0,1822.0,0.091,53701.0,1
B0121,stable,6,15538.0,8118.0,1822.0,0.091,53701.0,1
B0121,stable,7,15873.0,8365.0,1822.0,0.091,53701.0,1
B0121,stable,8,15949.0,8390.0,1822.0,0.091,53701.0,1
B0121,stable,9,16208.0,8153.0,1822.0,0.091,53701.0,1
B0121,stable,10,16522.0,8526.0,1822.0,0.091,53701.0,1
B0121,stable,11,16096.0,8357.0,1822.0,0.091,53701.0,1
B0121,stable,12,15933.0,8137.0,1822.0,0.091,53701.0,1
B0121,stable,13,15978.0,8403.0,1822.0,0.091,53701.0,1
B0121,stable,14,16003.0,8349.0,1822.0,0.091,53701.0,1
B0121,stable,15,16006.0,8236.0,1822.0,0.091,53701.0,1
B0121,stable,16,15869.0,8487.0,1822.0,0.091,53701.0,1
B0121,stable,17,15816.0,8263.0,1822.0,0.091,53701.0,1
B0121,stable,18,15703.0,8191.0,1822.0,0.091,53701.0,1
B0121,stable,19,15789.0,7986.0,1822.0,0.091,53701.0,1
B0121,stable,20,15961.0,7909.0,1822.0,0.091,53701.0,1
B0121,stable,21,15822.0,8152.0,1822.0,0.091,53701.0,1
B0121,stable,22,15847.0,8289.0,1822.0,0.091,53701.0,1
B0121,stable,23,16183.0,8539.0,1822.0,0.091,53701.0,1
B0121,stable,24,16272.0,8396.0,1822.0,0.091,53701.0,1
B0121,stable,25,16450.0,8172.0,1822.0,0.091,53701.0,1
B0121,stable,26,16605.0,8216.0,1822.0,0.091,53701.0,1
B0121,stable,27,16775.0,8262.0,1822.0,0.091,53701.0,1
B0121,stable,28,16865.0,8149.0,1822.0,0.091,53701.0,1
B0121,stable,29,17015.0,8036.0,1822.0,0.091,53701.0,1
B0121,stable,30,17166.0,7798.0,1822.0,0.091,53701.0,1
B0122,stable,0,12660.0,8054.0,1950.0,0.128,53503.0,1
B0122,stable,1,12680.0,8029.0,1950.0,0.128,53503.0,1
B0122,stable,2,12434.0,7982.0,1950.0,0.128,53503.0,1
B0122,stable,3,12405.0,7895.0,1950.0,0.128,53503.0,1
B0122,stable,4,12443.0,7910.0,1950.0,0.128,53503.0,1
B0122,stable,5,12378.0,7955.0,1950.0,0.128,53503.0,1
B0122,stable,6,12384.0,7929.0,1950.0,0.128,53503.0,1
B0122,stable,7,12237.0,7940.0,1950.0,0.128,53503.0,1
B0122,stable,8,11876.0,8020.0,1950.0,0.128,53503.0,1
B0122,stable,9,11804.0,8242.0,1950.0,0.128,53503.0,1
B0122,stable,10,12066.0,8222.0,1950.0,0.128,53503.0,1
B0122,stable,11,12242.0,8097.0,1950.0,0.128,53503.0,1
B0122,stable,12,12056.0,8320.0,1950.0,0.128,53503.0,1
B0122,stable,13,11834.0,8399.0,1950.0,0.128,53503.0,1
B0122,stable,14,11942.0,8312.0,1950.0,0.128,53503.0,1
B0122,stable,15,12204.0,8277.0,1950.0,0.128,53503.0,1
B0122,stable,16,12385.0,7996.0,1950.0,0.128,53503.0,1
B0122,stable,17,12527.0,7927.0,1950.0,0.128,53503.0,1
B0122,stable,18,12705.0,8219.0,1950.0,0.128,53503.0,1
B0122,stable,19,12630.0,8505.0,1950.0,0.128,53503.0,1
B0122,stable,20,12544.0,8599.0,1950.0,0.128,53503.0,1
B0122,stable,21,12643.0,8395.0,1950.0,0.128,53503.0,1
B0122,stable,22,12386.0,8099.0,1950.0,0.128,53503.0,1
B0122,stable,23,12332.0,8020.0,1950.0,0.128,53503.0,1
B0122,stable,24,12271.0,8252.0,1950.0,0.128,53503.0,1
B0122,stable,25,12389.0,8254.0,1950.0,0.128,53503.0,1
B0122,stable,26,12772.0,8277.0,1950.0,0.128,53503.0,1
B0122,stable,27,12452.0,8190.0,1950.0,0.128,53503.0,1
B0122,stable,28,12134.0,7958.0,1950.0,0.128,53503.0,1
B0122,stable,29,12311.0,7663.0,1950.0,0.128,53503.0,1
B0122,stable,30,12241.0,7674.0,1950.0,0.128,53503.0,1
B0122,stable,31,12261.0,7869.0,1950.0,0.128,53503.0,1
B0122,stable,32,12350.0,7852.0,1950.0,0.128,53503.0,1
B0122,stable,33,12207.0,7960.0,1950.0,0.128,53503.0,1
B0122,stable,34,12257.0,8103.0,1950.0,0.128,53503.0,1
B0122,stable,35,12269.0,8178.0,1950.0,0.128,53503.0,1
B0123,temporary_stress,0,13509.0,9401.0,3287.0,0.11,69053.0,1
B0123,temporary_stress,1,13846.0,9562.0,3287.0,0.11,69053.0,1
B0123,temporary_stress,2,14249.0,9448.0,3287.0,0.11,69053.0,1
B0123,temporary_stress,3,14092.0,9225.0,3287.0,0.11,69053.0,1
B0123,temporary_stress,4,14168.0,9212.0,3287.0,0.11,69053.0,1
B0123,temporary_stress,5,14077.0,9269.0,3287.0,0.11,69053.0,1
B0123,temporary_stress,6,13902.0,9145.0,3287.0,0.11,69053.0,1
B0123,temporary_stress,7,13884.0,8918.0,3287.0,0.11,69053.0,1
B0123,temporary_stress,8,13950.0,9169.0,3287.0,0.11,69053.0,1
B0123,temporary_stress,9,13805.0,9279.0,3287.0,0.11,69053.0,1
B0123,temporary_stress,10,13936.0,9607.0,3287.0,0.11,69053.0,1
B0123,temporary_stress,11,13630.0,9666.0,3287.0,0.11,69053.0,1
B0123,temporary_stress,12,13747.0,9089.0,3287.0,0.11,69053.0,1
B0123,temporary_stress,13,13824.0,9380.0,3287.0,0.11,69053.0,1
B0123,temporary_stress,14,13694.0,9309.0,3287.0,0.11,69053.0,1
B0123,temporary_stress,15,13736.0,9183.0,3287.0,0.11,69053.0,1
B0123,temporary_stress,16,14124.0,9258.0,3287.0,0.11,69053.0,1
B0123,temporary_stress,17,8367.0,9501.0,3287.0,0.11,69053.0,0
B0123,temporary_stress,18,8334.0,9777.0,3287.0,0.11,69053.0,0
B0123,temporary_stress,19,8452.0,10023.0,3287.0,0.11,69053.0,0
B0123,temporary_stress,20,8383.0,9534.0,3287.0,0.11,69053.0,0
B0123,temporary_stress,21,8369.0,9206.0,3287.0,0.11,69053.0,0
B0123,temporary_stress,22,8329.0,9068.0,3287.0,0.11,69053.0,0
B0123,temporary_stress,23,9937.0,9283.0,3287.0,0.11,69053.0,0
B0123,temporary_stress,24,11214.0,9388.0,3287.0,0.11,69053.0,0
B0123,temporary_stress,25,12710.0,9044.0,3287.0,0.11,69053.0,1
B0123,temporary_stress,26,13832.0,9158.0,3287.0,0.11,69053.0,1
B0123,temporary_stress,27,13556.0,9337.0,3287.0,0.11,69053.0,1
B0123,temporary_stress,28,13477.0,9330.0,3287.0,0.11,69053.0,1
B0123,temporary_stress,29,13744.0,9591.0,3287.0,0.11,69053.0,1
B0123,temporary_stress,30,13901.0,9483.0,3287.0,0.11,69053.0,1
B0123,temporary_stress,31,14007.0,9363.0,3287.0,0.11,69053.0,1
B0123,temporary_stress,32,14034.0,9206.0,3287.0,0.11,69053.0,1
B0123,temporary_stress,33,13954.0,9244.0,3287.0,0.11,69053.0,1
B0123,temporary_stress,34,13815.0,9535.0,3287.0,0.11,69053.0,1
B0123,temporary_stress,35,14094.0,9240.0,3287.0,0.11,69053.0,1
B0123,temporary_stress,36,14407.0,8972.0,3287.0,0.11,69053.0,1
B0123,temporary_stress,37,14535.0,9171.0,3287.0,0.11,69053.0,1
B0123,temporary_stress,38,14389.0,9426.0,3287.0,0.11,69053.0,1
B0123,temporary_stress,39,14198.0,9648.0,3287.0,0.11,69053.0,1
B0123,temporary_stress,40,13986.0,9723.0,3287.0,0.11,69053.0,1
B0124,temporary_stress,0,18435.0,10627.0,4069.0,0.128,89480.0,1
B0124,temporary_stress,1,18430.0,10504.0,4069.0,0.128,89480.0,1
B0124,temporary_stress,2,18230.0,10938.0,4069.0,0.128,89480.0,1
B0124,temporary_stress,3,18476.0,10950.0,4069.0,0.128,89480.0,1
B0124,temporary_stress,4,18402.0,10952.0,4069.0,0.128,89480.0,1
B0124,temporary_stress,5,18263.0,11104.0,4069.0,0.128,89480.0,1
B0124,temporary_stress,6,18398.0,11034.0,4069.0,0.128,89480.0,1
B0124,temporary_stress,7,18691.0,11120.0,4069.0,0.128,89480.0,1
B0124,temporary_stress,8,18863.0,11103.0,4069.0,0.128,89480.0,1
B0124,temporary_stress,9,18631.0,11158.0,4069.0,0.128,89480.0,1
B0124,temporary_stress,10,18434.0,10818.0,4069.0,0.128,89480.0,1
B0124,temporary_stress,11,18147.0,10859.0,4069.0,0.128,89480.0,1
B0124,temporary_stress,12,17917.0,10662.0,4069.0,0.128,89480.0,1
B0124,temporary_stress,13,17705.0,10703.0,4069.0,0.128,89480.0,1
B0124,temporary_stress,14,11208.0,10635.0,4069.0,0.128,89480.0,0
B0124,temporary_stress,15,11317.0,10630.0,4069.0,0.128,89480.0,0
B0124,temporary_stress,16,11340.0,10632.0,4069.0,0.128,89480.0,0
B0124,temporary_stress,17,13267.0,10869.0,4069.0,0.128,89480.0,0
B0124,temporary_stress,18,14948.0,11060.0,4069.0,0.128,89480.0,0
B0124,temporary_stress,19,16744.0,11090.0,4069.0,0.128,89480.0,1
B0124,temporary_stress,20,18756.0,10943.0,4069.0,0.128,89480.0,1
B0124,temporary_stress,21,18751.0,10545.0,4069.0,0.128,89480.0,1
B0124,temporary_stress,22,18873.0,10416.0,4069.0,0.128,89480.0,1
B0124,temporary_stress,23,18660.0,10206.0,4069.0,0.128,89480.0,1
B0124,temporary_stress,24,18402.0,10293.0,4069.0,0.128,89480.0,1
B0124,temporary_stress,25,18380.0,10265.0,4069.0,0.128,89480.0,1
B0124,temporary_stress,26,17932.0,10561.0,4069.0,0.128,89480.0,1
B0124,temporary_stress,27,18139.0,10688.0,4069.0,0.128,89480.0,1
B0124,temporary_stress,28,18227.0,10667.0,4069.0,0.128,89480.0,1
B0124,temporary_stress,29,18348.0,10827.0,4069.0,0.128,89480.0,1
B0124,temporary_stress,30,18240.0,10803.0,4069.0,0.128,89480.0,1
B0124,temporary_stress,31,17732.0,10562.0,4069.0,0.128,89480.0,1
B0124,temporary_stress,32,17634.0,10355.0,4069.0,0.128,89480.0,1
B0124,temporary_stress,33,17689.0,10706.0,4069.0,0.128,89480.0,1
B0125,stable,0,14214.0,7957.0,2394.0,0.231,51662.0,1
B0125,stable,1,14659.0,8069.0,2394.0,0.231,51662.0,1
B0125,stable,2,14983.0,8166.0,2394.0,0.231,51662.0,1
B0125,stable,3,15116.0,8193.0,2394.0,0.231,51662.0,1
B0125,stable,4,14846.0,8419.0,2394.0,0.231,51662.0,1
B0125,stable,5,14686.0,8421.0,2394.0,0.231,51662.0,1
B0125,stable,6,14486.0,8130.0,2394.0,0.231,51662.0,1
B0125,stable,7,14556.0,8302.0,2394.0,0.231,51662.0,1
B0125,stable,8,14654.0,8426.0,2394.0,0.231,51662.0,1
B0125,stable,9,14412.0,7964.0,2394.0,0.231,51662.0,1
B0125,stable,10,13829.0,7840.0,2394.0,0.231,51662.0,1
B0125,stable,11,13954.0,8013.0,2394.0,0.231,51662.0,1
B0125,stable,12,14548.0,8164.0,2394.0,0.231,51662.0,1
B0125,stable,13,14460.0,7987.0,2394.0,0.231,51662.0,1
B0125,stable,14,14249.0,8103.0,2394.0,0.231,51662.0,1
B0125,stable,15,14194.0,8337.0,2394.0,0.231,51662.0,1
B0125,stable,16,14133.0,8221.0,2394.0,0.231,51662.0,1
B0125,stable,17,14254.0,8198.0,2394.0,0.231,51662.0,1
B0125,stable,18,14143.0,8296.0,2394.0,0.231,51662.0,1
B0125,stable,19,14325.0,7985.0,2394.0,0.231,51662.0,1
B0125,stable,20,14697.0,8098.0,2394.0,0.231,51662.0,1
B0125,stable,21,14827.0,8262.0,2394.0,0.231,51662.0,1
B0125,stable,22,15039.0,8133.0,2394.0,0.231,51662.0,1
B0125,stable,23,14796.0,8176.0,2394.0,0.231,51662.0,1
B0125,stable,24,14779.0,7872.0,2394.0,0.231,51662.0,1
B0125,stable,25,14844.0,8076.0,2394.0,0.231,51662.0,1
B0125,stable,26,15144.0,8016.0,2394.0,0.231,51662.0,1
B0125,stable,27,15148.0,8152.0,2394.0,0.231,51662.0,1
B0125,stable,28,15009.0,8367.0,2394.0,0.231,51662.0,1
B0125,stable,29,14560.0,8310.0,2394.0,0.231,51662.0,1
B0125,stable,30,14546.0,8105.0,2394.0,0.231,51662.0,1
B0125,stable,31,14464.0,8122.0,2394.0,0.231,51662.0,1
B0125,stable,32,14422.0,8073.0,2394.0,0.231,51662.0,1
B0125,stable,33,14511.0,8032.0,2394.0,0.231,51662.0,1
B0125,stable,34,14368.0,8247.0,2394.0,0.231,51662.0,1
B0125,stable,35,14478.0,7902.0,2394.0,0.231,51662.0,1
B0125,stable,36,14667.0,8129.0,2394.0,0.231,51662.0,1
B0125,stable,37,14851.0,8429.0,2394.0,0.231,51662.0,1
B0126,temporary_stress,0,10275.0,7146.0,1936.0,0.265,42544.0,1
B0126,temporary_stress,1,10498.0,6800.0,1936.0,0.265,42544.0,1
B0126,temporary_stress,2,10562.0,6839.0,1936.0,0.265,42544.0,1
B0126,temporary_stress,3,10429.0,6934.0,1936.0,0.265,42544.0,1
B0126,temporary_stress,4,10331.0,6841.0,1936.0,0.265,42544.0,1
B0126,temporary_stress,5,9967.0,6798.0,1936.0,0.265,42544.0,1
B0126,temporary_stress,6,10197.0,6546.0,1936.0,0.265,42544.0,1
B0126,temporary_stress,7,10161.0,6694.0,1936.0,0.265,42544.0,1
B0126,temporary_stress,8,10062.0,6694.0,1936.0,0.265,42544.0,1
B0126,temporary_stress,9,10119.0,6198.0,1936.0,0.265,42544.0,1
B0126,temporary_stress,10,10227.0,6305.0,1936.0,0.265,42544.0,1
B0126,temporary_stress,11,10100.0,6564.0,1936.0,0.265,42544.0,1
B0126,temporary_stress,12,9985.0,6378.0,1936.0,0.265,42544.0,1
B0126,temporary_stress,13,10019.0,6522.0,1936.0,0.265,42544.0,1
B0126,temporary_stress,14,10187.0,6688.0,1936.0,0.265,42544.0,1
B0126,temporary_stress,15,10292.0,6475.0,1936.0,0.265,42544.0,1
B0126,temporary_stress,16,10331.0,6698.0,1936.0,0.265,42544.0,1
B0126,temporary_stress,17,10454.0,6699.0,1936.0,0.265,42544.0,1
B0126,temporary_stress,18,10398.0,6532.0,1936.0,0.265,42544.0,1
B0126,temporary_stress,19,10375.0,6350.0,1936.0,0.265,42544.0,1
B0126,temporary_stress,20,10276.0,6569.0,1936.0,0.265,42544.0,1
B0126,temporary_stress,21,6621.0,6471.0,1936.0,0.265,42544.0,0
B0126,temporary_stress,22,6585.0,6627.0,1936.0,0.265,42544.0,0
B0126,temporary_stress,23,6572.0,6846.0,1936.0,0.265,42544.0,0
B0126,temporary_stress,24,6570.0,6596.0,1936.0,0.265,42544.0,0
B0126,temporary_stress,25,6586.0,6516.0,1936.0,0.265,42544.0,0
B0126,temporary_stress,26,7374.0,6433.0,1936.0,0.265,42544.0,0
B0126,temporary_stress,27,7874.0,6469.0,1936.0,0.265,42544.0,0
B0126,temporary_stress,28,8377.0,6732.0,1936.0,0.265,42544.0,0
B0126,temporary_stress,29,8953.0,6883.0,1936.0,0.265,42544.0,1
B0126,temporary_stress,30,9554.0,6794.0,1936.0,0.265,42544.0,1
B0126,temporary_stress,31,10132.0,6755.0,1936.0,0.265,42544.0,1
B0126,temporary_stress,32,10525.0,6863.0,1936.0,0.265,42544.0,1
B0126,temporary_stress,33,10521.0,6927.0,1936.0,0.265,42544.0,1
B0126,temporary_stress,34,10391.0,6788.0,1936.0,0.265,42544.0,1
B0126,temporary_stress,35,10265.0,6890.0,1936.0,0.265,42544.0,1
B0126,temporary_stress,36,10350.0,6657.0,1936.0,0.265,42544.0,1
B0126,temporary_stress,37,10398.0,6596.0,1936.0,0.265,42544.0,1
B0127,structural_decline,0,12729.0,7507.0,2510.0,0.17,36355.0,1
B0127,structural_decline,1,12505.0,7544.0,2510.0,0.17,36355.0,1
B0127,structural_decline,2,12321.0,7290.0,2510.0,0.17,36355.0,1
B0127,structural_decline,3,12478.0,7302.0,2510.0,0.17,36355.0,1
B0127,structural_decline,4,12625.0,7547.0,2510.0,0.17,36355.0,1
B0127,structural_decline,5,12642.0,7395.0,2510.0,0.17,36355.0,1
B0127,structural_decline,6,12575.0,7049.0,2510.0,0.17,36355.0,1
B0127,structural_decline,7,12584.0,7401.0,2510.0,0.17,36355.0,1
B0127,structural_decline,8,12733.0,7694.0,2510.0,0.17,36355.0,1
B0127,structural_decline,9,12424.0,7836.0,2510.0,0.17,36355.0,1
B0127,structural_decline,10,11939.0,7777.0,2510.0,0.17,36355.0,1
B0127,structural_decline,11,11697.0,7797.0,2510.0,0.17,36355.0,1
B0127,structural_decline,12,11561.0,7793.0,2510.0,0.17,36355.0,1
B0127,structural_decline,13,11183.0,7858.0,2510.0,0.17,36355.0,1
B0127,structural_decline,14,11005.0,7782.0,2510.0,0.17,36355.0,1
B0127,structural_decline,15,10808.0,7603.0,2510.0,0.17,36355.0,1
B0127,structural_decline,16,10638.0,7625.0,2510.0,0.17,36355.0,1
B0127,structural_decline,17,10653.0,7624.0,2510.0,0.17,36355.0,1
B0127,structural_decline,18,10343.0,7556.0,2510.0,0.17,36355.0,1
B0127,structural_decline,19,9944.0,7797.0,2510.0,0.17,36355.0,0
B0127,structural_decline,20,9647.0,7773.0,2510.0,0.17,36355.0,0
B0127,structural_decline,21,9549.0,7646.0,2510.0,0.17,36355.0,0
B0127,structural_decline,22,9499.0,7805.0,2510.0,0.17,36355.0,0
B0127,structural_decline,23,9272.0,7782.0,2510.0,0.17,36355.0,0
B0127,structural_decline,24,9086.0,7825.0,2510.0,0.17,36355.0,0
B0127,structural_decline,25,7773.0,7772.0,2510.0,0.17,36355.0,0
B0127,structural_decline,26,7567.0,7854.0,2510.0,0.17,36355.0,0
B0127,structural_decline,27,7540.0,7644.0,2510.0,0.17,36355.0,0
B0127,structural_decline,28,8520.0,7784.0,2510.0,0.17,36355.0,0
B0127,structural_decline,29,8322.0,7890.0,2510.0,0.17,36355.0,0
B0127,structural_decline,30,8035.0,7658.0,2510.0,0.17,36355.0,0
B0127,structural_decline,31,7892.0,7492.0,2510.0,0.17,36355.0,0
B0127,structural_decline,32,7830.0,7576.0,2510.0,0.17,36355.0,0
B0127,structural_decline,33,7704.0,7607.0,2510.0,0.17,36355.0,0
B0128,temporary_stress,0,11258.0,6637.0,1670.0,0.125,55032.0,1
B0128,temporary_stress,1,11050.0,7161.0,1670.0,0.125,55032.0,1
B0128,temporary_stress,2,11082.0,7151.0,1670.0,0.125,55032.0,1
B0128,temporary_stress,3,11301.0,7065.0,1670.0,0.125,55032.0,1
B0128,temporary_stress,4,11324.0,7071.0,1670.0,0.125,55032.0,1
B0128,temporary_stress,5,11237.0,7153.0,1670.0,0.125,55032.0,1
B0128,temporary_stress,6,11100.0,7329.0,1670.0,0.125,55032.0,1
B0128,temporary_stress,7,11065.0,7278.0,1670.0,0.125,55032.0,1
B0128,temporary_stress,8,11173.0,7020.0,1670.0,0.125,55032.0,1
B0128,temporary_stress,9,11153.0,6967.0,1670.0,0.125,55032.0,1
B0128,temporary_stress,10,11134.0,6977.0,1670.0,0.125,55032.0,1
B0128,temporary_stress,11,10901.0,6999.0,1670.0,0.125,55032.0,1
B0128,temporary_stress,12,10934.0,6937.0,1670.0,0.125,55032.0,1
B0128,temporary_stress,13,11031.0,6969.0,1670.0,0.125,55032.0,1
B0128,temporary_stress,14,10975.0,7052.0,1670.0,0.125,55032.0,1
B0128,temporary_stress,15,10876.0,7045.0,1670.0,0.125,55032.0,1
B0128,temporary_stress,16,10925.0,6922.0,1670.0,0.125,55032.0,1
B0128,temporary_stress,17,5339.0,6804.0,1670.0,0.125,55032.0,0
B0128,temporary_stress,18,5348.0,6795.0,1670.0,0.125,55032.0,0
B0128,temporary_stress,19,5351.0,6841.0,1670.0,0.125,55032.0,0
B0128,temporary_stress,20,5391.0,6903.0,1670.0,0.125,55032.0,0
B0128,temporary_stress,21,6958.0,6918.0,1670.0,0.125,55032.0,0
B0128,temporary_stress,22,7707.0,6997.0,1670.0,0.125,55032.0,0
B0128,temporary_stress,23,8293.0,6832.0,1670.0,0.125,55032.0,0
B0128,temporary_stress,24,8970.0,6757.0,1670.0,0.125,55032.0,1
B0128,temporary_stress,25,9693.0,6860.0,1670.0,0.125,55032.0,1
B0128,temporary_stress,26,10429.0,6733.0,1670.0,0.125,55032.0,1
B0128,temporary_stress,27,11101.0,6943.0,1670.0,0.125,55032.0,1
B0128,temporary_stress,28,10777.0,6931.0,1670.0,0.125,55032.0,1
B0128,temporary_stress,29,10703.0,6845.0,1670.0,0.125,55032.0,1
B0128,temporary_stress,30,10932.0,6785.0,1670.0,0.125,55032.0,1
B0128,temporary_stress,31,10983.0,6645.0,1670.0,0.125,55032.0,1
B0128,temporary_stress,32,10971.0,6636.0,1670.0,0.125,55032.0,1
B0128,temporary_stress,33,11065.0,6886.0,1670.0,0.125,55032.0,1
B0128,temporary_stress,34,11342.0,7029.0,1670.0,0.125,55032.0,1
B0128,temporary_stress,35,11482.0,6960.0,1670.0,0.125,55032.0,1
B0128,temporary_stress,36,11483.0,7051.0,1670.0,0.125,55032.0,1
B0128,temporary_stress,37,11438.0,6921.0,1670.0,0.125,55032.0,1
B0128,temporary_stress,38,11473.0,6991.0,1670.0,0.125,55032.0,1
B0128,temporary_stress,39,11223.0,6949.0,1670.0,0.125,55032.0,1
B0129,stable,0,16962.0,7762.0,3008.0,0.232,80157.0,1
B0129,stable,1,17203.0,7794.0,3008.0,0.232,80157.0,1
B0129,stable,2,17133.0,8028.0,3008.0,0.232,80157.0,1
B0129,stable,3,16914.0,8112.0,3008.0,0.232,80157.0,1
B0129,stable,4,16740.0,8070.0,3008.0,0.232,80157.0,1
B0129,stable,5,16816.0,8238.0,3008.0,0.232,80157.0,1
B0129,stable,6,16820.0,8335.0,3008.0,0.232,80157.0,1
B0129,stable,7,16706.0,8514.0,3008.0,0.232,80157.0,1
B0129,stable,8,16456.0,8272.0,3008.0,0.232,80157.0,1
B0129,stable,9,16707.0,8103.0,3008.0,0.232,80157.0,1
B0129,stable,10,16890.0,8257.0,3008.0,0.232,80157.0,1
B0129,stable,11,16723.0,8211.0,3008.0,0.232,80157.0,1
B0129,stable,12,16943.0,8120.0,3008.0,0.232,80157.0,1
B0129,stable,13,17090.0,8136.0,3008.0,0.232,80157.0,1
B0129,stable,14,17230.0,8343.0,3008.0,0.232,80157.0,1
B0129,stable,15,17407.0,8274.0,3008.0,0.232,80157.0,1
B0129,stable,16,17522.0,8083.0,3008.0,0.232,80157.0,1
B0129,stable,17,17665.0,7960.0,3008.0,0.232,80157.0,1
B0129,stable,18,17908.0,7753.0,3008.0,0.232,80157.0,1
B0129,stable,19,18028.0,7651.0,3008.0,0.232,80157.0,1
B0129,stable,20,17909.0,7730.0,3008.0,0.232,80157.0,1
B0129,stable,21,17785.0,7832.0,3008.0,0.232,80157.0,1
B0129,stable,22,17569.0,7819.0,3008.0,0.232,80157.0,1
B0129,stable,23,17846.0,7971.0,3008.0,0.232,80157.0,1
B0129,stable,24,17696.0,8044.0,3008.0,0.232,80157.0,1
B0129,stable,25,17304.0,7560.0,3008.0,0.232,80157.0,1
B0129,stable,26,17012.0,7647.0,3008.0,0.232,80157.0,1
B0129,stable,27,17368.0,7829.0,3008.0,0.232,80157.0,1
B0129,stable,28,17414.0,7907.0,3008.0,0.232,80157.0,1
B0129,stable,29,17626.0,8049.0,3008.0,0.232,80157.0,1
B0129,stable,30,17416.0,8121.0,3008.0,0.232,80157.0,1
B0129,stable,31,17414.0,8117.0,3008.0,0.232,80157.0,1
B0129,stable,32,17995.0,8191.0,3008.0,0.232,80157.0,1
B0129,stable,33,18057.0,8373.0,3008.0,0.232,80157.0,1
B0129,stable,34,17979.0,7991.0,3008.0,0.232,80157.0,1
B0129,stable,35,18622.0,7927.0,3008.0,0.232,80157.0,1
B0129,stable,36,18527.0,8273.0,3008.0,0.232,80157.0,1
B0130,stable,0,20053.0,14437.0,3841.0,0.186,72195.0,1
B0130,stable,1,20071.0,14381.0,3841.0,0.186,72195.0,1
B0130,stable,2,20299.0,13943.0,3841.0,0.186,72195.0,1
B0130,stable,3,19807.0,14491.0,3841.0,0.186,72195.0,1
B0130,stable,4,19731.0,15009.0,3841.0,0.186,72195.0,1
B0130,stable,5,20038.0,14491.0,3841.0,0.186,72195.0,1
B0130,stable,6,19871.0,14526.0,3841.0,0.186,72195.0,1
B0130,stable,7,19573.0,14553.0,3841.0,0.186,72195.0,1
B0130,stable,8,19550.0,14162.0,3841.0,0.186,72195.0,1
B0130,stable,9,19273.0,13886.0,3841.0,0.186,72195.0,1
B0130,stable,10,19320.0,13975.0,3841.0,0.186,72195.0,1
B0130,stable,11,19099.0,13816.0,3841.0,0.186,72195.0,1
B0130,stable,12,18840.0,14196.0,3841.0,0.186,72195.0,1
B0130,stable,13,18827.0,14194.0,3841.0,0.186,72195.0,1
B0130,stable,14,19209.0,14304.0,3841.0,0.186,72195.0,1
B0130,stable,15,19445.0,14147.0,3841.0,0.186,72195.0,1
B0130,stable,16,20095.0,14121.0,3841.0,0.186,72195.0,1
B0130,stable,17,20091.0,14057.0,3841.0,0.186,72195.0,1
B0130,stable,18,19882.0,13806.0,3841.0,0.186,72195.0,1
B0130,stable,19,20050.0,13700.0,3841.0,0.186,72195.0,1
B0130,stable,20,20646.0,13578.0,3841.0,0.186,72195.0,1
B0130,stable,21,20742.0,14045.0,3841.0,0.186,72195.0,1
B0130,stable,22,20469.0,14427.0,3841.0,0.186,72195.0,1
B0130,stable,23,20177.0,14311.0,3841.0,0.186,72195.0,1
B0130,stable,24,20171.0,13717.0,3841.0,0.186,72195.0,1
B0130,stable,25,19799.0,13879.0,3841.0,0.186,72195.0,1
B0130,stable,26,19905.0,14170.0,3841.0,0.186,72195.0,1
B0130,stable,27,20085.0,14096.0,3841.0,0.186,72195.0,1
B0130,stable,28,19579.0,14303.0,3841.0,0.186,72195.0,1
B0130,stable,29,19227.0,14340.0,3841.0,0.186,72195.0,1
B0130,stable,30,19120.0,14171.0,3841.0,0.186,72195.0,1
B0130,stable,31,18948.0,14028.0,3841.0,0.186,72195.0,1
B0131,temporary_stress,0,10388.0,6692.0,2113.0,0.08,37175.0,1
B0131,temporary_stress,1,10643.0,6402.0,2113.0,0.08,37175.0,1
B0131,temporary_stress,2,10697.0,6351.0,2113.0,0.08,37175.0,1
B0131,temporary_stress,3,10664.0,6638.0,2113.0,0.08,37175.0,1
B0131,temporary_stress,4,10652.0,6739.0,2113.0,0.08,37175.0,1
B0131,temporary_stress,5,10556.0,6545.0,2113.0,0.08,37175.0,1
B0131,temporary_stress,6,10616.0,6677.0,2113.0,0.08,37175.0,1
B0131,temporary_stress,7,11003.0,6673.0,2113.0,0.08,37175.0,1
B0131,temporary_stress,8,11040.0,6774.0,2113.0,0.08,37175.0,1
B0131,temporary_stress,9,10871.0,6845.0,2113.0,0.08,37175.0,1
B0131,temporary_stress,10,10845.0,6594.0,2113.0,0.08,37175.0,1
B0131,temporary_stress,11,6220.0,6383.0,2113.0,0.08,37175.0,0
B0131,temporary_stress,12,6282.0,6497.0,2113.0,0.08,37175.0,0
B0131,temporary_stress,13,6383.0,6642.0,2113.0,0.08,37175.0,0
B0131,temporary_stress,14,6266.0,6775.0,2113.0,0.08,37175.0,0
B0131,temporary_stress,15,6103.0,6625.0,2113.0,0.08,37175.0,0
B0131,temporary_stress,16,6062.0,6542.0,2113.0,0.08,37175.0,0
B0131,temporary_stress,17,6537.0,6677.0,2113.0,0.08,37175.0,0
B0131,temporary_stress,18,7017.0,6819.0,2113.0,0.08,37175.0,0
B0131,temporary_stress,19,7600.0,6656.0,2113.0,0.08,37175.0,0
B0131,temporary_stress,20,8220.0,6663.0,2113.0,0.08,37175.0,0
B0131,temporary_stress,21,8713.0,6642.0,2113.0,0.08,37175.0,0
B0131,temporary_stress,22,9278.0,6870.0,2113.0,0.08,37175.0,1
B0131,temporary_stress,23,10138.0,6497.0,2113.0,0.08,37175.0,1
B0131,temporary_stress,24,10750.0,6610.0,2113.0,0.08,37175.0,1
B0131,temporary_stress,25,10827.0,6636.0,2113.0,0.08,37175.0,1
B0131,temporary_stress,26,10799.0,6448.0,2113.0,0.08,37175.0,1
B0131,temporary_stress,27,10934.0,6446.0,2113.0,0.08,37175.0,1
B0131,temporary_stress,28,10898.0,6524.0,2113.0,0.08,37175.0,1
B0131,temporary_stress,29,10847.0,6503.0,2113.0,0.08,37175.0,1
B0131,temporary_stress,30,10842.0,6446.0,2113.0,0.08,37175.0,1
B0131,temporary_stress,31,10736.0,6382.0,2113.0,0.08,37175.0,1
B0131,temporary_stress,32,10850.0,6271.0,2113.0,0.08,37175.0,1
B0131,temporary_stress,33,10833.0,6584.0,2113.0,0.08,37175.0,1
B0131,temporary_stress,34,10547.0,6695.0,2113.0,0.08,37175.0,1
B0131,temporary_stress,35,10400.0,6832.0,2113.0,0.08,37175.0,1
B0132,stable,0,13629.0,9186.0,2536.0,0.25,64069.0,1
B0132,stable,1,13812.0,9499.0,2536.0,0.25,64069.0,1
B0132,stable,2,14026.0,9625.0,2536.0,0.25,64069.0,1
B0132,stable,3,13986.0,9683.0,2536.0,0.25,64069.0,1
B0132,stable,4,14007.0,9791.0,2536.0,0.25,64069.0,1
B0132,stable,5,14099.0,9595.0,2536.0,0.25,64069.0,1
B0132,stable,6,14267.0,9391.0,2536.0,0.25,64069.0,1
B0132,stable,7,14537.0,9293.0,2536.0,0.25,64069.0,1
B0132,stable,8,14426.0,9431.0,2536.0,0.25,64069.0,1
B0132,stable,9,14077.0,9486.0,2536.0,0.25,64069.0,1
B0132,stable,10,13953.0,9495.0,2536.0,0.25,64069.0,1
B0132,stable,11,14309.0,9408.0,2536.0,0.25,64069.0,1
B0132,stable,12,13988.0,9413.0,2536.0,0.25,64069.0,1
B0132,stable,13,13834.0,9679.0,2536.0,0.25,64069.0,1
B0132,stable,14,13791.0,9608.0,2536.0,0.25,64069.0,1
B0132,stable,15,13795.0,9522.0,2536.0,0.25,64069.0,1
B0132,stable,16,13682.0,9439.0,2536.0,0.25,64069.0,1
B0132,stable,17,13603.0,9257.0,2536.0,0.25,64069.0,1
B0132,stable,18,13703.0,9508.0,2536.0,0.25,64069.0,1
B0132,stable,19,13600.0,9868.0,2536.0,0.25,64069.0,1
B0132,stable,20,13861.0,9931.0,2536.0,0.25,64069.0,1
B0132,stable,21,13990.0,10086.0,2536.0,0.25,64069.0,1
B0132,stable,22,14154.0,10043.0,2536.0,0.25,64069.0,1
B0132,stable,23,14239.0,9475.0,2536.0,0.25,64069.0,1
B0132,stable,24,14237.0,9541.0,2536.0,0.25,64069.0,1
B0132,stable,25,14349.0,9740.0,2536.0,0.25,64069.0,1
B0132,stable,26,14266.0,9842.0,2536.0,0.25,64069.0,1
B0132,stable,27,14414.0,9822.0,2536.0,0.25,64069.0,1
B0132,stable,28,14320.0,9788.0,2536.0,0.25,64069.0,1
B0132,stable,29,14387.0,9566.0,2536.0,0.25,64069.0,1
B0132,stable,30,14395.0,9569.0,2536.0,0.25,64069.0,1
B0132,stable,31,14341.0,9935.0,2536.0,0.25,64069.0,1
B0132,stable,32,14381.0,10049.0,2536.0,0.25,64069.0,1
B0132,stable,33,13994.0,10052.0,2536.0,0.25,64069.0,1
B0132,stable,34,13424.0,10002.0,2536.0,0.25,64069.0,1
B0132,stable,35,13310.0,9643.0,2536.0,0.25,64069.0,1
B0132,stable,36,13369.0,9706.0,2536.0,0.25,64069.0,1
B0132,stable,37,13279.0,9571.0,2536.0,0.25,64069.0,1
B0133,temporary_stress,0,17762.0,10723.0,2214.0,0.135,47799.0,1
B0133,temporary_stress,1,17482.0,10405.0,2214.0,0.135,47799.0,1
B0133,temporary_stress,2,17591.0,10229.0,2214.0,0.135,47799.0,1
B0133,temporary_stress,3,17657.0,10073.0,2214.0,0.135,47799.0,1
B0133,temporary_stress,4,17796.0,10476.0,2214.0,0.135,47799.0,1
B0133,temporary_stress,5,17569.0,10803.0,2214.0,0.135,47799.0,1
B0133,temporary_stress,6,17297.0,10880.0,2214.0,0.135,47799.0,1
B0133,temporary_stress,7,17086.0,10233.0,2214.0,0.135,47799.0,1
B0133,temporary_stress,8,17046.0,10406.0,2214.0,0.135,47799.0,1
B0133,temporary_stress,9,16883.0,10940.0,2214.0,0.135,47799.0,1
B0133,temporary_stress,10,17079.0,10746.0,2214.0,0.135,47799.0,1
B0133,temporary_stress,11,17299.0,10681.0,2214.0,0.135,47799.0,1
B0133,temporary_stress,12,16994.0,10753.0,2214.0,0.135,47799.0,1
B0133,temporary_stress,13,16959.0,10626.0,2214.0,0.135,47799.0,1
B0133,temporary_stress,14,17200.0,10664.0,2214.0,0.135,47799.0,1
B0133,temporary_stress,15,17440.0,10808.0,2214.0,0.135,47799.0,1
B0133,temporary_stress,16,17490.0,11049.0,2214.0,0.135,47799.0,1
B0133,temporary_stress,17,9802.0,10871.0,2214.0,0.135,47799.0,0
B0133,temporary_stress,18,9810.0,10866.0,2214.0,0.135,47799.0,0
B0133,temporary_stress,19,9712.0,10826.0,2214.0,0.135,47799.0,0
B0133,temporary_stress,20,10913.0,10671.0,2214.0,0.135,47799.0,0
B0133,temporary_stress,21,12921.0,10616.0,2214.0,0.135,47799.0,1
B0133,temporary_stress,22,15026.0,10800.0,2214.0,0.135,47799.0,1
B0133,temporary_stress,23,16966.0,10871.0,2214.0,0.135,47799.0,1
B0133,temporary_stress,24,16967.0,10940.0,2214.0,0.135,47799.0,1
B0133,temporary_stress,25,16899.0,10993.0,2214.0,0.135,47799.0,1
B0133,temporary_stress,26,16739.0,10749.0,2214.0,0.135,47799.0,1
B0133,temporary_stress,27,17043.0,10751.0,2214.0,0.135,47799.0,1
B0133,temporary_stress,28,17841.0,10658.0,2214.0,0.135,47799.0,1
B0133,temporary_stress,29,17768.0,10557.0,2214.0,0.135,47799.0,1
B0133,temporary_stress,30,17545.0,10951.0,2214.0,0.135,47799.0,1
B0133,temporary_stress,31,17465.0,10841.0,2214.0,0.135,47799.0,1
B0133,temporary_stress,32,17676.0,10431.0,2214.0,0.135,47799.0,1
B0133,temporary_stress,33,17799.0,10355.0,2214.0,0.135,47799.0,1
B0133,temporary_stress,34,17625.0,10203.0,2214.0,0.135,47799.0,1
B0133,temporary_stress,35,17369.0,10364.0,2214.0,0.135,47799.0,1
B0133,temporary_stress,36,17343.0,10426.0,2214.0,0.135,47799.0,1
B0134,stable,0,19445.0,12208.0,4389.0,0.226,57567.0,1
B0134,stable,1,19397.0,12032.0,4389.0,0.226,57567.0,1
B0134,stable,2,19201.0,11769.0,4389.0,0.226,57567.0,1
B0134,stable,3,19358.0,12072.0,4389.0,0.226,57567.0,1
B0134,stable,4,19425.0,12318.0,4389.0,0.226,57567.0,1
B0134,stable,5,19454.0,12207.0,4389.0,0.226,57567.0,1
B0134,stable,6,19818.0,12034.0,4389.0,0.226,57567.0,1
B0134,stable,7,19774.0,11744.0,4389.0,0.226,57567.0,1
B0134,stable,8,20095.0,11496.0,4389.0,0.226,57567.0,1
B0134,stable,9,19934.0,11945.0,4389.0,0.226,57567.0,1
B0134,stable,10,20096.0,12360.0,4389.0,0.226,57567.0,1
B0134,stable,11,19937.0,11606.0,4389.0,0.226,57567.0,1
B0134,stable,12,19939.0,11293.0,4389.0,0.226,57567.0,1
B0134,stable,13,19870.0,11302.0,4389.0,0.226,57567.0,1
B0134,stable,14,19761.0,11648.0,4389.0,0.226,57567.0,1
B0134,stable,15,19822.0,12052.0,4389.0,0.226,57567.0,1
B0134,stable,16,19762.0,11993.0,4389.0,0.226,57567.0,1
B0134,stable,17,19625.0,12087.0,4389.0,0.226,57567.0,1
B0134,stable,18,19015.0,11822.0,4389.0,0.226,57567.0,1
B0134,stable,19,18731.0,11875.0,4389.0,0.226,57567.0,1
B0134,stable,20,19135.0,12384.0,4389.0,0.226,57567.0,1
B0134,stable,21,19100.0,12270.0,4389.0,0.226,57567.0,1
B0134,stable,22,19134.0,11826.0,4389.0,0.226,57567.0,1
B0134,stable,23,19388.0,12038.0,4389.0,0.226,57567.0,1
B0134,stable,24,19316.0,11811.0,4389.0,0.226,57567.0,1
B0134,stable,25,19263.0,11708.0,4389.0,0.226,57567.0,1
B0134,stable,26,19697.0,11938.0,4389.0,0.226,57567.0,1
B0134,stable,27,19851.0,11808.0,4389.0,0.226,57567.0,1
B0134,stable,28,19583.0,12151.0,4389.0,0.226,57567.0,1
B0134,stable,29,19687.0,12311.0,4389.0,0.226,57567.0,1
B0134,stable,30,19776.0,12060.0,4389.0,0.226,57567.0,1
B0134,stable,31,20241.0,12289.0,4389.0,0.226,57567.0,1
B0135,structural_decline,0,13865.0,8915.0,2600.0,0.185,50805.0,1
B0135,structural_decline,1,14159.0,8624.0,2600.0,0.185,50805.0,1
B0135,structural_decline,2,14224.0,8512.0,2600.0,0.185,50805.0,1
B0135,structural_decline,3,13812.0,8711.0,2600.0,0.185,50805.0,1
B0135,structural_decline,4,13640.0,8857.0,2600.0,0.185,50805.0,1
B0135,structural_decline,5,14056.0,8972.0,2600.0,0.185,50805.0,1
B0135,structural_decline,6,14162.0,9181.0,2600.0,0.185,50805.0,1
B0135,structural_decline,7,14010.0,9101.0,2600.0,0.185,50805.0,1
B0135,structural_decline,8,14217.0,8958.0,2600.0,0.185,50805.0,1
B0135,structural_decline,9,14077.0,9044.0,2600.0,0.185,50805.0,1
B0135,structural_decline,10,14244.0,9133.0,2600.0,0.185,50805.0,1
B0135,structural_decline,11,14086.0,9269.0,2600.0,0.185,50805.0,1
B0135,structural_decline,12,13815.0,9299.0,2600.0,0.185,50805.0,1
B0135,structural_decline,13,13495.0,9414.0,2600.0,0.185,50805.0,1
B0135,structural_decline,14,13347.0,9113.0,2600.0,0.185,50805.0,1
B0135,structural_decline,15,12969.0,8837.0,2600.0,0.185,50805.0,1
B0135,structural_decline,16,12858.0,8702.0,2600.0,0.185,50805.0,1
B0135,structural_decline,17,12667.0,8496.0,2600.0,0.185,50805.0,1
B0135,structural_decline,18,12376.0,8538.0,2600.0,0.185,50805.0,1
B0135,structural_decline,19,12150.0,8781.0,2600.0,0.185,50805.0,1
B0135,structural_decline,20,11937.0,8874.0,2600.0,0.185,50805.0,1
B0135,structural_decline,21,11832.0,8586.0,2600.0,0.185,50805.0,1
B0135,structural_decline,22,11489.0,8526.0,2600.0,0.185,50805.0,1
B0135,structural_decline,23,11259.0,8704.0,2600.0,0.185,50805.0,0
B0135,structural_decline,24,10950.0,8697.0,2600.0,0.185,50805.0,0
B0135,structural_decline,25,11026.0,9117.0,2600.0,0.185,50805.0,0
B0135,structural_decline,26,10839.0,9127.0,2600.0,0.185,50805.0,0
B0135,structural_decline,27,10643.0,8885.0,2600.0,0.185,50805.0,0
B0135,structural_decline,28,10464.0,8754.0,2600.0,0.185,50805.0,0
B0135,structural_decline,29,8510.0,8795.0,2600.0,0.185,50805.0,0
B0135,structural_decline,30,8399.0,8852.0,2600.0,0.185,50805.0,0
B0135,structural_decline,31,8382.0,8745.0,2600.0,0.185,50805.0,0
B0135,structural_decline,32,9954.0,8674.0,2600.0,0.185,50805.0,0
B0135,structural_decline,33,9544.0,8733.0,2600.0,0.185,50805.0,0
B0135,structural_decline,34,9319.0,9030.0,2600.0,0.185,50805.0,0
B0135,structural_decline,35,9440.0,8869.0,2600.0,0.185,50805.0,0
B0135,structural_decline,36,9282.0,8894.0,2600.0,0.185,50805.0,0
B0136,stable,0,18527.0,9054.0,4232.0,0.207,91590.0,1
B0136,stable,1,18601.0,9121.0,4232.0,0.207,91590.0,1
B0136,stable,2,18531.0,9254.0,4232.0,0.207,91590.0,1
B0136,stable,3,18464.0,9334.0,4232.0,0.207,91590.0,1
B0136,stable,4,18389.0,8931.0,4232.0,0.207,91590.0,1
B0136,stable,5,18386.0,8847.0,4232.0,0.207,91590.0,1
B0136,stable,6,18608.0,9304.0,4232.0,0.207,91590.0,1
B0136,stable,7,19467.0,9308.0,4232.0,0.207,91590.0,1
B0136,stable,8,19661.0,9091.0,4232.0,0.207,91590.0,1
B0136,stable,9,19310.0,9017.0,4232.0,0.207,91590.0,1
B0136,stable,10,19398.0,9188.0,4232.0,0.207,91590.0,1
B0136,stable,11,19411.0,9510.0,4232.0,0.207,91590.0,1
B0136,stable,12,19388.0,9351.0,4232.0,0.207,91590.0,1
B0136,stable,13,19900.0,9184.0,4232.0,0.207,91590.0,1
B0136,stable,14,20607.0,9021.0,4232.0,0.207,91590.0,1
B0136,stable,15,20126.0,9212.0,4232.0,0.207,91590.0,1
B0136,stable,16,19632.0,9443.0,4232.0,0.207,91590.0,1
B0136,stable,17,19909.0,9583.0,4232.0,0.207,91590.0,1
B0136,stable,18,20095.0,9353.0,4232.0,0.207,91590.0,1
B0136,stable,19,20286.0,8962.0,4232.0,0.207,91590.0,1
B0136,stable,20,19888.0,8807.0,4232.0,0.207,91590.0,1
B0136,stable,21,19440.0,9125.0,4232.0,0.207,91590.0,1
B0136,stable,22,19240.0,9284.0,4232.0,0.207,91590.0,1
B0136,stable,23,19247.0,9019.0,4232.0,0.207,91590.0,1
B0136,stable,24,19399.0,9034.0,4232.0,0.207,91590.0,1
B0136,stable,25,19164.0,9045.0,4232.0,0.207,91590.0,1
B0136,stable,26,19307.0,9408.0,4232.0,0.207,91590.0,1
B0136,stable,27,19767.0,9033.0,4232.0,0.207,91590.0,1
B0136,stable,28,20220.0,8826.0,4232.0,0.207,91590.0,1
B0136,stable,29,20246.0,8975.0,4232.0,0.207,91590.0,1
B0136,stable,30,20283.0,8782.0,4232.0,0.207,91590.0,1
B0136,stable,31,20585.0,8779.0,4232.0,0.207,91590.0,1
B0136,stable,32,20962.0,9127.0,4232.0,0.207,91590.0,1
B0136,stable,33,21133.0,9365.0,4232.0,0.207,91590.0,1
B0136,stable,34,21367.0,9133.0,4232.0,0.207,91590.0,1
B0136,stable,35,21398.0,8944.0,4232.0,0.207,91590.0,1
B0136,stable,36,21105.0,8887.0,4232.0,0.207,91590.0,1
B0136,stable,37,20899.0,9294.0,4232.0,0.207,91590.0,1
B0136,stable,38,21035.0,9262.0,4232.0,0.207,91590.0,1
B0136,stable,39,21089.0,9238.0,4232.0,0.207,91590.0,1
B0136,stable,40,20852.0,9613.0,4232.0,0.207,91590.0,1
B0137,structural_decline,0,13643.0,7507.0,1623.0,0.174,46037.0,1
B0137,structural_decline,1,13612.0,7297.0,1623.0,0.174,46037.0,1
B0137,structural_decline,2,13642.0,7366.0,1623.0,0.174,46037.0,1
B0137,structural_decline,3,13483.0,7436.0,1623.0,0.174,46037.0,1
B0137,structural_decline,4,13493.0,7574.0,1623.0,0.174,46037.0,1
B0137,structural_decline,5,13520.0,7348.0,1623.0,0.174,46037.0,1
B0137,structural_decline,6,13342.0,7624.0,1623.0,0.174,46037.0,1
B0137,structural_decline,7,13380.0,7472.0,1623.0,0.174,46037.0,1
B0137,structural_decline,8,13430.0,7403.0,1623.0,0.174,46037.0,1
B0137,structural_decline,9,13482.0,7330.0,1623.0,0.174,46037.0,1
B0137,structural_decline,10,13453.0,7221.0,1623.0,0.174,46037.0,1
B0137,structural_decline,11,13455.0,7219.0,1623.0,0.174,46037.0,1
B0137,structural_decline,12,13440.0,7234.0,1623.0,0.174,46037.0,1
B0137,structural_decline,13,13237.0,7433.0,1623.0,0.174,46037.0,1
B0137,structural_decline,14,13336.0,7424.0,1623.0,0.174,46037.0,1
B0137,structural_decline,15,13450.0,7209.0,1623.0,0.174,46037.0,1
B0137,structural_decline,16,13516.0,7280.0,1623.0,0.174,46037.0,1
B0137,structural_decline,17,13184.0,7274.0,1623.0,0.174,46037.0,1
B0137,structural_decline,18,12853.0,7193.0,1623.0,0.174,46037.0,1
B0137,structural_decline,19,12571.0,7375.0,1623.0,0.174,46037.0,1
B0137,structural_decline,20,12499.0,7256.0,1623.0,0.174,46037.0,1
B0137,structural_decline,21,12277.0,7110.0,1623.0,0.174,46037.0,1
B0137,structural_decline,22,12249.0,7116.0,1623.0,0.174,46037.0,1
B0137,structural_decline,23,11985.0,6932.0,1623.0,0.174,46037.0,1
B0137,structural_decline,24,11571.0,7131.0,1623.0,0.174,46037.0,1
B0137,structural_decline,25,11483.0,7467.0,1623.0,0.174,46037.0,1
B0137,structural_decline,26,11443.0,7345.0,1623.0,0.174,46037.0,1
B0137,structural_decline,27,11168.0,7279.0,1623.0,0.174,46037.0,1
B0137,structural_decline,28,10986.0,7205.0,1623.0,0.174,46037.0,1
B0137,structural_decline,29,10720.0,7129.0,1623.0,0.174,46037.0,1
B0137,structural_decline,30,10479.0,7308.0,1623.0,0.174,46037.0,1
B0137,structural_decline,31,10108.0,7688.0,1623.0,0.174,46037.0,1
B0137,structural_decline,32,10170.0,7419.0,1623.0,0.174,46037.0,1
B0138,structural_decline,0,12882.0,8424.0,3005.0,0.191,49075.0,1
B0138,structural_decline,1,13048.0,8182.0,3005.0,0.191,49075.0,1
B0138,structural_decline,2,12940.0,8666.0,3005.0,0.191,49075.0,1
B0138,structural_decline,3,13093.0,8799.0,3005.0,0.191,49075.0,1
B0138,structural_decline,4,12891.0,8272.0,3005.0,0.191,49075.0,1
B0138,structural_decline,5,12719.0,8144.0,3005.0,0.191,49075.0,1
B0138,structural_decline,6,12872.0,8228.0,3005.0,0.191,49075.0,1
B0138,structural_decline,7,12721.0,8215.0,3005.0,0.191,49075.0,1
B0138,structural_decline,8,12898.0,8259.0,3005.0,0.191,49075.0,1
B0138,structural_decline,9,13038.0,8291.0,3005.0,0.191,49075.0,1
B0138,structural_decline,10,13010.0,8244.0,3005.0,0.191,49075.0,1
B0138,structural_decline,11,12983.0,8276.0,3005.0,0.191,49075.0,1
B0138,structural_decline,12,13076.0,8082.0,3005.0,0.191,49075.0,1
B0138,structural_decline,13,12973.0,8244.0,3005.0,0.191,49075.0,1
B0138,structural_decline,14,13069.0,8329.0,3005.0,0.191,49075.0,1
B0138,structural_decline,15,12908.0,8296.0,3005.0,0.191,49075.0,1
B0138,structural_decline,16,12620.0,8296.0,3005.0,0.191,49075.0,1
B0138,structural_decline,17,12275.0,8221.0,3005.0,0.191,49075.0,1
B0138,structural_decline,18,11959.0,8083.0,3005.0,0.191,49075.0,1
B0138,structural_decline,19,11697.0,8037.0,3005.0,0.191,49075.0,1
B0138,structural_decline,20,11430.0,8067.0,3005.0,0.191,49075.0,1
B0138,structural_decline,21,11288.0,8365.0,3005.0,0.191,49075.0,0
B0138,structural_decline,22,11016.0,8151.0,3005.0,0.191,49075.0,0
B0138,structural_decline,23,11000.0,8248.0,3005.0,0.191,49075.0,0
B0138,structural_decline,24,10917.0,8257.0,3005.0,0.191,49075.0,0
B0138,structural_decline,25,10603.0,8383.0,3005.0,0.191,49075.0,0
B0138,structural_decline,26,10400.0,8455.0,3005.0,0.191,49075.0,0
B0138,structural_decline,27,10025.0,8795.0,3005.0,0.191,49075.0,0
B0138,structural_decline,28,9815.0,8651.0,3005.0,0.191,49075.0,0
B0138,structural_decline,29,9640.0,8482.0,3005.0,0.191,49075.0,0
B0138,structural_decline,30,9572.0,8298.0,3005.0,0.191,49075.0,0
B0138,structural_decline,31,9483.0,8179.0,3005.0,0.191,49075.0,0
B0138,structural_decline,32,9101.0,8196.0,3005.0,0.191,49075.0,0
B0138,structural_decline,33,8849.0,8360.0,3005.0,0.191,49075.0,0
B0138,structural_decline,34,8857.0,8217.0,3005.0,0.191,49075.0,0
B0138,structural_decline,35,8810.0,8344.0,3005.0,0.191,49075.0,0
B0139,structural_decline,0,13996.0,8762.0,2821.0,0.081,35397.0,1
B0139,structural_decline,1,13965.0,8604.0,2821.0,0.081,35397.0,1
B0139,structural_decline,2,14045.0,8683.0,2821.0,0.081,35397.0,1
B0139,structural_decline,3,14106.0,8868.0,2821.0,0.081,35397.0,1
B0139,structural_decline,4,13913.0,8786.0,2821.0,0.081,35397.0,1
B0139,structural_decline,5,13832.0,8497.0,2821.0,0.081,35397.0,1
B0139,structural_decline,6,13733.0,8355.0,2821.0,0.081,35397.0,1
B0139,structural_decline,7,14283.0,8226.0,2821.0,0.081,35397.0,1
B0139,structural_decline,8,14413.0,8609.0,2821.0,0.081,35397.0,1
B0139,structural_decline,9,14302.0,8679.0,2821.0,0.081,35397.0,1
B0139,structural_decline,10,14222.0,8439.0,2821.0,0.081,35397.0,1
B0139,structural_decline,11,14199.0,8500.0,2821.0,0.081,35397.0,1
B0139,structural_decline,12,14302.0,8363.0,2821.0,0.081,35397.0,1
B0139,structural_decline,13,14119.0,8413.0,2821.0,0.081,35397.0,1
B0139,structural_decline,14,14009.0,8733.0,2821.0,0.081,35397.0,1
B0139,structural_decline,15,14082.0,8607.0,2821.0,0.081,35397.0,1
B0139,structural_decline,16,14046.0,8256.0,2821.0,0.081,35397.0,1
B0139,structural_decline,17,13773.0,8315.0,2821.0,0.081,35397.0,1
B0139,structural_decline,18,13573.0,8590.0,2821.0,0.081,35397.0,1
B0139,structural_decline,19,13402.0,8679.0,2821.0,0.081,35397.0,1
B0139,structural_decline,20,13215.0,8472.0,2821.0,0.081,35397.0,1
B0139,structural_decline,21,12603.0,8508.0,2821.0,0.081,35397.0,1
B0139,structural_decline,22,12328.0,8557.0,2821.0,0.081,35397.0,1
B0139,structural_decline,23,12215.0,8412.0,2821.0,0.081,35397.0,1
B0139,structural_decline,24,12136.0,8374.0,2821.0,0.081,35397.0,1
B0139,structural_decline,25,11936.0,8465.0,2821.0,0.081,35397.0,1
B0139,structural_decline,26,11704.0,8516.0,2821.0,0.081,35397.0,1
B0139,structural_decline,27,11484.0,8889.0,2821.0,0.081,35397.0,0
B0139,structural_decline,28,9391.0,8725.0,2821.0,0.081,35397.0,0
B0139,structural_decline,29,9290.0,8409.0,2821.0,0.081,35397.0,0
B0139,structural_decline,30,11030.0,8436.0,2821.0,0.081,35397.0,0
B0139,structural_decline,31,10939.0,8741.0,2821.0,0.081,35397.0,0
B0139,structural_decline,32,10665.0,8762.0,2821.0,0.081,35397.0,0
B0139,structural_decline,33,10394.0,8492.0,2821.0,0.081,35397.0,0
B0139,structural_decline,34,10078.0,8543.0,2821.0,0.081,35397.0,0
B0140,temporary_stress,0,19904.0,12266.0,3708.0,0.186,90996.0,1
B0140,temporary_stress,1,19790.0,12515.0,3708.0,0.186,90996.0,1
B0140,temporary_stress,2,19825.0,11783.0,3708.0,0.186,90996.0,1
B0140,temporary_stress,3,19560.0,11980.0,3708.0,0.186,90996.0,1
B0140,temporary_stress,4,19081.0,12431.0,3708.0,0.186,90996.0,1
B0140,temporary_stress,5,18775.0,12543.0,3708.0,0.186,90996.0,1
B0140,temporary_stress,6,18874.0,12152.0,3708.0,0.186,90996.0,1
B0140,temporary_stress,7,19012.0,12525.0,3708.0,0.186,90996.0,1
B0140,temporary_stress,8,19285.0,12960.0,3708.0,0.186,90996.0,1
B0140,temporary_stress,9,19470.0,12475.0,3708.0,0.186,90996.0,1
B0140,temporary_stress,10,19518.0,12065.0,3708.0,0.186,90996.0,1
B0140,temporary_stress,11,19394.0,12146.0,3708.0,0.186,90996.0,1
B0140,temporary_stress,12,19731.0,12220.0,3708.0,0.186,90996.0,1
B0140,temporary_stress,13,19701.0,11922.0,3708.0,0.186,90996.0,1
B0140,temporary_stress,14,19642.0,12001.0,3708.0,0.186,90996.0,1
B0140,temporary_stress,15,20041.0,12156.0,3708.0,0.186,90996.0,1
B0140,temporary_stress,16,20236.0,12186.0,3708.0,0.186,90996.0,1
B0140,temporary_stress,17,20133.0,12492.0,3708.0,0.186,90996.0,1
B0140,temporary_stress,18,19591.0,12690.0,3708.0,0.186,90996.0,1
B0140,temporary_stress,19,19438.0,12868.0,3708.0,0.186,90996.0,1
B0140,temporary_stress,20,19639.0,13091.0,3708.0,0.186,90996.0,1
B0140,temporary_stress,21,19291.0,12823.0,3708.0,0.186,90996.0,1
B0140,temporary_stress,22,19366.0,12553.0,3708.0,0.186,90996.0,1
B0140,temporary_stress,23,10085.0,12458.0,3708.0,0.186,90996.0,0
B0140,temporary_stress,24,9899.0,12515.0,3708.0,0.186,90996.0,0
B0140,temporary_stress,25,9857.0,12566.0,3708.0,0.186,90996.0,0
B0140,temporary_stress,26,9947.0,13024.0,3708.0,0.186,90996.0,0
B0140,temporary_stress,27,10114.0,13281.0,3708.0,0.186,90996.0,0
B0140,temporary_stress,28,11031.0,12865.0,3708.0,0.186,90996.0,0
B0140,temporary_stress,29,12666.0,12899.0,3708.0,0.186,90996.0,0
B0140,temporary_stress,30,14519.0,12659.0,3708.0,0.186,90996.0,0
B0140,temporary_stress,31,16493.0,12429.0,3708.0,0.186,90996.0,1
B0140,temporary_stress,32,18329.0,12731.0,3708.0,0.186,90996.0,1
B0140,temporary_stress,33,19979.0,12578.0,3708.0,0.186,90996.0,1
B0140,temporary_stress,34,19861.0,12351.0,3708.0,0.186,90996.0,1
B0140,temporary_stress,35,19907.0,12169.0,3708.0,0.186,90996.0,1
B0140,temporary_stress,36,19646.0,12018.0,3708.0,0.186,90996.0,1
B0140,temporary_stress,37,19324.0,12322.0,3708.0,0.186,90996.0,1
B0140,temporary_stress,38,19211.0,12572.0,3708.0,0.186,90996.0,1
B0141,stable,0,13378.0,6846.0,2297.0,0.157,50368.0,1
B0141,stable,1,13348.0,7050.0,2297.0,0.157,50368.0,1
B0141,stable,2,13321.0,6862.0,2297.0,0.157,50368.0,1
B0141,stable,3,13159.0,6796.0,2297.0,0.157,50368.0,1
B0141,stable,4,13340.0,6863.0,2297.0,0.157,50368.0,1
B0141,stable,5,13489.0,7115.0,2297.0,0.157,50368.0,1
B0141,stable,6,13314.0,7093.0,2297.0,0.157,50368.0,1
B0141,stable,7,12965.0,6890.0,2297.0,0.157,50368.0,1
B0141,stable,8,13064.0,6656.0,2297.0,0.157,50368.0,1
B0141,stable,9,13004.0,6464.0,2297.0,0.157,50368.0,1
B0141,stable,10,12948.0,6714.0,2297.0,0.157,50368.0,1
B0141,stable,11,12890.0,6743.0,2297.0,0.157,50368.0,1
B0141,stable,12,12905.0,6916.0,2297.0,0.157,50368.0,1
B0141,stable,13,12967.0,7189.0,2297.0,0.157,50368.0,1
B0141,stable,14,12882.0,7177.0,2297.0,0.157,50368.0,1
B0141,stable,15,12793.0,6954.0,2297.0,0.157,50368.0,1
B0141,stable,16,13098.0,6961.0,2297.0,0.157,50368.0,1
B0141,stable,17,13091.0,6852.0,2297.0,0.157,50368.0,1
B0141,stable,18,12975.0,6755.0,2297.0,0.157,50368.0,1
B0141,stable,19,13366.0,6843.0,2297.0,0.157,50368.0,1
B0141,stable,20,13648.0,7055.0,2297.0,0.157,50368.0,1
B0141,stable,21,13559.0,6976.0,2297.0,0.157,50368.0,1
B0141,stable,22,13495.0,7048.0,2297.0,0.157,50368.0,1
B0141,stable,23,13559.0,7152.0,2297.0,0.157,50368.0,1
B0141,stable,24,13538.0,7248.0,2297.0,0.157,50368.0,1
B0141,stable,25,13572.0,7178.0,2297.0,0.157,50368.0,1
B0141,stable,26,13695.0,7016.0,2297.0,0.157,50368.0,1
B0141,stable,27,13508.0,7087.0,2297.0,0.157,50368.0,1
B0141,stable,28,13527.0,6780.0,2297.0,0.157,50368.0,1
B0141,stable,29,13074.0,6770.0,2297.0,0.157,50368.0,1
B0142,stable,0,10360.0,6262.0,1272.0,0.111,32620.0,1
B0142,stable,1,10276.0,6090.0,1272.0,0.111,32620.0,1
B0142,stable,2,10073.0,6115.0,1272.0,0.111,32620.0,1
B0142,stable,3,10063.0,6083.0,1272.0,0.111,32620.0,1
B0142,stable,4,10105.0,6184.0,1272.0,0.111,32620.0,1
B0142,stable,5,10155.0,6219.0,1272.0,0.111,32620.0,1
B0142,stable,6,10314.0,6169.0,1272.0,0.111,32620.0,1
B0142,stable,7,10431.0,6185.0,1272.0,0.111,32620.0,1
B0142,stable,8,10494.0,6171.0,1272.0,0.111,32620.0,1
B0142,stable,9,10484.0,6144.0,1272.0,0.111,32620.0,1
B0142,stable,10,10584.0,6109.0,1272.0,0.111,32620.0,1
B0142,stable,11,10516.0,6263.0,1272.0,0.111,32620.0,1
B0142,stable,12,10573.0,6422.0,1272.0,0.111,32620.0,1
B0142,stable,13,10727.0,6232.0,1272.0,0.111,32620.0,1
B0142,stable,14,10985.0,6129.0,1272.0,0.111,32620.0,1
B0142,stable,15,10968.0,6327.0,1272.0,0.111,32620.0,1
B0142,stable,16,10843.0,6184.0,1272.0,0.111,32620.0,1
B0142,stable,17,10863.0,6218.0,1272.0,0.111,32620.0,1
B0142,stable,18,10731.0,6101.0,1272.0,0.111,32620.0,1
B0142,stable,19,10470.0,6395.0,1272.0,0.111,32620.0,1
B0142,stable,20,10355.0,6701.0,1272.0,0.111,32620.0,1
B0142,stable,21,10365.0,6529.0,1272.0,0.111,32620.0,1
B0142,stable,22,10336.0,6454.0,1272.0,0.111,32620.0,1
B0142,stable,23,10540.0,6342.0,1272.0,0.111,32620.0,1
B0142,stable,24,10685.0,6297.0,1272.0,0.111,32620.0,1
B0142,stable,25,10492.0,6297.0,1272.0,0.111,32620.0,1
B0142,stable,26,10412.0,6422.0,1272.0,0.111,32620.0,1
B0142,stable,27,10485.0,6391.0,1272.0,0.111,32620.0,1
B0142,stable,28,10706.0,6235.0,1272.0,0.111,32620.0,1
B0142,stable,29,10657.0,6044.0,1272.0,0.111,32620.0,1
B0142,stable,30,10842.0,5960.0,1272.0,0.111,32620.0,1
B0142,stable,31,11100.0,6142.0,1272.0,0.111,32620.0,1
B0142,stable,32,11052.0,6152.0,1272.0,0.111,32620.0,1
B0142,stable,33,10986.0,5982.0,1272.0,0.111,32620.0,1
B0142,stable,34,11125.0,6048.0,1272.0,0.111,32620.0,1
B0142,stable,35,11146.0,5948.0,1272.0,0.111,32620.0,1
B0142,stable,36,11171.0,5826.0,1272.0,0.111,32620.0,1
B0143,temporary_stress,0,19001.0,13160.0,3839.0,0.104,90708.0,1
B0143,temporary_stress,1,19019.0,13237.0,3839.0,0.104,90708.0,1
B0143,temporary_stress,2,19144.0,13072.0,3839.0,0.104,90708.0,1
B0143,temporary_stress,3,18949.0,12666.0,3839.0,0.104,90708.0,1
B0143,temporary_stress,4,18857.0,12656.0,3839.0,0.104,90708.0,1
B0143,temporary_stress,5,18847.0,12930.0,3839.0,0.104,90708.0,1
B0143,temporary_stress,6,18701.0,12892.0,3839.0,0.104,90708.0,1
B0143,temporary_stress,7,18460.0,12527.0,3839.0,0.104,90708.0,1
B0143,temporary_stress,8,18370.0,12548.0,3839.0,0.104,90708.0,1
B0143,temporary_stress,9,18455.0,12834.0,3839.0,0.104,90708.0,1
B0143,temporary_stress,10,18483.0,12884.0,3839.0,0.104,90708.0,1
B0143,temporary_stress,11,18094.0,12718.0,3839.0,0.104,90708.0,1
B0143,temporary_stress,12,18302.0,12707.0,3839.0,0.104,90708.0,1
B0143,temporary_stress,13,18737.0,12979.0,3839.0,0.104,90708.0,1
B0143,temporary_stress,14,18819.0,12802.0,3839.0,0.104,90708.0,1
B0143,temporary_stress,15,18765.0,12211.0,3839.0,0.104,90708.0,1
B0143,temporary_stress,16,18942.0,12159.0,3839.0,0.104,90708.0,1
B0143,temporary_stress,17,18864.0,12335.0,3839.0,0.104,90708.0,1
B0143,temporary_stress,18,19126.0,12353.0,3839.0,0.104,90708.0,1
B0143,temporary_stress,19,8409.0,12403.0,3839.0,0.104,90708.0,0
B0143,temporary_stress,20,8207.0,12796.0,3839.0,0.104,90708.0,0
B0143,temporary_stress,21,8265.0,12747.0,3839.0,0.104,90708.0,0
B0143,temporary_stress,22,9295.0,12802.0,3839.0,0.104,90708.0,0
B0143,temporary_stress,23,12232.0,13024.0,3839.0,0.104,90708.0,0
B0143,temporary_stress,24,15410.0,13244.0,3839.0,0.104,90708.0,0
B0143,temporary_stress,25,18517.0,12753.0,3839.0,0.104,90708.0,1
B0143,temporary_stress,26,18437.0,12501.0,3839.0,0.104,90708.0,1
B0143,temporary_stress,27,18399.0,12513.0,3839.0,0.104,90708.0,1
B0143,temporary_stress,28,18332.0,12202.0,3839.0,0.104,90708.0,1
B0143,temporary_stress,29,18484.0,12093.0,3839.0,0.104,90708.0,1
B0143,temporary_stress,30,18800.0,12474.0,3839.0,0.104,90708.0,1
B0143,temporary_stress,31,19115.0,13065.0,3839.0,0.104,90708.0,1
B0143,temporary_stress,32,19232.0,13148.0,3839.0,0.104,90708.0,1
B0143,temporary_stress,33,19339.0,12770.0,3839.0,0.104,90708.0,1
B0143,temporary_stress,34,19306.0,12565.0,3839.0,0.104,90708.0,1
B0144,structural_decline,0,10000.0,7411.0,2028.0,0.204,42475.0,1
B0144,structural_decline,1,9972.0,7388.0,2028.0,0.204,42475.0,1
B0144,structural_decline,2,9979.0,7419.0,2028.0,0.204,42475.0,1
B0144,structural_decline,3,10112.0,7139.0,2028.0,0.204,42475.0,1
B0144,structural_decline,4,10124.0,7080.0,2028.0,0.204,42475.0,1
B0144,structural_decline,5,10119.0,7035.0,2028.0,0.204,42475.0,1
B0144,structural_decline,6,10089.0,7150.0,2028.0,0.204,42475.0,1
B0144,structural_decline,7,9885.0,7416.0,2028.0,0.204,42475.0,1
B0144,structural_decline,8,10019.0,7315.0,2028.0,0.204,42475.0,1
B0144,structural_decline,9,10116.0,7325.0,2028.0,0.204,42475.0,1
B0144,structural_decline,10,9858.0,7171.0,2028.0,0.204,42475.0,1
B0144,structural_decline,11,9665.0,7141.0,2028.0,0.204,42475.0,1
B0144,structural_decline,12,9677.0,6928.0,2028.0,0.204,42475.0,1
B0144,structural_decline,13,9581.0,6788.0,2028.0,0.204,42475.0,1
B0144,structural_decline,14,9485.0,6913.0,2028.0,0.204,42475.0,1
B0144,structural_decline,15,9483.0,7178.0,2028.0,0.204,42475.0,1
B0144,structural_decline,16,9064.0,6880.0,2028.0,0.204,42475.0,1
B0144,structural_decline,17,8851.0,6674.0,2028.0,0.204,42475.0,1
B0144,structural_decline,18,8866.0,6979.0,2028.0,0.204,42475.0,0
B0144,structural_decline,19,8902.0,7517.0,2028.0,0.204,42475.0,0
B0144,structural_decline,20,8605.0,7359.0,2028.0,0.204,42475.0,0
B0144,structural_decline,21,8462.0,7100.0,2028.0,0.204,42475.0,0
B0144,structural_decline,22,8418.0,7320.0,2028.0,0.204,42475.0,0
B0144,structural_decline,23,8420.0,7149.0,2028.0,0.204,42475.0,0
B0144,structural_decline,24,8233.0,6960.0,2028.0,0.204,42475.0,0
B0144,structural_decline,25,8188.0,6903.0,2028.0,0.204,42475.0,0
B0144,structural_decline,26,8172.0,7172.0,2028.0,0.204,42475.0,0
B0144,structural_decline,27,7895.0,7269.0,2028.0,0.204,42475.0,0
B0144,structural_decline,28,7648.0,7630.0,2028.0,0.204,42475.0,0
B0144,structural_decline,29,7712.0,7361.0,2028.0,0.204,42475.0,0
B0144,structural_decline,30,7792.0,7088.0,2028.0,0.204,42475.0,0
B0145,temporary_stress,0,15396.0,7722.0,2078.0,0.214,48622.0,1
B0145,temporary_stress,1,15153.0,8027.0,2078.0,0.214,48622.0,1
B0145,temporary_stress,2,15449.0,7939.0,2078.0,0.214,48622.0,1
B0145,temporary_stress,3,15407.0,7771.0,2078.0,0.214,48622.0,1
B0145,temporary_stress,4,15039.0,7671.0,2078.0,0.214,48622.0,1
B0145,temporary_stress,5,15257.0,7678.0,2078.0,0.214,48622.0,1
B0145,temporary_stress,6,15491.0,7654.0,2078.0,0.214,48622.0,1
B0145,temporary_stress,7,15727.0,7517.0,2078.0,0.214,48622.0,1
B0145,temporary_stress,8,15991.0,7615.0,2078.0,0.214,48622.0,1
B0145,temporary_stress,9,16016.0,7733.0,2078.0,0.214,48622.0,1
B0145,temporary_stress,10,15829.0,7659.0,2078.0,0.214,48622.0,1
B0145,temporary_stress,11,15844.0,7641.0,2078.0,0.214,48622.0,1
B0145,temporary_stress,12,15906.0,7603.0,2078.0,0.214,48622.0,1
B0145,temporary_stress,13,15980.0,7485.0,2078.0,0.214,48622.0,1
B0145,temporary_stress,14,16114.0,7633.0,2078.0,0.214,48622.0,1
B0145,temporary_stress,15,16103.0,7531.0,2078.0,0.214,48622.0,1
B0145,temporary_stress,16,8202.0,7648.0,2078.0,0.214,48622.0,0
B0145,temporary_stress,17,8037.0,7564.0,2078.0,0.214,48622.0,0
B0145,temporary_stress,18,7971.0,7485.0,2078.0,0.214,48622.0,0
B0145,temporary_stress,19,8106.0,7319.0,2078.0,0.214,48622.0,0
B0145,temporary_stress,20,9208.0,7375.0,2078.0,0.214,48622.0,0
B0145,temporary_stress,21,11492.0,7640.0,2078.0,0.214,48622.0,1
B0145,temporary_stress,22,13666.0,7494.0,2078.0,0.214,48622.0,1
B0145,temporary_stress,23,15499.0,7343.0,2078.0,0.214,48622.0,1
B0145,temporary_stress,24,15672.0,7407.0,2078.0,0.214,48622.0,1
B0145,temporary_stress,25,15909.0,7457.0,2078.0,0.214,48622.0,1
B0145,temporary_stress,26,15991.0,7546.0,2078.0,0.214,48622.0,1
B0145,temporary_stress,27,15976.0,7621.0,2078.0,0.214,48622.0,1
B0145,temporary_stress,28,15868.0,7639.0,2078.0,0.214,48622.0,1
B0145,temporary_stress,29,15570.0,7890.0,2078.0,0.214,48622.0,1
B0145,temporary_stress,30,15728.0,7779.0,2078.0,0.214,48622.0,1
B0145,temporary_stress,31,15687.0,7415.0,2078.0,0.214,48622.0,1
B0145,temporary_stress,32,15470.0,7397.0,2078.0,0.214,48622.0,1
B0146,stable,0,19313.0,13098.0,2995.0,0.201,94892.0,1
B0146,stable,1,19097.0,13114.0,2995.0,0.201,94892.0,1
B0146,stable,2,19405.0,13416.0,2995.0,0.201,94892.0,1
B0146,stable,3,19616.0,13286.0,2995.0,0.201,94892.0,1
B0146,stable,4,19190.0,12870.0,2995.0,0.201,94892.0,1
B0146,stable,5,19169.0,13104.0,2995.0,0.201,94892.0,1
B0146,stable,6,19577.0,13115.0,2995.0,0.201,94892.0,1
B0146,stable,7,19684.0,13190.0,2995.0,0.201,94892.0,1
B0146,stable,8,19776.0,13299.0,2995.0,0.201,94892.0,1
B0146,stable,9,19655.0,13633.0,2995.0,0.201,94892.0,1
B0146,stable,10,19938.0,13562.0,2995.0,0.201,94892.0,1
B0146,stable,11,20309.0,13281.0,2995.0,0.201,94892.0,1
B0146,stable,12,20439.0,13260.0,2995.0,0.201,94892.0,1
B0146,stable,13,20466.0,13888.0,2995.0,0.201,94892.0,1
B0146,stable,14,20410.0,13731.0,2995.0,0.201,94892.0,1
B0146,stable,15,20038.0,13424.0,2995.0,0.201,94892.0,1
B0146,stable,16,19604.0,13417.0,2995.0,0.201,94892.0,1
B0146,stable,17,19221.0,13566.0,2995.0,0.201,94892.0,1
B0146,stable,18,19389.0,13847.0,2995.0,0.201,94892.0,1
B0146,stable,19,19523.0,13900.0,2995.0,0.201,94892.0,1
B0146,stable,20,19434.0,13941.0,2995.0,0.201,94892.0,1
B0146,stable,21,19277.0,14091.0,2995.0,0.201,94892.0,1
B0146,stable,22,19064.0,13633.0,2995.0,0.201,94892.0,1
B0146,stable,23,18978.0,13276.0,2995.0,0.201,94892.0,1
B0146,stable,24,19496.0,13456.0,2995.0,0.201,94892.0,1
B0146,stable,25,19552.0,13495.0,2995.0,0.201,94892.0,1
B0146,stable,26,19430.0,13247.0,2995.0,0.201,94892.0,1
B0146,stable,27,19419.0,13129.0,2995.0,0.201,94892.0,1
B0146,stable,28,19644.0,13808.0,2995.0,0.201,94892.0,1
B0146,stable,29,19934.0,13871.0,2995.0,0.201,94892.0,1
B0146,stable,30,19800.0,13386.0,2995.0,0.201,94892.0,1
B0146,stable,31,19980.0,13601.0,2995.0,0.201,94892.0,1
B0147,structural_decline,0,16110.0,11087.0,2297.0,0.205,73285.0,1
B0147,structural_decline,1,16248.0,10905.0,2297.0,0.205,73285.0,1
B0147,structural_decline,2,16292.0,10944.0,2297.0,0.205,73285.0,1
B0147,structural_decline,3,16036.0,10988.0,2297.0,0.205,73285.0,1
B0147,structural_decline,4,16201.0,11307.0,2297.0,0.205,73285.0,1
B0147,structural_decline,5,16370.0,11158.0,2297.0,0.205,73285.0,1
B0147,structural_decline,6,16280.0,10857.0,2297.0,0.205,73285.0,1
B0147,structural_decline,7,16146.0,10901.0,2297.0,0.205,73285.0,1
B0147,structural_decline,8,15961.0,11066.0,2297.0,0.205,73285.0,1
B0147,structural_decline,9,16201.0,11246.0,2297.0,0.205,73285.0,1
B0147,structural_decline,10,15982.0,11602.0,2297.0,0.205,73285.0,1
B0147,structural_decline,11,15675.0,11307.0,2297.0,0.205,73285.0,1
B0147,structural_decline,12,15667.0,11374.0,2297.0,0.205,73285.0,1
B0147,structural_decline,13,15999.0,11852.0,2297.0,0.205,73285.0,1
B0147,structural_decline,14,15987.0,11810.0,2297.0,0.205,73285.0,1
B0147,structural_decline,15,15844.0,11720.0,2297.0,0.205,73285.0,1
B0147,structural_decline,16,15827.0,11579.0,2297.0,0.205,73285.0,1
B0147,structural_decline,17,15305.0,11180.0,2297.0,0.205,73285.0,1
B0147,structural_decline,18,14830.0,11014.0,2297.0,0.205,73285.0,1
B0147,structural_decline,19,14806.0,10809.0,2297.0,0.205,73285.0,1
B0147,structural_decline,20,15023.0,11242.0,2297.0,0.205,73285.0,1
B0147,structural_decline,21,14741.0,11319.0,2297.0,0.205,73285.0,1
B0147,structural_decline,22,14508.0,11083.0,2297.0,0.205,73285.0,1
B0147,structural_decline,23,14368.0,11204.0,2297.0,0.205,73285.0,1
B0147,structural_decline,24,14090.0,11298.0,2297.0,0.205,73285.0,1
B0147,structural_decline,25,13919.0,11137.0,2297.0,0.205,73285.0,1
B0147,structural_decline,26,13521.0,11092.0,2297.0,0.205,73285.0,1
B0147,structural_decline,27,13216.0,10767.0,2297.0,0.205,73285.0,1
B0147,structural_decline,28,13391.0,10786.0,2297.0,0.205,73285.0,1
B0147,structural_decline,29,13556.0,11064.0,2297.0,0.205,73285.0,1
B0147,structural_decline,30,13253.0,10883.0,2297.0,0.205,73285.0,1
B0147,structural_decline,31,12978.0,11234.0,2297.0,0.205,73285.0,0
B0147,structural_decline,32,12454.0,11396.0,2297.0,0.205,73285.0,0
B0147,structural_decline,33,12573.0,11425.0,2297.0,0.205,73285.0,0
B0147,structural_decline,34,12733.0,11313.0,2297.0,0.205,73285.0,0
B0147,structural_decline,35,12435.0,11576.0,2297.0,0.205,73285.0,0
B0147,structural_decline,36,11944.0,11815.0,2297.0,0.205,73285.0,0
B0147,structural_decline,37,11773.0,11823.0,2297.0,0.205,73285.0,0
B0147,structural_decline,38,11701.0,11615.0,2297.0,0.205,73285.0,0
B0147,structural_decline,39,11592.0,11172.0,2297.0,0.205,73285.0,0
B0147,structural_decline,40,11664.0,11032.0,2297.0,0.205,73285.0,0
B0148,structural_decline,0,12871.0,8140.0,1497.0,0.204,43613.0,1
B0148,structural_decline,1,13011.0,8370.0,1497.0,0.204,43613.0,1
B0148,structural_decline,2,13043.0,8324.0,1497.0,0.204,43613.0,1
B0148,structural_decline,3,12904.0,8148.0,1497.0,0.204,43613.0,1
B0148,structural_decline,4,12837.0,7923.0,1497.0,0.204,43613.0,1
B0148,structural_decline,5,12661.0,8083.0,1497.0,0.204,43613.0,1
B0148,structural_decline,6,12651.0,7888.0,1497.0,0.204,43613.0,1
B0148,structural_decline,7,12766.0,8079.0,1497.0,0.204,43613.0,1
B0148,structural_decline,8,12832.0,7815.0,1497.0,0.204,43613.0,1
B0148,structural_decline,9,12958.0,7679.0,1497.0,0.204,43613.0,1
B0148,structural_decline,10,13155.0,7525.0,1497.0,0.204,43613.0,1
B0148,structural_decline,11,13216.0,7671.0,1497.0,0.204,43613.0,1
B0148,structural_decline,12,12520.0,7608.0,1497.0,0.204,43613.0,1
B0148,structural_decline,13,12299.0,7808.0,1497.0,0.204,43613.0,1
B0148,structural_decline,14,12438.0,8022.0,1497.0,0.204,43613.0,1
B0148,structural_decline,15,12211.0,8315.0,1497.0,0.204,43613.0,1
B0148,structural_decline,16,12230.0,8347.0,1497.0,0.204,43613.0,1
B0148,structural_decline,17,12059.0,8116.0,1497.0,0.204,43613.0,1
B0148,structural_decline,18,11978.0,8057.0,1497.0,0.204,43613.0,1
B0148,structural_decline,19,11846.0,8112.0,1497.0,0.204,43613.0,1
B0148,structural_decline,20,11536.0,8286.0,1497.0,0.204,43613.0,1
B0148,structural_decline,21,11235.0,8188.0,1497.0,0.204,43613.0,1
B0148,structural_decline,22,11122.0,8073.0,1497.0,0.204,43613.0,1
B0148,structural_decline,23,10886.0,8268.0,1497.0,0.204,43613.0,1
B0148,structural_decline,24,10958.0,8211.0,1497.0,0.204,43613.0,1
B0148,structural_decline,25,9002.0,8019.0,1497.0,0.204,43613.0,0
B0148,structural_decline,26,8674.0,7985.0,1497.0,0.204,43613.0,0
B0148,structural_decline,27,8432.0,8071.0,1497.0,0.204,43613.0,0
B0148,structural_decline,28,8279.0,8017.0,1497.0,0.204,43613.0,0
B0148,structural_decline,29,10234.0,8019.0,1497.0,0.204,43613.0,1
B0148,structural_decline,30,10177.0,8186.0,1497.0,0.204,43613.0,1
B0148,structural_decline,31,10139.0,8249.0,1497.0,0.204,43613.0,1
B0149,structural_decline,0,13494.0,8539.0,1643.0,0.116,50599.0,1
B0149,structural_decline,1,13613.0,8752.0,1643.0,0.116,50599.0,1
B0149,structural_decline,2,13657.0,8585.0,1643.0,0.116,50599.0,1
B0149,structural_decline,3,13388.0,8685.0,1643.0,0.116,50599.0,1
B0149,structural_decline,4,13343.0,8918.0,1643.0,0.116,50599.0,1
B0149,structural_decline,5,13338.0,8874.0,1643.0,0.116,50599.0,1
B0149,structural_decline,6,13280.0,8800.0,1643.0,0.116,50599.0,1
B0149,structural_decline,7,13204.0,9100.0,1643.0,0.116,50599.0,1
B0149,structural_decline,8,13291.0,9020.0,1643.0,0.116,50599.0,1
B0149,structural_decline,9,13326.0,8639.0,1643.0,0.116,50599.0,1
B0149,structural_decline,10,13313.0,8819.0,1643.0,0.116,50599.0,1
B0149,structural_decline,11,13124.0,9299.0,1643.0,0.116,50599.0,1
B0149,structural_decline,12,13118.0,9075.0,1643.0,0.116,50599.0,1
B0149,structural_decline,13,12727.0,9182.0,1643.0,0.116,50599.0,1
B0149,structural_decline,14,12292.0,9233.0,1643.0,0.116,50599.0,1
B0149,structural_decline,15,12162.0,9254.0,1643.0,0.116,50599.0,1
B0149,structural_decline,16,11849.0,8998.0,1643.0,0.116,50599.0,1
B0149,structural_decline,17,11519.0,9071.0,1643.0,0.116,50599.0,1
B0149,structural_decline,18,11511.0,9046.0,1643.0,0.116,50599.0,1
B0149,structural_decline,19,11287.0,9101.0,1643.0,0.116,50599.0,1
B0149,structural_decline,20,10995.0,9195.0,1643.0,0.116,50599.0,1
B0149,structural_decline,21,10858.0,9125.0,1643.0,0.116,50599.0,1
B0149,structural_decline,22,10801.0,8894.0,1643.0,0.116,50599.0,1
B0149,structural_decline,23,10620.0,8788.0,1643.0,0.116,50599.0,1
B0149,structural_decline,24,10189.0,8692.0,1643.0,0.116,50599.0,0
B0149,structural_decline,25,10064.0,8930.0,1643.0,0.116,50599.0,0
B0149,structural_decline,26,9792.0,8991.0,1643.0,0.116,50599.0,0
B0149,structural_decline,27,9517.0,8850.0,1643.0,0.116,50599.0,0
B0149,structural_decline,28,9333.0,9004.0,1643.0,0.116,50599.0,0
B0149,structural_decline,29,9220.0,9130.0,1643.0,0.116,50599.0,0
B0149,structural_decline,30,8920.0,8771.0,1643.0,0.116,50599.0,0
B0149,structural_decline,31,8823.0,8922.0,1643.0,0.116,50599.0,0
B0149,structural_decline,32,8687.0,8812.0,1643.0,0.116,50599.0,0
B0149,structural_decline,33,8424.0,9073.0,1643.0,0.116,50599.0,0
B0149,structural_decline,34,8229.0,8928.0,1643.0,0.116,50599.0,0
B0149,structural_decline,35,8179.0,9057.0,1643.0,0.116,50599.0,0
B0149,structural_decline,36,7914.0,9247.0,1643.0,0.116,50599.0,0
B0149,structural_decline,37,7776.0,8981.0,1643.0,0.116,50599.0,0
B0149,structural_decline,38,7570.0,9119.0,1643.0,0.116,50599.0,0
B0149,structural_decline,39,7332.0,9023.0,1643.0,0.116,50599.0,0
B0150,temporary_stress,0,17619.0,11918.0,2010.0,0.244,66471.0,1
B0150,temporary_stress,1,17402.0,12063.0,2010.0,0.244,66471.0,1
B0150,temporary_stress,2,17246.0,12049.0,2010.0,0.244,66471.0,1
B0150,temporary_stress,3,17120.0,12067.0,2010.0,0.244,66471.0,1
B0150,temporary_stress,4,17245.0,12116.0,2010.0,0.244,66471.0,1
B0150,temporary_stress,5,17639.0,11760.0,2010.0,0.244,66471.0,1
B0150,temporary_stress,6,17636.0,11963.0,2010.0,0.244,66471.0,1
B0150,temporary_stress,7,17531.0,12268.0,2010.0,0.244,66471.0,1
B0150,temporary_stress,8,17892.0,12551.0,2010.0,0.244,66471.0,1
B0150,temporary_stress,9,17960.0,12513.0,2010.0,0.244,66471.0,1
B0150,temporary_stress,10,18175.0,12455.0,2010.0,0.244,66471.0,1
B0150,temporary_stress,11,18291.0,12624.0,2010.0,0.244,66471.0,1
B0150,temporary_stress,12,18375.0,12120.0,2010.0,0.244,66471.0,1
B0150,temporary_stress,13,18214.0,12186.0,2010.0,0.244,66471.0,1
B0150,temporary_stress,14,17833.0,12199.0,2010.0,0.244,66471.0,1
B0150,temporary_stress,15,9656.0,11830.0,2010.0,0.244,66471.0,0
B0150,temporary_stress,16,9660.0,11785.0,2010.0,0.244,66471.0,0
B0150,temporary_stress,17,9729.0,12070.0,2010.0,0.244,66471.0,0
B0150,temporary_stress,18,11993.0,12106.0,2010.0,0.244,66471.0,0
B0150,temporary_stress,19,13083.0,12264.0,2010.0,0.244,66471.0,0
B0150,temporary_stress,20,14279.0,11988.0,2010.0,0.244,66471.0,1
B0150,temporary_stress,21,15186.0,12018.0,2010.0,0.244,66471.0,1
B0150,temporary_stress,22,16254.0,12235.0,2010.0,0.244,66471.0,1
B0150,temporary_stress,23,17472.0,11845.0,2010.0,0.244,66471.0,1
B0150,temporary_stress,24,17803.0,12026.0,2010.0,0.244,66471.0,1
B0150,temporary_stress,25,17669.0,12292.0,2010.0,0.244,66471.0,1
B0150,temporary_stress,26,17769.0,12097.0,2010.0,0.244,66471.0,1
B0150,temporary_stress,27,18072.0,12029.0,2010.0,0.244,66471.0,1
B0150,temporary_stress,28,17715.0,12163.0,2010.0,0.244,66471.0,1
B0150,temporary_stress,29,17769.0,11773.0,2010.0,0.244,66471.0,1
B0150,temporary_stress,30,17844.0,11911.0,2010.0,0.244,66471.0,1
B0150,temporary_stress,31,17657.0,11987.0,2010.0,0.244,66471.0,1
B0150,temporary_stress,32,17591.0,12180.0,2010.0,0.244,66471.0,1
B0150,temporary_stress,33,17584.0,12146.0,2010.0,0.244,66471.0,1
B0150,temporary_stress,34,17275.0,12068.0,2010.0,0.244,66471.0,1
B0151,stable,0,11485.0,7983.0,2109.0,0.152,41043.0,1
B0151,stable,1,11378.0,7905.0,2109.0,0.152,41043.0,1
B0151,stable,2,11702.0,8163.0,2109.0,0.152,41043.0,1
B0151,stable,3,11920.0,8015.0,2109.0,0.152,41043.0,1
B0151,stable,4,11863.0,7950.0,2109.0,0.152,41043.0,1
B0151,stable,5,11951.0,8147.0,2109.0,0.152,41043.0,1
B0151,stable,6,11944.0,8414.0,2109.0,0.152,41043.0,1
B0151,stable,7,12020.0,8211.0,2109.0,0.152,41043.0,1
B0151,stable,8,12054.0,8112.0,2109.0,0.152,41043.0,1
B0151,stable,9,12008.0,8057.0,2109.0,0.152,41043.0,1
B0151,stable,10,11990.0,8099.0,2109.0,0.152,41043.0,1
B0151,stable,11,11742.0,8377.0,2109.0,0.152,41043.0,1
B0151,stable,12,11859.0,8293.0,2109.0,0.152,41043.0,1
B0151,stable,13,11964.0,8055.0,2109.0,0.152,41043.0,1
B0151,stable,14,11688.0,7952.0,2109.0,0.152,41043.0,1
B0151,stable,15,11595.0,8134.0,2109.0,0.152,41043.0,1
B0151,stable,16,11607.0,8106.0,2109.0,0.152,41043.0,1
B0151,stable,17,11584.0,7850.0,2109.0,0.152,41043.0,1
B0151,stable,18,11754.0,7794.0,2109.0,0.152,41043.0,1
B0151,stable,19,12175.0,7863.0,2109.0,0.152,41043.0,1
B0151,stable,20,12183.0,8167.0,2109.0,0.152,41043.0,1
B0151,stable,21,12408.0,8053.0,2109.0,0.152,41043.0,1
B0151,stable,22,12593.0,7821.0,2109.0,0.152,41043.0,1
B0151,stable,23,12577.0,7893.0,2109.0,0.152,41043.0,1
B0151,stable,24,12342.0,8021.0,2109.0,0.152,41043.0,1
B0151,stable,25,12456.0,7832.0,2109.0,0.152,41043.0,1
B0151,stable,26,12654.0,7796.0,2109.0,0.152,41043.0,1
B0151,stable,27,12659.0,7936.0,2109.0,0.152,41043.0,1
B0151,stable,28,12608.0,7963.0,2109.0,0.152,41043.0,1
B0151,stable,29,12455.0,7712.0,2109.0,0.152,41043.0,1
B0151,stable,30,12316.0,7633.0,2109.0,0.152,41043.0,1
B0151,stable,31,12381.0,7985.0,2109.0,0.152,41043.0,1
B0151,stable,32,12237.0,7989.0,2109.0,0.152,41043.0,1
B0151,stable,33,12048.0,7986.0,2109.0,0.152,41043.0,1
B0151,stable,34,12148.0,7907.0,2109.0,0.152,41043.0,1
B0151,stable,35,12233.0,7893.0,2109.0,0.152,41043.0,1
B0151,stable,36,12428.0,7996.0,2109.0,0.152,41043.0,1
B0151,stable,37,12213.0,8030.0,2109.0,0.152,41043.0,1
B0152,temporary_stress,0,13871.0,9171.0,2500.0,0.214,69391.0,1
B0152,temporary_stress,1,14220.0,8723.0,2500.0,0.214,69391.0,1
B0152,temporary_stress,2,14649.0,8702.0,2500.0,0.214,69391.0,1
B0152,temporary_stress,3,14555.0,8785.0,2500.0,0.214,69391.0,1
B0152,temporary_stress,4,14584.0,8564.0,2500.0,0.214,69391.0,1
B0152,temporary_stress,5,14674.0,8709.0,2500.0,0.214,69391.0,1
B0152,temporary_stress,6,14571.0,8823.0,2500.0,0.214,69391.0,1
B0152,temporary_stress,7,14911.0,8689.0,2500.0,0.214,69391.0,1
B0152,temporary_stress,8,14734.0,8816.0,2500.0,0.214,69391.0,1
B0152,temporary_stress,9,7332.0,8812.0,2500.0,0.214,69391.0,0
B0152,temporary_stress,10,7449.0,8830.0,2500.0,0.214,69391.0,0
B0152,temporary_stress,11,7490.0,8820.0,2500.0,0.214,69391.0,0
B0152,temporary_stress,12,7411.0,8417.0,2500.0,0.214,69391.0,0
B0152,temporary_stress,13,7255.0,8753.0,2500.0,0.214,69391.0,0
B0152,temporary_stress,14,8474.0,9166.0,2500.0,0.214,69391.0,0
B0152,temporary_stress,15,10055.0,9187.0,2500.0,0.214,69391.0,0
B0152,temporary_stress,16,11571.0,9085.0,2500.0,0.214,69391.0,0
B0152,temporary_stress,17,13161.0,9228.0,2500.0,0.214,69391.0,1
B0152,temporary_stress,18,14766.0,9226.0,2500.0,0.214,69391.0,1
B0152,temporary_stress,19,14845.0,8962.0,2500.0,0.214,69391.0,1
B0152,temporary_stress,20,14608.0,9122.0,2500.0,0.214,69391.0,1
B0152,temporary_stress,21,14848.0,9043.0,2500.0,0.214,69391.0,1
B0152,temporary_stress,22,14974.0,9019.0,2500.0,0.214,69391.0,1
B0152,temporary_stress,23,14813.0,8866.0,2500.0,0.214,69391.0,1
B0152,temporary_stress,24,14194.0,8835.0,2500.0,0.214,69391.0,1
B0152,temporary_stress,25,13987.0,8497.0,2500.0,0.214,69391.0,1
B0152,temporary_stress,26,14164.0,8548.0,2500.0,0.214,69391.0,1
B0152,temporary_stress,27,14313.0,8940.0,2500.0,0.214,69391.0,1
B0152,temporary_stress,28,14265.0,9253.0,2500.0,0.214,69391.0,1
B0152,temporary_stress,29,14426.0,9030.0,2500.0,0.214,69391.0,1
B0152,temporary_stress,30,14239.0,9022.0,2500.0,0.214,69391.0,1
B0152,temporary_stress,31,14405.0,8897.0,2500.0,0.214,69391.0,1
B0152,temporary_stress,32,14540.0,8768.0,2500.0,0.214,69391.0,1
B0153,stable,0,15321.0,11918.0,2087.0,0.23,70690.0,1
B0153,stable,1,15402.0,11961.0,2087.0,0.23,70690.0,1
B0153,stable,2,15429.0,11607.0,2087.0,0.23,70690.0,1
B0153,stable,3,15542.0,11578.0,2087.0,0.23,70690.0,1
B0153,stable,4,15742.0,11484.0,2087.0,0.23,70690.0,1
B0153,stable,5,16151.0,11211.0,2087.0,0.23,70690.0,1
B0153,stable,6,16212.0,11228.0,2087.0,0.23,70690.0,1
B0153,stable,7,16078.0,11503.0,2087.0,0.23,70690.0,1
B0153,stable,8,16329.0,11643.0,2087.0,0.23,70690.0,1
B0153,stable,9,16183.0,11470.0,2087.0,0.23,70690.0,1
B0153,stable,10,15954.0,11586.0,2087.0,0.23,70690.0,1
B0153,stable,11,15764.0,11788.0,2087.0,0.23,70690.0,1
B0153,stable,12,15926.0,11898.0,2087.0,0.23,70690.0,1
B0153,stable,13,15978.0,11857.0,2087.0,0.23,70690.0,1
B0153,stable,14,15763.0,11876.0,2087.0,0.23,70690.0,1
B0153,stable,15,15411.0,11809.0,2087.0,0.23,70690.0,1
B0153,stable,16,15716.0,11693.0,2087.0,0.23,70690.0,1
B0153,stable,17,15907.0,11538.0,2087.0,0.23,70690.0,1
B0153,stable,18,15764.0,11463.0,2087.0,0.23,70690.0,1
B0153,stable,19,15802.0,11794.0,2087.0,0.23,70690.0,1
B0153,stable,20,15603.0,11641.0,2087.0,0.23,70690.0,1
B0153,stable,21,15810.0,11558.0,2087.0,0.23,70690.0,1
B0153,stable,22,16195.0,11849.0,2087.0,0.23,70690.0,1
B0153,stable,23,16513.0,12075.0,2087.0,0.23,70690.0,1
B0153,stable,24,16377.0,12382.0,2087.0,0.23,70690.0,1
B0153,stable,25,16195.0,12116.0,2087.0,0.23,70690.0,1
B0153,stable,26,16183.0,12226.0,2087.0,0.23,70690.0,1
B0153,stable,27,16416.0,12168.0,2087.0,0.23,70690.0,1
B0153,stable,28,16691.0,11884.0,2087.0,0.23,70690.0,1
B0153,stable,29,16717.0,11986.0,2087.0,0.23,70690.0,1
B0153,stable,30,16369.0,11683.0,2087.0,0.23,70690.0,1
B0153,stable,31,16266.0,11622.0,2087.0,0.23,70690.0,1
B0153,stable,32,16720.0,11592.0,2087.0,0.23,70690.0,1
B0154,stable,0,11065.0,7905.0,2137.0,0.184,29831.0,1
B0154,stable,1,11050.0,7852.0,2137.0,0.184,29831.0,1
B0154,stable,2,10964.0,7830.0,2137.0,0.184,29831.0,1
B0154,stable,3,10843.0,8023.0,2137.0,0.184,29831.0,1
B0154,stable,4,10822.0,7719.0,2137.0,0.184,29831.0,1
B0154,stable,5,10613.0,7661.0,2137.0,0.184,29831.0,1
B0154,stable,6,10534.0,7683.0,2137.0,0.184,29831.0,1
B0154,stable,7,10594.0,8143.0,2137.0,0.184,29831.0,1
B0154,stable,8,10736.0,8402.0,2137.0,0.184,29831.0,1
B0154,stable,9,10590.0,8236.0,2137.0,0.184,29831.0,1
B0154,stable,10,10476.0,8112.0,2137.0,0.184,29831.0,1
B0154,stable,11,10370.0,7982.0,2137.0,0.184,29831.0,1
B0154,stable,12,10451.0,8285.0,2137.0,0.184,29831.0,1
B0154,stable,13,10493.0,8164.0,2137.0,0.184,29831.0,1
B0154,stable,14,10565.0,8274.0,2137.0,0.184,29831.0,1
B0154,stable,15,10796.0,8316.0,2137.0,0.184,29831.0,1
B0154,stable,16,10829.0,7765.0,2137.0,0.184,29831.0,1
B0154,stable,17,11010.0,7735.0,2137.0,0.184,29831.0,1
B0154,stable,18,10968.0,8164.0,2137.0,0.184,29831.0,1
B0154,stable,19,10744.0,7966.0,2137.0,0.184,29831.0,1
B0154,stable,20,10741.0,7828.0,2137.0,0.184,29831.0,1
B0154,stable,21,10832.0,7761.0,2137.0,0.184,29831.0,1
B0154,stable,22,10825.0,7836.0,2137.0,0.184,29831.0,1
B0154,stable,23,10769.0,7752.0,2137.0,0.184,29831.0,1
B0154,stable,24,10714.0,7996.0,2137.0,0.184,29831.0,1
B0154,stable,25,10739.0,7938.0,2137.0,0.184,29831.0,1
B0154,stable,26,10531.0,7808.0,2137.0,0.184,29831.0,1
B0154,stable,27,10460.0,7884.0,2137.0,0.184,29831.0,1
B0154,stable,28,10636.0,7983.0,2137.0,0.184,29831.0,1
B0154,stable,29,10685.0,8102.0,2137.0,0.184,29831.0,1
B0154,stable,30,10554.0,8011.0,2137.0,0.184,29831.0,1
B0154,stable,31,10511.0,8102.0,2137.0,0.184,29831.0,1
B0154,stable,32,10593.0,8199.0,2137.0,0.184,29831.0,1
B0154,stable,33,10530.0,8180.0,2137.0,0.184,29831.0,1
B0154,stable,34,10404.0,8051.0,2137.0,0.184,29831.0,1
B0155,structural_decline,0,19551.0,10511.0,3691.0,0.184,78728.0,1
B0155,structural_decline,1,19294.0,10768.0,3691.0,0.184,78728.0,1
B0155,structural_decline,2,19004.0,10611.0,3691.0,0.184,78728.0,1
B0155,structural_decline,3,18987.0,10818.0,3691.0,0.184,78728.0,1
B0155,structural_decline,4,18987.0,10745.0,3691.0,0.184,78728.0,1
B0155,structural_decline,5,19286.0,10522.0,3691.0,0.184,78728.0,1
B0155,structural_decline,6,19448.0,10543.0,3691.0,0.184,78728.0,1
B0155,structural_decline,7,19365.0,10526.0,3691.0,0.184,78728.0,1
B0155,structural_decline,8,19130.0,10792.0,3691.0,0.184,78728.0,1
B0155,structural_decline,9,19319.0,10465.0,3691.0,0.184,78728.0,1
B0155,structural_decline,10,19473.0,10539.0,3691.0,0.184,78728.0,1
B0155,structural_decline,11,19187.0,10512.0,3691.0,0.184,78728.0,1
B0155,structural_decline,12,19396.0,10406.0,3691.0,0.184,78728.0,1
B0155,structural_decline,13,19442.0,10252.0,3691.0,0.184,78728.0,1
B0155,structural_decline,14,19309.0,10426.0,3691.0,0.184,78728.0,1
B0155,structural_decline,15,19528.0,10572.0,3691.0,0.184,78728.0,1
B0155,structural_decline,16,19514.0,10851.0,3691.0,0.184,78728.0,1
B0155,structural_decline,17,18971.0,10972.0,3691.0,0.184,78728.0,1
B0155,structural_decline,18,19144.0,10693.0,3691.0,0.184,78728.0,1
B0155,structural_decline,19,19605.0,10319.0,3691.0,0.184,78728.0,1
B0155,structural_decline,20,19615.0,10295.0,3691.0,0.184,78728.0,1
B0155,structural_decline,21,19194.0,10468.0,3691.0,0.184,78728.0,1
B0155,structural_decline,22,19023.0,10869.0,3691.0,0.184,78728.0,1
B0155,structural_decline,23,18733.0,10935.0,3691.0,0.184,78728.0,1
B0155,structural_decline,24,18472.0,10758.0,3691.0,0.184,78728.0,1
B0155,structural_decline,25,18119.0,10834.0,3691.0,0.184,78728.0,1
B0155,structural_decline,26,17797.0,10805.0,3691.0,0.184,78728.0,1
B0155,structural_decline,27,17509.0,10865.0,3691.0,0.184,78728.0,1
B0155,structural_decline,28,17242.0,10916.0,3691.0,0.184,78728.0,1
B0155,structural_decline,29,14340.0,11023.0,3691.0,0.184,78728.0,0
B0155,structural_decline,30,13899.0,10926.0,3691.0,0.184,78728.0,0
B0155,structural_decline,31,16103.0,10747.0,3691.0,0.184,78728.0,1
B0155,structural_decline,32,16008.0,10398.0,3691.0,0.184,78728.0,1
B0155,structural_decline,33,15884.0,10423.0,3691.0,0.184,78728.0,1
B0155,structural_decline,34,15360.0,10472.0,3691.0,0.184,78728.0,1
B0155,structural_decline,35,15125.0,10327.0,3691.0,0.184,78728.0,1
B0155,structural_decline,36,14848.0,10785.0,3691.0,0.184,78728.0,1
B0155,structural_decline,37,14475.0,11238.0,3691.0,0.184,78728.0,0
B0155,structural_decline,38,13925.0,10815.0,3691.0,0.184,78728.0,0
B0156,stable,0,15186.0,8502.0,3678.0,0.23,39146.0,1
B0156,stable,1,15210.0,8743.0,3678.0,0.23,39146.0,1
B0156,stable,2,15396.0,8602.0,3678.0,0.23,39146.0,1
B0156,stable,3,15831.0,8228.0,3678.0,0.23,39146.0,1
B0156,stable,4,15868.0,8094.0,3678.0,0.23,39146.0,1
B0156,stable,5,15908.0,8031.0,3678.0,0.23,39146.0,1
B0156,stable,6,16035.0,7871.0,3678.0,0.23,39146.0,1
B0156,stable,7,16388.0,7838.0,3678.0,0.23,39146.0,1
B0156,stable,8,16349.0,8066.0,3678.0,0.23,39146.0,1
B0156,stable,9,16238.0,8291.0,3678.0,0.23,39146.0,1
B0156,stable,10,16539.0,8316.0,3678.0,0.23,39146.0,1
B0156,stable,11,16206.0,7963.0,3678.0,0.23,39146.0,1
B0156,stable,12,16009.0,7823.0,3678.0,0.23,39146.0,1
B0156,stable,13,16219.0,7902.0,3678.0,0.23,39146.0,1
B0156,stable,14,16254.0,8174.0,3678.0,0.23,39146.0,1
B0156,stable,15,16191.0,8189.0,3678.0,0.23,39146.0,1
B0156,stable,16,16085.0,7972.0,3678.0,0.23,39146.0,1
B0156,stable,17,16130.0,8316.0,3678.0,0.23,39146.0,1
B0156,stable,18,16232.0,8337.0,3678.0,0.23,39146.0,1
B0156,stable,19,16442.0,8251.0,3678.0,0.23,39146.0,1
B0156,stable,20,16383.0,8434.0,3678.0,0.23,39146.0,1
B0156,stable,21,15870.0,8472.0,3678.0,0.23,39146.0,1
B0156,stable,22,16026.0,8670.0,3678.0,0.23,39146.0,1
B0156,stable,23,16570.0,8545.0,3678.0,0.23,39146.0,1
B0156,stable,24,16624.0,8374.0,3678.0,0.23,39146.0,1
B0156,stable,25,16958.0,8470.0,3678.0,0.23,39146.0,1
B0156,stable,26,17000.0,8471.0,3678.0,0.23,39146.0,1
B0156,stable,27,17027.0,8276.0,3678.0,0.23,39146.0,1
B0156,stable,28,17144.0,8137.0,3678.0,0.23,39146.0,1
B0156,stable,29,17321.0,8298.0,3678.0,0.23,39146.0,1
B0156,stable,30,17353.0,8322.0,3678.0,0.23,39146.0,1
B0156,stable,31,17276.0,8219.0,3678.0,0.23,39146.0,1
B0156,stable,32,17331.0,8349.0,3678.0,0.23,39146.0,1
B0156,stable,33,17038.0,7974.0,3678.0,0.23,39146.0,1
B0157,temporary_stress,0,10321.0,5133.0,2004.0,0.163,50568.0,1
B0157,temporary_stress,1,10455.0,5387.0,2004.0,0.163,50568.0,1
B0157,temporary_stress,2,10442.0,5366.0,2004.0,0.163,50568.0,1
B0157,temporary_stress,3,10089.0,5323.0,2004.0,0.163,50568.0,1
B0157,temporary_stress,4,10186.0,5213.0,2004.0,0.163,50568.0,1
B0157,temporary_stress,5,10340.0,5207.0,2004.0,0.163,50568.0,1
B0157,temporary_stress,6,10405.0,5468.0,2004.0,0.163,50568.0,1
B0157,temporary_stress,7,10487.0,5698.0,2004.0,0.163,50568.0,1
B0157,temporary_stress,8,10581.0,5616.0,2004.0,0.163,50568.0,1
B0157,temporary_stress,9,10517.0,5573.0,2004.0,0.163,50568.0,1
B0157,temporary_stress,10,10568.0,5463.0,2004.0,0.163,50568.0,1
B0157,temporary_stress,11,5859.0,5545.0,2004.0,0.163,50568.0,0
B0157,temporary_stress,12,5856.0,5505.0,2004.0,0.163,50568.0,0
B0157,temporary_stress,13,5917.0,5583.0,2004.0,0.163,50568.0,0
B0157,temporary_stress,14,5909.0,5567.0,2004.0,0.163,50568.0,0
B0157,temporary_stress,15,5813.0,5537.0,2004.0,0.163,50568.0,0
B0157,temporary_stress,16,5786.0,5646.0,2004.0,0.163,50568.0,0
B0157,temporary_stress,17,6966.0,5577.0,2004.0,0.163,50568.0,0
B0157,temporary_stress,18,7583.0,5478.0,2004.0,0.163,50568.0,1
B0157,temporary_stress,19,8305.0,5637.0,2004.0,0.163,50568.0,1
B0157,temporary_stress,20,9093.0,5612.0,2004.0,0.163,50568.0,1
B0157,temporary_stress,21,9635.0,5561.0,2004.0,0.163,50568.0,1
B0157,temporary_stress,22,10330.0,5471.0,2004.0,0.163,50568.0,1
B0157,temporary_stress,23,10591.0,5258.0,2004.0,0.163,50568.0,1
B0157,temporary_stress,24,10727.0,5415.0,2004.0,0.163,50568.0,1
B0157,temporary_stress,25,10707.0,5410.0,2004.0,0.163,50568.0,1
B0157,temporary_stress,26,10664.0,5510.0,2004.0,0.163,50568.0,1
B0157,temporary_stress,27,10705.0,5516.0,2004.0,0.163,50568.0,1
B0157,temporary_stress,28,10764.0,5570.0,2004.0,0.163,50568.0,1
B0157,temporary_stress,29,10762.0,5419.0,2004.0,0.163,50568.0,1
B0158,temporary_stress,0,17179.0,9824.0,2535.0,0.182,70965.0,1
B0158,temporary_stress,1,17451.0,9687.0,2535.0,0.182,70965.0,1
B0158,temporary_stress,2,17554.0,9815.0,2535.0,0.182,70965.0,1
B0158,temporary_stress,3,17399.0,9835.0,2535.0,0.182,70965.0,1
B0158,temporary_stress,4,17472.0,9626.0,2535.0,0.182,70965.0,1
B0158,temporary_stress,5,17521.0,9543.0,2535.0,0.182,70965.0,1
B0158,temporary_stress,6,17536.0,9225.0,2535.0,0.182,70965.0,1
B0158,temporary_stress,7,17439.0,9619.0,2535.0,0.182,70965.0,1
B0158,temporary_stress,8,17187.0,9560.0,2535.0,0.182,70965.0,1
B0158,temporary_stress,9,17025.0,9299.0,2535.0,0.182,70965.0,1
B0158,temporary_stress,10,16680.0,9214.0,2535.0,0.182,70965.0,1
B0158,temporary_stress,11,16645.0,9253.0,2535.0,0.182,70965.0,1
B0158,temporary_stress,12,16724.0,9300.0,2535.0,0.182,70965.0,1
B0158,temporary_stress,13,16560.0,9852.0,2535.0,0.182,70965.0,1
B0158,temporary_stress,14,16607.0,9769.0,2535.0,0.182,70965.0,1
B0158,temporary_stress,15,16949.0,9360.0,2535.0,0.182,70965.0,1
B0158,temporary_stress,16,17232.0,9441.0,2535.0,0.182,70965.0,1
B0158,temporary_stress,17,17319.0,9972.0,2535.0,0.182,70965.0,1
B0158,temporary_stress,18,17667.0,10315.0,2535.0,0.182,70965.0,1
B0158,temporary_stress,19,17560.0,10114.0,2535.0,0.182,70965.0,1
B0158,temporary_stress,20,17174.0,9994.0,2535.0,0.182,70965.0,1
B0158,temporary_stress,21,17203.0,10193.0,2535.0,0.182,70965.0,1
B0158,temporary_stress,22,17157.0,9945.0,2535.0,0.182,70965.0,1
B0158,temporary_stress,23,16927.0,9736.0,2535.0,0.182,70965.0,1
B0158,temporary_stress,24,16989.0,9707.0,2535.0,0.182,70965.0,1
B0158,temporary_stress,25,9577.0,9807.0,2535.0,0.182,70965.0,0
B0158,temporary_stress,26,9507.0,9762.0,2535.0,0.182,70965.0,0
B0158,temporary_stress,27,9548.0,10006.0,2535.0,0.182,70965.0,0
B0158,temporary_stress,28,9499.0,10035.0,2535.0,0.182,70965.0,0
B0158,temporary_stress,29,11642.0,9996.0,2535.0,0.182,70965.0,0
B0158,temporary_stress,30,12633.0,9963.0,2535.0,0.182,70965.0,1
B0158,temporary_stress,31,13395.0,9570.0,2535.0,0.182,70965.0,1
B0158,temporary_stress,32,14241.0,9322.0,2535.0,0.182,70965.0,1
B0158,temporary_stress,33,15534.0,9232.0,2535.0,0.182,70965.0,1
B0158,temporary_stress,34,16695.0,9272.0,2535.0,0.182,70965.0,1
B0158,temporary_stress,35,17151.0,9559.0,2535.0,0.182,70965.0,1
B0158,temporary_stress,36,17228.0,10119.0,2535.0,0.182,70965.0,1
B0158,temporary_stress,37,17299.0,10113.0,2535.0,0.182,70965.0,1
B0158,temporary_stress,38,17314.0,9260.0,2535.0,0.182,70965.0,1
B0158,temporary_stress,39,17337.0,9241.0,2535.0,0.182,70965.0,1
B0158,temporary_stress,40,17163.0,9469.0,2535.0,0.182,70965.0,1
B0158,temporary_stress,41,17172.0,9391.0,2535.0,0.182,70965.0,1
B0159,stable,0,14691.0,10485.0,2948.0,0.276,43007.0,1
B0159,stable,1,14521.0,11129.0,2948.0,0.276,43007.0,1
B0159,stable,2,14454.0,11131.0,2948.0,0.276,43007.0,1
B0159,stable,3,14752.0,11276.0,2948.0,0.276,43007.0,1
B0159,stable,4,14666.0,11114.0,2948.0,0.276,43007.0,1
B0159,stable,5,14669.0,11035.0,2948.0,0.276,43007.0,1
B0159,stable,6,14709.0,11108.0,2948.0,0.276,43007.0,1
B0159,stable,7,14689.0,11034.0,2948.0,0.276,43007.0,1
B0159,stable,8,14764.0,11195.0,2948.0,0.276,43007.0,1
B0159,stable,9,14834.0,11305.0,2948.0,0.276,43007.0,1
B0159,stable,10,15173.0,11094.0,2948.0,0.276,43007.0,1
B0159,stable,11,15451.0,10666.0,2948.0,0.276,43007.0,1
B0159,stable,12,15244.0,10572.0,2948.0,0.276,43007.0,1
B0159,stable,13,15538.0,10521.0,2948.0,0.276,43007.0,1
B0159,stable,14,15705.0,10831.0,2948.0,0.276,43007.0,1
B0159,stable,15,15584.0,10755.0,2948.0,0.276,43007.0,1
B0159,stable,16,15727.0,10876.0,2948.0,0.276,43007.0,1
B0159,stable,17,15609.0,10623.0,2948.0,0.276,43007.0,1
B0159,stable,18,15433.0,10426.0,2948.0,0.276,43007.0,1
B0159,stable,19,15361.0,10371.0,2948.0,0.276,43007.0,1
B0159,stable,20,15301.0,10665.0,2948.0,0.276,43007.0,1
B0159,stable,21,15166.0,11489.0,2948.0,0.276,43007.0,1
B0159,stable,22,15163.0,11327.0,2948.0,0.276,43007.0,1
B0159,stable,23,15190.0,11065.0,2948.0,0.276,43007.0,1
B0159,stable,24,15271.0,11292.0,2948.0,0.276,43007.0,1
B0159,stable,25,15222.0,11438.0,2948.0,0.276,43007.0,1
B0159,stable,26,15200.0,11331.0,2948.0,0.276,43007.0,1
B0159,stable,27,15273.0,11303.0,2948.0,0.276,43007.0,1
B0159,stable,28,15742.0,11066.0,2948.0,0.276,43007.0,1
B0159,stable,29,16091.0,10826.0,2948.0,0.276,43007.0,1
B0159,stable,30,16320.0,10987.0,2948.0,0.276,43007.0,1
B0159,stable,31,16252.0,11126.0,2948.0,0.276,43007.0,1
B0159,stable,32,16239.0,10979.0,2948.0,0.276,43007.0,1
B0159,stable,33,16252.0,10648.0,2948.0,0.276,43007.0,1
B0159,stable,34,16367.0,10974.0,2948.0,0.276,43007.0,1
B0159,stable,35,16523.0,11518.0,2948.0,0.276,43007.0,1
B0160,stable,0,14302.0,9683.0,2375.0,0.26,65917.0,1
B0160,stable,1,13876.0,9269.0,2375.0,0.26,65917.0,1
B0160,stable,2,13851.0,9276.0,2375.0,0.26,65917.0,1
B0160,stable,3,14151.0,9804.0,2375.0,0.26,65917.0,1
B0160,stable,4,13933.0,10016.0,2375.0,0.26,65917.0,1
B0160,stable,5,13784.0,9961.0,2375.0,0.26,65917.0,1
B0160,stable,6,13770.0,10005.0,2375.0,0.26,65917.0,1
B0160,stable,7,13889.0,9979.0,2375.0,0.26,65917.0,1
B0160,stable,8,14261.0,9773.0,2375.0,0.26,65917.0,1
B0160,stable,9,14324.0,10049.0,2375.0,0.26,65917.0,1
B0160,stable,10,14148.0,10234.0,2375.0,0.26,65917.0,1
B0160,stable,11,14192.0,10105.0,2375.0,0.26,65917.0,1
B0160,stable,12,14267.0,10252.0,2375.0,0.26,65917.0,1
B0160,stable,13,14419.0,10090.0,2375.0,0.26,65917.0,1
B0160,stable,14,14595.0,9994.0,2375.0,0.26,65917.0,1
B0160,stable,15,14774.0,9736.0,2375.0,0.26,65917.0,1
B0160,stable,16,15051.0,9379.0,2375.0,0.26,65917.0,1
B0160,stable,17,14967.0,9671.0,2375.0,0.26,65917.0,1
B0160,stable,18,14447.0,9687.0,2375.0,0.26,65917.0,1
B0160,stable,19,14302.0,9875.0,2375.0,0.26,65917.0,1
B0160,stable,20,14105.0,9834.0,2375.0,0.26,65917.0,1
B0160,stable,21,14032.0,9692.0,2375.0,0.26,65917.0,1
B0160,stable,22,14163.0,9617.0,2375.0,0.26,65917.0,1
B0160,stable,23,14267.0,9748.0,2375.0,0.26,65917.0,1
B0160,stable,24,14138.0,10016.0,2375.0,0.26,65917.0,1
B0160,stable,25,13862.0,9877.0,2375.0,0.26,65917.0,1
B0160,stable,26,13686.0,9816.0,2375.0,0.26,65917.0,1
B0160,stable,27,13791.0,9812.0,2375.0,0.26,65917.0,1
B0160,stable,28,14107.0,9694.0,2375.0,0.26,65917.0,1
B0160,stable,29,14085.0,9481.0,2375.0,0.26,65917.0,1
B0160,stable,30,14071.0,9662.0,2375.0,0.26,65917.0,1
B0160,stable,31,14409.0,10119.0,2375.0,0.26,65917.0,1
B0160,stable,32,14393.0,9756.0,2375.0,0.26,65917.0,1
B0160,stable,33,14400.0,9666.0,2375.0,0.26,65917.0,1
B0160,stable,34,14805.0,9889.0,2375.0,0.26,65917.0,1
B0160,stable,35,14770.0,9801.0,2375.0,0.26,65917.0,1
B0160,stable,36,14804.0,9991.0,2375.0,0.26,65917.0,1
B0160,stable,37,14794.0,10172.0,2375.0,0.26,65917.0,1
B0161,stable,0,13743.0,8908.0,1810.0,0.286,68980.0,1
B0161,stable,1,13748.0,9015.0,1810.0,0.286,68980.0,1
B0161,stable,2,13498.0,9045.0,1810.0,0.286,68980.0,1
B0161,stable,3,13785.0,9250.0,1810.0,0.286,68980.0,1
B0161,stable,4,13757.0,9468.0,1810.0,0.286,68980.0,1
B0161,stable,5,13785.0,9242.0,1810.0,0.286,68980.0,1
B0161,stable,6,13965.0,9201.0,1810.0,0.286,68980.0,1
B0161,stable,7,13963.0,8808.0,1810.0,0.286,68980.0,1
B0161,stable,8,13657.0,8977.0,1810.0,0.286,68980.0,1
B0161,stable,9,13301.0,9141.0,1810.0,0.286,68980.0,1
B0161,stable,10,13479.0,9235.0,1810.0,0.286,68980.0,1
B0161,stable,11,13417.0,9278.0,1810.0,0.286,68980.0,1
B0161,stable,12,13317.0,9395.0,1810.0,0.286,68980.0,1
B0161,stable,13,13402.0,9340.0,1810.0,0.286,68980.0,1
B0161,stable,14,13538.0,9190.0,1810.0,0.286,68980.0,1
B0161,stable,15,13442.0,9064.0,1810.0,0.286,68980.0,1
B0161,stable,16,13171.0,9172.0,1810.0,0.286,68980.0,1
B0161,stable,17,13150.0,9224.0,1810.0,0.286,68980.0,1
B0161,stable,18,13135.0,9134.0,1810.0,0.286,68980.0,1
B0161,stable,19,13284.0,9079.0,1810.0,0.286,68980.0,1
B0161,stable,20,13477.0,9067.0,1810.0,0.286,68980.0,1
B0161,stable,21,13758.0,8965.0,1810.0,0.286,68980.0,1
B0161,stable,22,13832.0,8840.0,1810.0,0.286,68980.0,1
B0161,stable,23,13754.0,8650.0,1810.0,0.286,68980.0,1
B0161,stable,24,13692.0,8549.0,1810.0,0.286,68980.0,1
B0161,stable,25,13589.0,8752.0,1810.0,0.286,68980.0,1
B0161,stable,26,13512.0,9133.0,1810.0,0.286,68980.0,1
B0161,stable,27,13746.0,8925.0,1810.0,0.286,68980.0,1
B0161,stable,28,13859.0,8815.0,1810.0,0.286,68980.0,1
B0161,stable,29,13600.0,9025.0,1810.0,0.286,68980.0,1
B0162,structural_decline,0,19097.0,9874.0,2342.0,0.087,85028.0,1
B0162,structural_decline,1,19102.0,9674.0,2342.0,0.087,85028.0,1
B0162,structural_decline,2,19303.0,9655.0,2342.0,0.087,85028.0,1
B0162,structural_decline,3,19444.0,9866.0,2342.0,0.087,85028.0,1
B0162,structural_decline,4,19559.0,9694.0,2342.0,0.087,85028.0,1
B0162,structural_decline,5,19038.0,9570.0,2342.0,0.087,85028.0,1
B0162,structural_decline,6,18828.0,9453.0,2342.0,0.087,85028.0,1
B0162,structural_decline,7,19003.0,9528.0,2342.0,0.087,85028.0,1
B0162,structural_decline,8,19054.0,9822.0,2342.0,0.087,85028.0,1
B0162,structural_decline,9,19481.0,9839.0,2342.0,0.087,85028.0,1
B0162,structural_decline,10,19408.0,9766.0,2342.0,0.087,85028.0,1
B0162,structural_decline,11,19331.0,9928.0,2342.0,0.087,85028.0,1
B0162,structural_decline,12,19247.0,10132.0,2342.0,0.087,85028.0,1
B0162,structural_decline,13,19097.0,10144.0,2342.0,0.087,85028.0,1
B0162,structural_decline,14,19072.0,10298.0,2342.0,0.087,85028.0,1
B0162,structural_decline,15,19070.0,10254.0,2342.0,0.087,85028.0,1
B0162,structural_decline,16,19230.0,9872.0,2342.0,0.087,85028.0,1
B0162,structural_decline,17,18489.0,9906.0,2342.0,0.087,85028.0,1
B0162,structural_decline,18,17897.0,10174.0,2342.0,0.087,85028.0,1
B0162,structural_decline,19,17956.0,10473.0,2342.0,0.087,85028.0,1
B0162,structural_decline,20,17584.0,10281.0,2342.0,0.087,85028.0,1
B0162,structural_decline,21,16786.0,10043.0,2342.0,0.087,85028.0,1
B0162,structural_decline,22,16581.0,9655.0,2342.0,0.087,85028.0,1
B0162,structural_decline,23,13204.0,9646.0,2342.0,0.087,85028.0,1
B0162,structural_decline,24,13087.0,9712.0,2342.0,0.087,85028.0,1
B0162,structural_decline,25,12870.0,9609.0,2342.0,0.087,85028.0,1
B0162,structural_decline,26,15632.0,10095.0,2342.0,0.087,85028.0,1
B0162,structural_decline,27,15408.0,10115.0,2342.0,0.087,85028.0,1
B0162,structural_decline,28,15118.0,9688.0,2342.0,0.087,85028.0,1
B0162,structural_decline,29,14633.0,9638.0,2342.0,0.087,85028.0,1
B0163,structural_decline,0,12528.0,6803.0,1640.0,0.138,60139.0,1
B0163,structural_decline,1,12442.0,6776.0,1640.0,0.138,60139.0,1
B0163,structural_decline,2,12648.0,6688.0,1640.0,0.138,60139.0,1
B0163,structural_decline,3,12889.0,6822.0,1640.0,0.138,60139.0,1
B0163,structural_decline,4,13077.0,6807.0,1640.0,0.138,60139.0,1
B0163,structural_decline,5,12913.0,6646.0,1640.0,0.138,60139.0,1
B0163,structural_decline,6,12764.0,6525.0,1640.0,0.138,60139.0,1
B0163,structural_decline,7,12639.0,6812.0,1640.0,0.138,60139.0,1
B0163,structural_decline,8,12530.0,6858.0,1640.0,0.138,60139.0,1
B0163,structural_decline,9,12220.0,6639.0,1640.0,0.138,60139.0,1
B0163,structural_decline,10,12020.0,6651.0,1640.0,0.138,60139.0,1
B0163,structural_decline,11,12023.0,6631.0,1640.0,0.138,60139.0,1
B0163,structural_decline,12,11861.0,7035.0,1640.0,0.138,60139.0,1
B0163,structural_decline,13,11523.0,7067.0,1640.0,0.138,60139.0,1
B0163,structural_decline,14,11292.0,6809.0,1640.0,0.138,60139.0,1
B0163,structural_decline,15,11106.0,6741.0,1640.0,0.138,60139.0,1
B0163,structural_decline,16,10794.0,7030.0,1640.0,0.138,60139.0,1
B0163,structural_decline,17,10594.0,7103.0,1640.0,0.138,60139.0,1
B0163,structural_decline,18,10546.0,7166.0,1640.0,0.138,60139.0,1
B0163,structural_decline,19,10379.0,7040.0,1640.0,0.138,60139.0,1
B0163,structural_decline,20,10047.0,6951.0,1640.0,0.138,60139.0,1
B0163,structural_decline,21,9964.0,6959.0,1640.0,0.138,60139.0,1
B0163,structural_decline,22,9770.0,6911.0,1640.0,0.138,60139.0,1
B0163,structural_decline,23,9413.0,6788.0,1640.0,0.138,60139.0,1
B0163,structural_decline,24,9220.0,6788.0,1640.0,0.138,60139.0,1
B0163,structural_decline,25,9284.0,6911.0,1640.0,0.138,60139.0,1
B0163,structural_decline,26,9000.0,6982.0,1640.0,0.138,60139.0,1
B0163,structural_decline,27,8789.0,6947.0,1640.0,0.138,60139.0,1
B0163,structural_decline,28,8784.0,6837.0,1640.0,0.138,60139.0,1
B0163,structural_decline,29,8744.0,6572.0,1640.0,0.138,60139.0,1
B0163,structural_decline,30,8481.0,6586.0,1640.0,0.138,60139.0,1
B0163,structural_decline,31,8294.0,6721.0,1640.0,0.138,60139.0,0
B0163,structural_decline,32,8058.0,6699.0,1640.0,0.138,60139.0,0
B0163,structural_decline,33,7975.0,6747.0,1640.0,0.138,60139.0,0
B0163,structural_decline,34,7633.0,6930.0,1640.0,0.138,60139.0,0
B0163,structural_decline,35,7529.0,6869.0,1640.0,0.138,60139.0,0
B0163,structural_decline,36,7419.0,6963.0,1640.0,0.138,60139.0,0
B0164,structural_decline,0,17841.0,9735.0,2512.0,0.174,79048.0,1
B0164,structural_decline,1,17386.0,9346.0,2512.0,0.174,79048.0,1
B0164,structural_decline,2,17488.0,9051.0,2512.0,0.174,79048.0,1
B0164,structural_decline,3,17509.0,9392.0,2512.0,0.174,79048.0,1
B0164,structural_decline,4,17531.0,9208.0,2512.0,0.174,79048.0,1
B0164,structural_decline,5,17798.0,9023.0,2512.0,0.174,79048.0,1
B0164,structural_decline,6,17631.0,9061.0,2512.0,0.174,79048.0,1
B0164,structural_decline,7,17481.0,9127.0,2512.0,0.174,79048.0,1
B0164,structural_decline,8,17482.0,9314.0,2512.0,0.174,79048.0,1
B0164,structural_decline,9,17517.0,9230.0,2512.0,0.174,79048.0,1
B0164,structural_decline,10,17422.0,9351.0,2512.0,0.174,79048.0,1
B0164,structural_decline,11,17383.0,9831.0,2512.0,0.174,79048.0,1
B0164,structural_decline,12,17568.0,9549.0,2512.0,0.174,79048.0,1
B0164,structural_decline,13,17295.0,9378.0,2512.0,0.174,79048.0,1
B0164,structural_decline,14,16785.0,9251.0,2512.0,0.174,79048.0,1
B0164,structural_decline,15,16474.0,9427.0,2512.0,0.174,79048.0,1
B0164,structural_decline,16,16270.0,9506.0,2512.0,0.174,79048.0,1
B0164,structural_decline,17,16012.0,9300.0,2512.0,0.174,79048.0,1
B0164,structural_decline,18,15824.0,9417.0,2512.0,0.174,79048.0,1
B0164,structural_decline,19,15271.0,9303.0,2512.0,0.174,79048.0,1
B0164,structural_decline,20,15084.0,9133.0,2512.0,0.174,79048.0,1
B0164,structural_decline,21,15213.0,9431.0,2512.0,0.174,79048.0,1
B0164,structural_decline,22,14862.0,9301.0,2512.0,0.174,79048.0,1
B0164,structural_decline,23,14403.0,9423.0,2512.0,0.174,79048.0,1
B0164,structural_decline,24,14157.0,9937.0,2512.0,0.174,79048.0,1
B0164,structural_decline,25,14110.0,9896.0,2512.0,0.174,79048.0,1
B0164,structural_decline,26,13992.0,9586.0,2512.0,0.174,79048.0,1
B0164,structural_decline,27,13839.0,9415.0,2512.0,0.174,79048.0,1
B0164,structural_decline,28,13375.0,9229.0,2512.0,0.174,79048.0,1
B0164,structural_decline,29,13016.0,9045.0,2512.0,0.174,79048.0,1
B0165,temporary_stress,0,18478.0,10746.0,2835.0,0.127,81929.0,1
B0165,temporary_stress,1,18254.0,10861.0,2835.0,0.127,81929.0,1
B0165,temporary_stress,2,18309.0,10743.0,2835.0,0.127,81929.0,1
B0165,temporary_stress,3,18075.0,10700.0,2835.0,0.127,81929.0,1
B0165,temporary_stress,4,18051.0,10242.0,2835.0,0.127,81929.0,1
B0165,temporary_stress,5,17944.0,10378.0,2835.0,0.127,81929.0,1
B0165,temporary_stress,6,17664.0,10694.0,2835.0,0.127,81929.0,1
B0165,temporary_stress,7,17640.0,10552.0,2835.0,0.127,81929.0,1
B0165,temporary_stress,8,17886.0,10495.0,2835.0,0.127,81929.0,1
B0165,temporary_stress,9,17473.0,10880.0,2835.0,0.127,81929.0,1
B0165,temporary_stress,10,17624.0,11058.0,2835.0,0.127,81929.0,1
B0165,temporary_stress,11,17889.0,10808.0,2835.0,0.127,81929.0,1
B0165,temporary_stress,12,18233.0,10615.0,2835.0,0.127,81929.0,1
B0165,temporary_stress,13,18444.0,10760.0,2835.0,0.127,81929.0,1
B0165,temporary_stress,14,18349.0,10541.0,2835.0,0.127,81929.0,1
B0165,temporary_stress,15,18203.0,10232.0,2835.0,0.127,81929.0,1
B0165,temporary_stress,16,18063.0,10427.0,2835.0,0.127,81929.0,1
B0165,temporary_stress,17,18247.0,10692.0,2835.0,0.127,81929.0,1
B0165,temporary_stress,18,18505.0,10590.0,2835.0,0.127,81929.0,1
B0165,temporary_stress,19,18407.0,10501.0,2835.0,0.127,81929.0,1
B0165,temporary_stress,20,18298.0,10802.0,2835.0,0.127,81929.0,1
B0165,temporary_stress,21,18031.0,10967.0,2835.0,0.127,81929.0,1
B0165,temporary_stress,22,9992.0,10988.0,2835.0,0.127,81929.0,0
B0165,temporary_stress,23,9997.0,10868.0,2835.0,0.127,81929.0,0
B0165,temporary_stress,24,9864.0,10820.0,2835.0,0.127,81929.0,0
B0165,temporary_stress,25,10054.0,11096.0,2835.0,0.127,81929.0,0
B0165,temporary_stress,26,10052.0,11118.0,2835.0,0.127,81929.0,0
B0165,temporary_stress,27,10019.0,10738.0,2835.0,0.127,81929.0,0
B0165,temporary_stress,28,12334.0,10519.0,2835.0,0.127,81929.0,0
B0165,temporary_stress,29,13373.0,10687.0,2835.0,0.127,81929.0,0
B0165,temporary_stress,30,14608.0,10775.0,2835.0,0.127,81929.0,1
B0165,temporary_stress,31,15752.0,10775.0,2835.0,0.127,81929.0,1
B0165,temporary_stress,32,16538.0,10909.0,2835.0,0.127,81929.0,1
B0165,temporary_stress,33,17379.0,10715.0,2835.0,0.127,81929.0,1
B0165,temporary_stress,34,18299.0,10575.0,2835.0,0.127,81929.0,1
B0165,temporary_stress,35,18106.0,10560.0,2835.0,0.127,81929.0,1
B0165,temporary_stress,36,18411.0,10661.0,2835.0,0.127,81929.0,1
B0165,temporary_stress,37,18250.0,10530.0,2835.0,0.127,81929.0,1
B0165,temporary_stress,38,17668.0,10397.0,2835.0,0.127,81929.0,1
B0165,temporary_stress,39,17486.0,10765.0,2835.0,0.127,81929.0,1
B0165,temporary_stress,40,17883.0,10501.0,2835.0,0.127,81929.0,1
B0166,temporary_stress,0,12644.0,7395.0,2857.0,0.103,52809.0,1
B0166,temporary_stress,1,12527.0,7332.0,2857.0,0.103,52809.0,1
B0166,temporary_stress,2,12694.0,6974.0,2857.0,0.103,52809.0,1
B0166,temporary_stress,3,12639.0,6813.0,2857.0,0.103,52809.0,1
B0166,temporary_stress,4,12670.0,6971.0,2857.0,0.103,52809.0,1
B0166,temporary_stress,5,12663.0,7006.0,2857.0,0.103,52809.0,1
B0166,temporary_stress,6,12509.0,7244.0,2857.0,0.103,52809.0,1
B0166,temporary_stress,7,12534.0,7485.0,2857.0,0.103,52809.0,1
B0166,temporary_stress,8,5471.0,7247.0,2857.0,0.103,52809.0,0
B0166,temporary_stress,9,5490.0,7308.0,2857.0,0.103,52809.0,0
B0166,temporary_stress,10,5443.0,7238.0,2857.0,0.103,52809.0,0
B0166,temporary_stress,11,5507.0,7357.0,2857.0,0.103,52809.0,0
B0166,temporary_stress,12,7153.0,7295.0,2857.0,0.103,52809.0,0
B0166,temporary_stress,13,8137.0,7310.0,2857.0,0.103,52809.0,0
B0166,temporary_stress,14,9132.0,7432.0,2857.0,0.103,52809.0,0
B0166,temporary_stress,15,10102.0,7467.0,2857.0,0.103,52809.0,0
B0166,temporary_stress,16,10971.0,7383.0,2857.0,0.103,52809.0,1
B0166,temporary_stress,17,11848.0,7440.0,2857.0,0.103,52809.0,1
B0166,temporary_stress,18,12790.0,7224.0,2857.0,0.103,52809.0,1
B0166,temporary_stress,19,12640.0,7200.0,2857.0,0.103,52809.0,1
B0166,temporary_stress,20,12502.0,6872.0,2857.0,0.103,52809.0,1
B0166,temporary_stress,21,12547.0,6838.0,2857.0,0.103,52809.0,1
B0166,temporary_stress,22,12541.0,6808.0,2857.0,0.103,52809.0,1
B0166,temporary_stress,23,12530.0,6824.0,2857.0,0.103,52809.0,1
B0166,temporary_stress,24,12727.0,7041.0,2857.0,0.103,52809.0,1
B0166,temporary_stress,25,12749.0,6993.0,2857.0,0.103,52809.0,1
B0166,temporary_stress,26,12689.0,6878.0,2857.0,0.103,52809.0,1
B0166,temporary_stress,27,12729.0,6961.0,2857.0,0.103,52809.0,1
B0166,temporary_stress,28,12893.0,6886.0,2857.0,0.103,52809.0,1
B0166,temporary_stress,29,12794.0,7101.0,2857.0,0.103,52809.0,1
B0166,temporary_stress,30,12867.0,6952.0,2857.0,0.103,52809.0,1
B0166,temporary_stress,31,12911.0,7006.0,2857.0,0.103,52809.0,1
B0166,temporary_stress,32,12854.0,7179.0,2857.0,0.103,52809.0,1
B0167,structural_decline,0,10757.0,6074.0,1453.0,0.275,49664.0,1
B0167,structural_decline,1,10665.0,5914.0,1453.0,0.275,49664.0,1
B0167,structural_decline,2,10814.0,5842.0,1453.0,0.275,49664.0,1
B0167,structural_decline,3,11131.0,5956.0,1453.0,0.275,49664.0,1
B0167,structural_decline,4,11281.0,5862.0,1453.0,0.275,49664.0,1
B0167,structural_decline,5,11164.0,5929.0,1453.0,0.275,49664.0,1
B0167,structural_decline,6,11067.0,5968.0,1453.0,0.275,49664.0,1
B0167,structural_decline,7,10971.0,5954.0,1453.0,0.275,49664.0,1
B0167,structural_decline,8,10873.0,5782.0,1453.0,0.275,49664.0,1
B0167,structural_decline,9,10968.0,5752.0,1453.0,0.275,49664.0,1
B0167,structural_decline,10,10962.0,5800.0,1453.0,0.275,49664.0,1
B0167,structural_decline,11,10948.0,6025.0,1453.0,0.275,49664.0,1
B0167,structural_decline,12,11004.0,5994.0,1453.0,0.275,49664.0,1
B0167,structural_decline,13,10916.0,5963.0,1453.0,0.275,49664.0,1
B0167,structural_decline,14,11087.0,5939.0,1453.0,0.275,49664.0,1
B0167,structural_decline,15,10708.0,5934.0,1453.0,0.275,49664.0,1
B0167,structural_decline,16,10583.0,6071.0,1453.0,0.275,49664.0,1
B0167,structural_decline,17,10467.0,6036.0,1453.0,0.275,49664.0,1
B0167,structural_decline,18,8637.0,5989.0,1453.0,0.275,49664.0,1
B0167,structural_decline,19,8426.0,6048.0,1453.0,0.275,49664.0,1
B0167,structural_decline,20,8198.0,5843.0,1453.0,0.275,49664.0,1
B0167,structural_decline,21,8096.0,5937.0,1453.0,0.275,49664.0,1
B0167,structural_decline,22,9368.0,6008.0,1453.0,0.275,49664.0,1
B0167,structural_decline,23,9199.0,5996.0,1453.0,0.275,49664.0,1
B0167,structural_decline,24,8775.0,6013.0,1453.0,0.275,49664.0,1
B0167,structural_decline,25,8514.0,6109.0,1453.0,0.275,49664.0,1
B0167,structural_decline,26,8298.0,5953.0,1453.0,0.275,49664.0,1
B0167,structural_decline,27,8099.0,5990.0,1453.0,0.275,49664.0,1
B0167,structural_decline,28,8121.0,6040.0,1453.0,0.275,49664.0,1
B0167,structural_decline,29,8086.0,6106.0,1453.0,0.275,49664.0,1
B0167,structural_decline,30,7875.0,6022.0,1453.0,0.275,49664.0,1
B0167,structural_decline,31,7702.0,5994.0,1453.0,0.275,49664.0,1
B0167,structural_decline,32,7494.0,6007.0,1453.0,0.275,49664.0,1
B0167,structural_decline,33,7415.0,5900.0,1453.0,0.275,49664.0,1
B0167,structural_decline,34,7278.0,6049.0,1453.0,0.275,49664.0,0
B0167,structural_decline,35,7141.0,6121.0,1453.0,0.275,49664.0,0
B0167,structural_decline,36,6986.0,5959.0,1453.0,0.275,49664.0,0
B0167,structural_decline,37,6779.0,5701.0,1453.0,0.275,49664.0,0
B0167,structural_decline,38,6550.0,5752.0,1453.0,0.275,49664.0,0
B0167,structural_decline,39,6375.0,5755.0,1453.0,0.275,49664.0,0
B0168,temporary_stress,0,13104.0,7603.0,1974.0,0.128,51027.0,1
B0168,temporary_stress,1,12811.0,7486.0,1974.0,0.128,51027.0,1
B0168,temporary_stress,2,12436.0,7591.0,1974.0,0.128,51027.0,1
B0168,temporary_stress,3,12659.0,7556.0,1974.0,0.128,51027.0,1
B0168,temporary_stress,4,12775.0,7735.0,1974.0,0.128,51027.0,1
B0168,temporary_stress,5,12897.0,7719.0,1974.0,0.128,51027.0,1
B0168,temporary_stress,6,12899.0,7610.0,1974.0,0.128,51027.0,1
B0168,temporary_stress,7,12867.0,7514.0,1974.0,0.128,51027.0,1
B0168,temporary_stress,8,12961.0,7670.0,1974.0,0.128,51027.0,1
B0168,temporary_stress,9,13059.0,7723.0,1974.0,0.128,51027.0,1
B0168,temporary_stress,10,13011.0,7653.0,1974.0,0.128,51027.0,1
B0168,temporary_stress,11,13173.0,7428.0,1974.0,0.128,51027.0,1
B0168,temporary_stress,12,13256.0,7540.0,1974.0,0.128,51027.0,1
B0168,temporary_stress,13,13383.0,7626.0,1974.0,0.128,51027.0,1
B0168,temporary_stress,14,13613.0,7668.0,1974.0,0.128,51027.0,1
B0168,temporary_stress,15,13625.0,7360.0,1974.0,0.128,51027.0,1
B0168,temporary_stress,16,13405.0,7072.0,1974.0,0.128,51027.0,1
B0168,temporary_stress,17,13311.0,7095.0,1974.0,0.128,51027.0,1
B0168,temporary_stress,18,12924.0,7100.0,1974.0,0.128,51027.0,1
B0168,temporary_stress,19,12824.0,7013.0,1974.0,0.128,51027.0,1
B0168,temporary_stress,20,12888.0,7045.0,1974.0,0.128,51027.0,1
B0168,temporary_stress,21,12918.0,7256.0,1974.0,0.128,51027.0,1
B0168,temporary_stress,22,13000.0,7329.0,1974.0,0.128,51027.0,1
B0168,temporary_stress,23,8146.0,7310.0,1974.0,0.128,51027.0,0
B0168,temporary_stress,24,8159.0,7275.0,1974.0,0.128,51027.0,0
B0168,temporary_stress,25,8113.0,7250.0,1974.0,0.128,51027.0,0
B0168,temporary_stress,26,8335.0,7390.0,1974.0,0.128,51027.0,0
B0168,temporary_stress,27,8340.0,7145.0,1974.0,0.128,51027.0,0
B0168,temporary_stress,28,8172.0,7229.0,1974.0,0.128,51027.0,0
B0168,temporary_stress,29,9354.0,7539.0,1974.0,0.128,51027.0,0
B0168,temporary_stress,30,10157.0,7469.0,1974.0,0.128,51027.0,1
B0168,temporary_stress,31,10934.0,7511.0,1974.0,0.128,51027.0,1
B0168,temporary_stress,32,11578.0,7530.0,1974.0,0.128,51027.0,1
B0168,temporary_stress,33,12352.0,7361.0,1974.0,0.128,51027.0,1
B0168,temporary_stress,34,13140.0,7538.0,1974.0,0.128,51027.0,1
B0168,temporary_stress,35,12927.0,7713.0,1974.0,0.128,51027.0,1
B0168,temporary_stress,36,12751.0,7400.0,1974.0,0.128,51027.0,1
B0168,temporary_stress,37,12691.0,7283.0,1974.0,0.128,51027.0,1
B0168,temporary_stress,38,13027.0,7297.0,1974.0,0.128,51027.0,1
B0168,temporary_stress,39,12921.0,7461.0,1974.0,0.128,51027.0,1
B0169,stable,0,11253.0,8028.0,1561.0,0.159,52393.0,1
B0169,stable,1,11080.0,8290.0,1561.0,0.159,52393.0,1
B0169,stable,2,11076.0,8260.0,1561.0,0.159,52393.0,1
B0169,stable,3,11263.0,7985.0,1561.0,0.159,52393.0,1
B0169,stable,4,11513.0,7985.0,1561.0,0.159,52393.0,1
B0169,stable,5,11596.0,8019.0,1561.0,0.159,52393.0,1
B0169,stable,6,11488.0,7984.0,1561.0,0.159,52393.0,1
B0169,stable,7,11661.0,8023.0,1561.0,0.159,52393.0,1
B0169,stable,8,11826.0,7737.0,1561.0,0.159,52393.0,1
B0169,stable,9,11925.0,7655.0,1561.0,0.159,52393.0,1
B0169,stable,10,11979.0,7755.0,1561.0,0.159,52393.0,1
B0169,stable,11,11747.0,7628.0,1561.0,0.159,52393.0,1
B0169,stable,12,11677.0,7820.0,1561.0,0.159,52393.0,1
B0169,stable,13,11644.0,7737.0,1561.0,0.159,52393.0,1
B0169,stable,14,11528.0,7773.0,1561.0,0.159,52393.0,1
B0169,stable,15,11423.0,7980.0,1561.0,0.159,52393.0,1
B0169,stable,16,11686.0,8259.0,1561.0,0.159,52393.0,1
B0169,stable,17,11643.0,8311.0,1561.0,0.159,52393.0,1
B0169,stable,18,11332.0,8113.0,1561.0,0.159,52393.0,1
B0169,stable,19,11317.0,8123.0,1561.0,0.159,52393.0,1
B0169,stable,20,11347.0,7914.0,1561.0,0.159,52393.0,1
B0169,stable,21,11485.0,7928.0,1561.0,0.159,52393.0,1
B0169,stable,22,11530.0,8252.0,1561.0,0.159,52393.0,1
B0169,stable,23,11562.0,8180.0,1561.0,0.159,52393.0,1
B0169,stable,24,11676.0,8241.0,1561.0,0.159,52393.0,1
B0169,stable,25,11621.0,8175.0,1561.0,0.159,52393.0,1
B0169,stable,26,11540.0,8079.0,1561.0,0.159,52393.0,1
B0169,stable,27,11481.0,8040.0,1561.0,0.159,52393.0,1
B0169,stable,28,11580.0,8113.0,1561.0,0.159,52393.0,1
B0169,stable,29,11784.0,7928.0,1561.0,0.159,52393.0,1
B0169,stable,30,11816.0,8228.0,1561.0,0.159,52393.0,1
B0169,stable,31,11940.0,8294.0,1561.0,0.159,52393.0,1
B0169,stable,32,11930.0,8229.0,1561.0,0.159,52393.0,1
B0169,stable,33,11729.0,7927.0,1561.0,0.159,52393.0,1
B0169,stable,34,11759.0,7961.0,1561.0,0.159,52393.0,1
B0169,stable,35,11541.0,8104.0,1561.0,0.159,52393.0,1
B0169,stable,36,11547.0,8037.0,1561.0,0.159,52393.0,1
B0169,stable,37,11522.0,7742.0,1561.0,0.159,52393.0,1
B0170,temporary_stress,0,19790.0,13211.0,2320.0,0.13,95826.0,1
B0170,temporary_stress,1,20080.0,13291.0,2320.0,0.13,95826.0,1
B0170,temporary_stress,2,19566.0,13297.0,2320.0,0.13,95826.0,1
B0170,temporary_stress,3,19471.0,12888.0,2320.0,0.13,95826.0,1
B0170,temporary_stress,4,19475.0,12889.0,2320.0,0.13,95826.0,1
B0170,temporary_stress,5,19759.0,13544.0,2320.0,0.13,95826.0,1
B0170,temporary_stress,6,19885.0,13350.0,2320.0,0.13,95826.0,1
B0170,temporary_stress,7,19727.0,12723.0,2320.0,0.13,95826.0,1
B0170,temporary_stress,8,20033.0,12578.0,2320.0,0.13,95826.0,1
B0170,temporary_stress,9,19953.0,13019.0,2320.0,0.13,95826.0,1
B0170,temporary_stress,10,11564.0,13285.0,2320.0,0.13,95826.0,0
B0170,temporary_stress,11,11822.0,13138.0,2320.0,0.13,95826.0,0
B0170,temporary_stress,12,11754.0,13440.0,2320.0,0.13,95826.0,0
B0170,temporary_stress,13,11747.0,13355.0,2320.0,0.13,95826.0,0
B0170,temporary_stress,14,13911.0,13038.0,2320.0,0.13,95826.0,0
B0170,temporary_stress,15,15314.0,13050.0,2320.0,0.13,95826.0,0
B0170,temporary_stress,16,16446.0,13268.0,2320.0,0.13,95826.0,1
B0170,temporary_stress,17,17562.0,13008.0,2320.0,0.13,95826.0,1
B0170,temporary_stress,18,18504.0,12998.0,2320.0,0.13,95826.0,1
B0170,temporary_stress,19,19412.0,13187.0,2320.0,0.13,95826.0,1
B0170,temporary_stress,20,19469.0,12950.0,2320.0,0.13,95826.0,1
B0170,temporary_stress,21,19807.0,12675.0,2320.0,0.13,95826.0,1
B0170,temporary_stress,22,20137.0,13204.0,2320.0,0.13,95826.0,1
B0170,temporary_stress,23,19854.0,13357.0,2320.0,0.13,95826.0,1
B0170,temporary_stress,24,19784.0,13414.0,2320.0,0.13,95826.0,1
B0170,temporary_stress,25,20496.0,13017.0,2320.0,0.13,95826.0,1
B0170,temporary_stress,26,20625.0,12655.0,2320.0,0.13,95826.0,1
B0170,temporary_stress,27,20414.0,12231.0,2320.0,0.13,95826.0,1
B0170,temporary_stress,28,20111.0,12429.0,2320.0,0.13,95826.0,1
B0170,temporary_stress,29,20045.0,12784.0,2320.0,0.13,95826.0,1
B0170,temporary_stress,30,20259.0,12445.0,2320.0,0.13,95826.0,1
B0170,temporary_stress,31,20497.0,12562.0,2320.0,0.13,95826.0,1
B0170,temporary_stress,32,20388.0,13058.0,2320.0,0.13,95826.0,1
B0170,temporary_stress,33,20292.0,13123.0,2320.0,0.13,95826.0,1
B0170,temporary_stress,34,20359.0,13269.0,2320.0,0.13,95826.0,1
B0171,temporary_stress,0,11914.0,8134.0,2736.0,0.111,42275.0,1
B0171,temporary_stress,1,11944.0,7745.0,2736.0,0.111,42275.0,1
B0171,temporary_stress,2,11872.0,7507.0,2736.0,0.111,42275.0,1
B0171,temporary_stress,3,11786.0,7701.0,2736.0,0.111,42275.0,1
B0171,temporary_stress,4,11863.0,7977.0,2736.0,0.111,42275.0,1
B0171,temporary_stress,5,11832.0,7998.0,2736.0,0.111,42275.0,1
B0171,temporary_stress,6,11710.0,8298.0,2736.0,0.111,42275.0,1
B0171,temporary_stress,7,11638.0,8365.0,2736.0,0.111,42275.0,1
B0171,temporary_stress,8,11364.0,8468.0,2736.0,0.111,42275.0,1
B0171,temporary_stress,9,6652.0,8378.0,2736.0,0.111,42275.0,0
B0171,temporary_stress,10,6601.0,8121.0,2736.0,0.111,42275.0,0
B0171,temporary_stress,11,6684.0,8179.0,2736.0,0.111,42275.0,0
B0171,temporary_stress,12,6652.0,8206.0,2736.0,0.111,42275.0,0
B0171,temporary_stress,13,6635.0,8398.0,2736.0,0.111,42275.0,0
B0171,temporary_stress,14,7664.0,8322.0,2736.0,0.111,42275.0,0
B0171,temporary_stress,15,8294.0,8121.0,2736.0,0.111,42275.0,0
B0171,temporary_stress,16,8754.0,8258.0,2736.0,0.111,42275.0,0
B0171,temporary_stress,17,9430.0,8286.0,2736.0,0.111,42275.0,0
B0171,temporary_stress,18,9984.0,7868.0,2736.0,0.111,42275.0,0
B0171,temporary_stress,19,10532.0,8320.0,2736.0,0.111,42275.0,0
B0171,temporary_stress,20,11176.0,8522.0,2736.0,0.111,42275.0,0
B0171,temporary_stress,21,11825.0,8409.0,2736.0,0.111,42275.0,1
B0171,temporary_stress,22,12010.0,8564.0,2736.0,0.111,42275.0,1
B0171,temporary_stress,23,11875.0,8338.0,2736.0,0.111,42275.0,1
B0171,temporary_stress,24,11583.0,8219.0,2736.0,0.111,42275.0,1
B0171,temporary_stress,25,11638.0,8542.0,2736.0,0.111,42275.0,1
B0171,temporary_stress,26,11568.0,8573.0,2736.0,0.111,42275.0,1
B0171,temporary_stress,27,11263.0,8366.0,2736.0,0.111,42275.0,1
B0171,temporary_stress,28,11358.0,8223.0,2736.0,0.111,42275.0,1
B0171,temporary_stress,29,11615.0,7993.0,2736.0,0.111,42275.0,1
B0171,temporary_stress,30,11397.0,7875.0,2736.0,0.111,42275.0,1
B0171,temporary_stress,31,11329.0,7939.0,2736.0,0.111,42275.0,1
B0171,temporary_stress,32,11499.0,8228.0,2736.0,0.111,42275.0,1
B0171,temporary_stress,33,11757.0,8138.0,2736.0,0.111,42275.0,1
B0171,temporary_stress,34,11933.0,8326.0,2736.0,0.111,42275.0,1
B0172,structural_decline,0,13590.0,8671.0,2836.0,0.094,48846.0,1
B0172,structural_decline,1,13781.0,8577.0,2836.0,0.094,48846.0,1
B0172,structural_decline,2,13668.0,8511.0,2836.0,0.094,48846.0,1
B0172,structural_decline,3,13496.0,8824.0,2836.0,0.094,48846.0,1
B0172,structural_decline,4,13468.0,8813.0,2836.0,0.094,48846.0,1
B0172,structural_decline,5,13394.0,8542.0,2836.0,0.094,48846.0,1
B0172,structural_decline,6,13491.0,8515.0,2836.0,0.094,48846.0,1
B0172,structural_decline,7,13276.0,9026.0,2836.0,0.094,48846.0,1
B0172,structural_decline,8,13600.0,8997.0,2836.0,0.094,48846.0,1
B0172,structural_decline,9,13700.0,8793.0,2836.0,0.094,48846.0,1
B0172,structural_decline,10,13568.0,8550.0,2836.0,0.094,48846.0,1
B0172,structural_decline,11,13380.0,8392.0,2836.0,0.094,48846.0,1
B0172,structural_decline,12,13478.0,8501.0,2836.0,0.094,48846.0,1
B0172,structural_decline,13,13831.0,8741.0,2836.0,0.094,48846.0,1
B0172,structural_decline,14,13472.0,8321.0,2836.0,0.094,48846.0,1
B0172,structural_decline,15,13425.0,8183.0,2836.0,0.094,48846.0,1
B0172,structural_decline,16,13637.0,8463.0,2836.0,0.094,48846.0,1
B0172,structural_decline,17,13773.0,8639.0,2836.0,0.094,48846.0,1
B0172,structural_decline,18,13865.0,8249.0,2836.0,0.094,48846.0,1
B0172,structural_decline,19,13883.0,8353.0,2836.0,0.094,48846.0,1
B0172,structural_decline,20,13832.0,8203.0,2836.0,0.094,48846.0,1
B0172,structural_decline,21,13783.0,8374.0,2836.0,0.094,48846.0,1
B0172,structural_decline,22,13694.0,8513.0,2836.0,0.094,48846.0,1
B0172,structural_decline,23,13749.0,8451.0,2836.0,0.094,48846.0,1
B0172,structural_decline,24,13512.0,8311.0,2836.0,0.094,48846.0,1
B0172,structural_decline,25,13218.0,8192.0,2836.0,0.094,48846.0,1
B0172,structural_decline,26,12950.0,8218.0,2836.0,0.094,48846.0,1
B0172,structural_decline,27,12719.0,8541.0,2836.0,0.094,48846.0,1
B0172,structural_decline,28,12583.0,8609.0,2836.0,0.094,48846.0,1
B0172,structural_decline,29,11100.0,8456.0,2836.0,0.094,48846.0,0
B0172,structural_decline,30,11071.0,8778.0,2836.0,0.094,48846.0,0
B0172,structural_decline,31,11036.0,8859.0,2836.0,0.094,48846.0,0
B0172,structural_decline,32,10719.0,8620.0,2836.0,0.094,48846.0,0
B0172,structural_decline,33,11887.0,8700.0,2836.0,0.094,48846.0,1
B0172,structural_decline,34,11761.0,8757.0,2836.0,0.094,48846.0,1
B0172,structural_decline,35,11763.0,8574.0,2836.0,0.094,48846.0,1
B0173,stable,0,10849.0,6167.0,2459.0,0.091,56818.0,1
B0173,stable,1,10993.0,6115.0,2459.0,0.091,56818.0,1
B0173,stable,2,11209.0,6164.0,2459.0,0.091,56818.0,1
B0173,stable,3,11472.0,6323.0,2459.0,0.091,56818.0,1
B0173,stable,4,11269.0,6464.0,2459.0,0.091,56818.0,1
B0173,stable,5,11252.0,6443.0,2459.0,0.091,56818.0,1
B0173,stable,6,11505.0,6380.0,2459.0,0.091,56818.0,1
B0173,stable,7,11592.0,6173.0,2459.0,0.091,56818.0,1
B0173,stable,8,11563.0,6160.0,2459.0,0.091,56818.0,1
B0173,stable,9,11622.0,6322.0,2459.0,0.091,56818.0,1
B0173,stable,10,11827.0,6553.0,2459.0,0.091,56818.0,1
B0173,stable,11,11851.0,6519.0,2459.0,0.091,56818.0,1
B0173,stable,12,11554.0,6406.0,2459.0,0.091,56818.0,1
B0173,stable,13,11426.0,6378.0,2459.0,0.091,56818.0,1
B0173,stable,14,11483.0,6434.0,2459.0,0.091,56818.0,1
B0173,stable,15,11392.0,6148.0,2459.0,0.091,56818.0,1
B0173,stable,16,11253.0,6272.0,2459.0,0.091,56818.0,1
B0173,stable,17,11361.0,6508.0,2459.0,0.091,56818.0,1
B0173,stable,18,11473.0,6617.0,2459.0,0.091,56818.0,1
B0173,stable,19,11586.0,6465.0,2459.0,0.091,56818.0,1
B0173,stable,20,11391.0,6256.0,2459.0,0.091,56818.0,1
B0173,stable,21,11275.0,6125.0,2459.0,0.091,56818.0,1
B0173,stable,22,11314.0,6297.0,2459.0,0.091,56818.0,1
B0173,stable,23,11514.0,6424.0,2459.0,0.091,56818.0,1
B0173,stable,24,11768.0,6556.0,2459.0,0.091,56818.0,1
B0173,stable,25,11843.0,6367.0,2459.0,0.091,56818.0,1
B0173,stable,26,12123.0,6323.0,2459.0,0.091,56818.0,1
B0173,stable,27,12237.0,6372.0,2459.0,0.091,56818.0,1
B0173,stable,28,12110.0,6365.0,2459.0,0.091,56818.0,1
B0173,stable,29,12008.0,6491.0,2459.0,0.091,56818.0,1
B0173,stable,30,12141.0,6380.0,2459.0,0.091,56818.0,1
B0173,stable,31,12043.0,6213.0,2459.0,0.091,56818.0,1
B0173,stable,32,11777.0,5975.0,2459.0,0.091,56818.0,1
B0173,stable,33,11937.0,6020.0,2459.0,0.091,56818.0,1
B0173,stable,34,11756.0,6293.0,2459.0,0.091,56818.0,1
B0173,stable,35,11771.0,6310.0,2459.0,0.091,56818.0,1
B0173,stable,36,11643.0,6163.0,2459.0,0.091,56818.0,1
B0173,stable,37,11604.0,6109.0,2459.0,0.091,56818.0,1
B0174,structural_decline,0,15291.0,7931.0,2982.0,0.245,61965.0,1
B0174,structural_decline,1,15545.0,8206.0,2982.0,0.245,61965.0,1
B0174,structural_decline,2,15687.0,8304.0,2982.0,0.245,61965.0,1
B0174,structural_decline,3,15875.0,8153.0,2982.0,0.245,61965.0,1
B0174,structural_decline,4,15511.0,8122.0,2982.0,0.245,61965.0,1
B0174,structural_decline,5,15480.0,8001.0,2982.0,0.245,61965.0,1
B0174,structural_decline,6,15744.0,7810.0,2982.0,0.245,61965.0,1
B0174,structural_decline,7,15831.0,7797.0,2982.0,0.245,61965.0,1
B0174,structural_decline,8,15718.0,7860.0,2982.0,0.245,61965.0,1
B0174,structural_decline,9,15805.0,7905.0,2982.0,0.245,61965.0,1
B0174,structural_decline,10,15780.0,7732.0,2982.0,0.245,61965.0,1
B0174,structural_decline,11,15661.0,7809.0,2982.0,0.245,61965.0,1
B0174,structural_decline,12,15617.0,8279.0,2982.0,0.245,61965.0,1
B0174,structural_decline,13,15801.0,8260.0,2982.0,0.245,61965.0,1
B0174,structural_decline,14,15638.0,8470.0,2982.0,0.245,61965.0,1
B0174,structural_decline,15,15619.0,8419.0,2982.0,0.245,61965.0,1
B0174,structural_decline,16,15597.0,8194.0,2982.0,0.245,61965.0,1
B0174,structural_decline,17,15981.0,8347.0,2982.0,0.245,61965.0,1
B0174,structural_decline,18,16039.0,8018.0,2982.0,0.245,61965.0,1
B0174,structural_decline,19,15772.0,8072.0,2982.0,0.245,61965.0,1
B0174,structural_decline,20,15650.0,8194.0,2982.0,0.245,61965.0,1
B0174,structural_decline,21,15830.0,7982.0,2982.0,0.245,61965.0,1
B0174,structural_decline,22,15621.0,7857.0,2982.0,0.245,61965.0,1
B0174,structural_decline,23,15754.0,8002.0,2982.0,0.245,61965.0,1
B0174,structural_decline,24,15811.0,8122.0,2982.0,0.245,61965.0,1
B0174,structural_decline,25,15772.0,8242.0,2982.0,0.245,61965.0,1
B0174,structural_decline,26,15837.0,8144.0,2982.0,0.245,61965.0,1
B0174,structural_decline,27,15795.0,8308.0,2982.0,0.245,61965.0,1
B0174,structural_decline,28,14989.0,7949.0,2982.0,0.245,61965.0,1
B0174,structural_decline,29,14676.0,8084.0,2982.0,0.245,61965.0,1
B0174,structural_decline,30,11499.0,8214.0,2982.0,0.245,61965.0,1
B0174,structural_decline,31,11313.0,8144.0,2982.0,0.245,61965.0,1
B0174,structural_decline,32,14230.0,7903.0,2982.0,0.245,61965.0,1
B0174,structural_decline,33,13911.0,7840.0,2982.0,0.245,61965.0,1
B0174,structural_decline,34,13725.0,7964.0,2982.0,0.245,61965.0,1
B0174,structural_decline,35,13701.0,8063.0,2982.0,0.245,61965.0,1
B0174,structural_decline,36,13293.0,7790.0,2982.0,0.245,61965.0,1
B0174,structural_decline,37,13027.0,7941.0,2982.0,0.245,61965.0,1
B0174,structural_decline,38,12952.0,8214.0,2982.0,0.245,61965.0,1
B0174,structural_decline,39,12560.0,8086.0,2982.0,0.245,61965.0,1
B0174,structural_decline,40,12318.0,8129.0,2982.0,0.245,61965.0,1
B0175,structural_decline,0,13706.0,7776.0,3041.0,0.266,53315.0,1
B0175,structural_decline,1,13861.0,7799.0,3041.0,0.266,53315.0,1
B0175,structural_decline,2,13739.0,7941.0,3041.0,0.266,53315.0,1
B0175,structural_decline,3,13521.0,8157.0,3041.0,0.266,53315.0,1
B0175,structural_decline,4,13642.0,8124.0,3041.0,0.266,53315.0,1
B0175,structural_decline,5,13694.0,8350.0,3041.0,0.266,53315.0,1
B0175,structural_decline,6,13634.0,8220.0,3041.0,0.266,53315.0,1
B0175,structural_decline,7,13515.0,8277.0,3041.0,0.266,53315.0,1
B0175,structural_decline,8,13695.0,8421.0,3041.0,0.266,53315.0,1
B0175,structural_decline,9,13891.0,8383.0,3041.0,0.266,53315.0,1
B0175,structural_decline,10,13971.0,8365.0,3041.0,0.266,53315.0,1
B0175,structural_decline,11,13847.0,8186.0,3041.0,0.266,53315.0,1
B0175,structural_decline,12,13669.0,8323.0,3041.0,0.266,53315.0,1
B0175,structural_decline,13,13739.0,8308.0,3041.0,0.266,53315.0,1
B0175,structural_decline,14,13736.0,8307.0,3041.0,0.266,53315.0,1
B0175,structural_decline,15,13785.0,8646.0,3041.0,0.266,53315.0,1
B0175,structural_decline,16,13944.0,8357.0,3041.0,0.266,53315.0,1
B0175,structural_decline,17,13938.0,8390.0,3041.0,0.266,53315.0,1
B0175,structural_decline,18,13774.0,8379.0,3041.0,0.266,53315.0,1
B0175,structural_decline,19,13383.0,8200.0,3041.0,0.266,53315.0,1
B0175,structural_decline,20,11259.0,7957.0,3041.0,0.266,53315.0,1
B0175,structural_decline,21,11275.0,7920.0,3041.0,0.266,53315.0,1
B0175,structural_decline,22,11115.0,7928.0,3041.0,0.266,53315.0,1
B0175,structural_decline,23,12705.0,7771.0,3041.0,0.266,53315.0,1
B0175,structural_decline,24,12646.0,7766.0,3041.0,0.266,53315.0,1
B0175,structural_decline,25,12500.0,7745.0,3041.0,0.266,53315.0,1
B0175,structural_decline,26,12282.0,7752.0,3041.0,0.266,53315.0,1
B0175,structural_decline,27,11947.0,7893.0,3041.0,0.266,53315.0,1
B0175,structural_decline,28,11548.0,7884.0,3041.0,0.266,53315.0,1
B0175,structural_decline,29,11542.0,8113.0,3041.0,0.266,53315.0,1
B0175,structural_decline,30,11596.0,8082.0,3041.0,0.266,53315.0,1
B0175,structural_decline,31,11297.0,7857.0,3041.0,0.266,53315.0,1
B0175,structural_decline,32,10964.0,8321.0,3041.0,0.266,53315.0,0
B0175,structural_decline,33,10717.0,8345.0,3041.0,0.266,53315.0,0
B0175,structural_decline,34,10796.0,8425.0,3041.0,0.266,53315.0,0
B0176,structural_decline,0,16411.0,8972.0,3019.0,0.152,71809.0,1
B0176,structural_decline,1,16467.0,9226.0,3019.0,0.152,71809.0,1
B0176,structural_decline,2,16256.0,9389.0,3019.0,0.152,71809.0,1
B0176,structural_decline,3,16347.0,9221.0,3019.0,0.152,71809.0,1
B0176,structural_decline,4,16684.0,9255.0,3019.0,0.152,71809.0,1
B0176,structural_decline,5,16906.0,9592.0,3019.0,0.152,71809.0,1
B0176,structural_decline,6,16817.0,9068.0,3019.0,0.152,71809.0,1
B0176,structural_decline,7,16522.0,9127.0,3019.0,0.152,71809.0,1
B0176,structural_decline,8,16448.0,9665.0,3019.0,0.152,71809.0,1
B0176,structural_decline,9,16270.0,9390.0,3019.0,0.152,71809.0,1
B0176,structural_decline,10,16514.0,9303.0,3019.0,0.152,71809.0,1
B0176,structural_decline,11,16106.0,9438.0,3019.0,0.152,71809.0,1
B0176,structural_decline,12,15617.0,9356.0,3019.0,0.152,71809.0,1
B0176,structural_decline,13,14999.0,9366.0,3019.0,0.152,71809.0,1
B0176,structural_decline,14,14848.0,9399.0,3019.0,0.152,71809.0,1
B0176,structural_decline,15,14575.0,9584.0,3019.0,0.152,71809.0,1
B0176,structural_decline,16,14281.0,9607.0,3019.0,0.152,71809.0,1
B0176,structural_decline,17,14184.0,9741.0,3019.0,0.152,71809.0,1
B0176,structural_decline,18,13902.0,9857.0,3019.0,0.152,71809.0,1
B0176,structural_decline,19,13314.0,9769.0,3019.0,0.152,71809.0,1
B0176,structural_decline,20,12988.0,9451.0,3019.0,0.152,71809.0,1
B0176,structural_decline,21,12747.0,9417.0,3019.0,0.152,71809.0,1
B0176,structural_decline,22,10177.0,9526.0,3019.0,0.152,71809.0,0
B0176,structural_decline,23,9902.0,9585.0,3019.0,0.152,71809.0,0
B0176,structural_decline,24,9556.0,9762.0,3019.0,0.152,71809.0,0
B0176,structural_decline,25,9437.0,9652.0,3019.0,0.152,71809.0,0
B0176,structural_decline,26,11398.0,9645.0,3019.0,0.152,71809.0,0
B0176,structural_decline,27,11025.0,9483.0,3019.0,0.152,71809.0,0
B0176,structural_decline,28,10911.0,9457.0,3019.0,0.152,71809.0,0
B0176,structural_decline,29,10591.0,9356.0,3019.0,0.152,71809.0,0
B0176,structural_decline,30,10266.0,9167.0,3019.0,0.152,71809.0,0
B0176,structural_decline,31,10041.0,9446.0,3019.0,0.152,71809.0,0
B0176,structural_decline,32,9893.0,9261.0,3019.0,0.152,71809.0,0
B0177,temporary_stress,0,19675.0,9689.0,3363.0,0.228,89246.0,1
B0177,temporary_stress,1,19679.0,9496.0,3363.0,0.228,89246.0,1
B0177,temporary_stress,2,19763.0,9731.0,3363.0,0.228,89246.0,1
B0177,temporary_stress,3,20029.0,9772.0,3363.0,0.228,89246.0,1
B0177,temporary_stress,4,19997.0,9997.0,3363.0,0.228,89246.0,1
B0177,temporary_stress,5,20016.0,10352.0,3363.0,0.228,89246.0,1
B0177,temporary_stress,6,19746.0,10293.0,3363.0,0.228,89246.0,1
B0177,temporary_stress,7,19941.0,9719.0,3363.0,0.228,89246.0,1
B0177,temporary_stress,8,20254.0,9800.0,3363.0,0.228,89246.0,1
B0177,temporary_stress,9,13219.0,10056.0,3363.0,0.228,89246.0,0
B0177,temporary_stress,10,13101.0,10022.0,3363.0,0.228,89246.0,0
B0177,temporary_stress,11,13043.0,10247.0,3363.0,0.228,89246.0,0
B0177,temporary_stress,12,14180.0,10264.0,3363.0,0.228,89246.0,1
B0177,temporary_stress,13,15426.0,10253.0,3363.0,0.228,89246.0,1
B0177,temporary_stress,14,16843.0,10308.0,3363.0,0.228,89246.0,1
B0177,temporary_stress,15,18038.0,10611.0,3363.0,0.228,89246.0,1
B0177,temporary_stress,16,18897.0,10534.0,3363.0,0.228,89246.0,1
B0177,temporary_stress,17,19905.0,10228.0,3363.0,0.228,89246.0,1
B0177,temporary_stress,18,19859.0,10090.0,3363.0,0.228,89246.0,1
B0177,temporary_stress,19,19611.0,9862.0,3363.0,0.228,89246.0,1
B0177,temporary_stress,20,19568.0,9876.0,3363.0,0.228,89246.0,1
B0177,temporary_stress,21,19727.0,10012.0,3363.0,0.228,89246.0,1
B0177,temporary_stress,22,19996.0,9931.0,3363.0,0.228,89246.0,1
B0177,temporary_stress,23,20222.0,9689.0,3363.0,0.228,89246.0,1
B0177,temporary_stress,24,20446.0,9716.0,3363.0,0.228,89246.0,1
B0177,temporary_stress,25,20407.0,9713.0,3363.0,0.228,89246.0,1
B0177,temporary_stress,26,20054.0,9705.0,3363.0,0.228,89246.0,1
B0177,temporary_stress,27,20338.0,9721.0,3363.0,0.228,89246.0,1
B0177,temporary_stress,28,20512.0,9965.0,3363.0,0.228,89246.0,1
B0177,temporary_stress,29,20006.0,9573.0,3363.0,0.228,89246.0,1
B0177,temporary_stress,30,19819.0,9930.0,3363.0,0.228,89246.0,1
B0177,temporary_stress,31,19821.0,10341.0,3363.0,0.228,89246.0,1
B0177,temporary_stress,32,19532.0,10464.0,3363.0,0.228,89246.0,1
B0177,temporary_stress,33,19355.0,10084.0,3363.0,0.228,89246.0,1
B0178,stable,0,13648.0,8389.0,3198.0,0.217,40275.0,1
B0178,stable,1,13930.0,8258.0,3198.0,0.217,40275.0,1
B0178,stable,2,13921.0,8198.0,3198.0,0.217,40275.0,1
B0178,stable,3,14117.0,8149.0,3198.0,0.217,40275.0,1
B0178,stable,4,14163.0,8052.0,3198.0,0.217,40275.0,1
B0178,stable,5,14104.0,8184.0,3198.0,0.217,40275.0,1
B0178,stable,6,14043.0,8079.0,3198.0,0.217,40275.0,1
B0178,stable,7,14256.0,7821.0,3198.0,0.217,40275.0,1
B0178,stable,8,14328.0,8020.0,3198.0,0.217,40275.0,1
B0178,stable,9,14681.0,8346.0,3198.0,0.217,40275.0,1
B0178,stable,10,15004.0,8277.0,3198.0,0.217,40275.0,1
B0178,stable,11,14950.0,8300.0,3198.0,0.217,40275.0,1
B0178,stable,12,14777.0,8324.0,3198.0,0.217,40275.0,1
B0178,stable,13,14896.0,8195.0,3198.0,0.217,40275.0,1
B0178,stable,14,14454.0,8075.0,3198.0,0.217,40275.0,1
B0178,stable,15,14447.0,8116.0,3198.0,0.217,40275.0,1
B0178,stable,16,14554.0,8246.0,3198.0,0.217,40275.0,1
B0178,stable,17,14568.0,8316.0,3198.0,0.217,40275.0,1
B0178,stable,18,14256.0,8442.0,3198.0,0.217,40275.0,1
B0178,stable,19,14423.0,8536.0,3198.0,0.217,40275.0,1
B0178,stable,20,14477.0,8501.0,3198.0,0.217,40275.0,1
B0178,stable,21,14611.0,8477.0,3198.0,0.217,40275.0,1
B0178,stable,22,14626.0,8286.0,3198.0,0.217,40275.0,1
B0178,stable,23,14538.0,8551.0,3198.0,0.217,40275.0,1
B0178,stable,24,14519.0,8418.0,3198.0,0.217,40275.0,1
B0178,stable,25,14815.0,8380.0,3198.0,0.217,40275.0,1
B0178,stable,26,15070.0,8490.0,3198.0,0.217,40275.0,1
B0178,stable,27,14945.0,8523.0,3198.0,0.217,40275.0,1
B0178,stable,28,15087.0,8371.0,3198.0,0.217,40275.0,1
B0178,stable,29,15471.0,8251.0,3198.0,0.217,40275.0,1
B0178,stable,30,15736.0,8263.0,3198.0,0.217,40275.0,1
B0178,stable,31,15337.0,8419.0,3198.0,0.217,40275.0,1
B0178,stable,32,15543.0,8180.0,3198.0,0.217,40275.0,1
B0179,temporary_stress,0,17428.0,12101.0,2245.0,0.268,85749.0,1
B0179,temporary_stress,1,17524.0,11792.0,2245.0,0.268,85749.0,1
B0179,temporary_stress,2,17479.0,11671.0,2245.0,0.268,85749.0,1
B0179,temporary_stress,3,17857.0,12016.0,2245.0,0.268,85749.0,1
B0179,temporary_stress,4,18184.0,11612.0,2245.0,0.268,85749.0,1
B0179,temporary_stress,5,17811.0,11712.0,2245.0,0.268,85749.0,1
B0179,temporary_stress,6,17485.0,11917.0,2245.0,0.268,85749.0,1
B0179,temporary_stress,7,17094.0,11936.0,2245.0,0.268,85749.0,1
B0179,temporary_stress,8,16948.0,11552.0,2245.0,0.268,85749.0,1
B0179,temporary_stress,9,17191.0,11551.0,2245.0,0.268,85749.0,1
B0179,temporary_stress,10,17310.0,11538.0,2245.0,0.268,85749.0,1
B0179,temporary_stress,11,16994.0,11290.0,2245.0,0.268,85749.0,1
B0179,temporary_stress,12,16906.0,11495.0,2245.0,0.268,85749.0,1
B0179,temporary_stress,13,17196.0,11733.0,2245.0,0.268,85749.0,1
B0179,temporary_stress,14,17458.0,12063.0,2245.0,0.268,85749.0,1
B0179,temporary_stress,15,17181.0,12015.0,2245.0,0.268,85749.0,1
B0179,temporary_stress,16,17128.0,11756.0,2245.0,0.268,85749.0,1
B0179,temporary_stress,17,17465.0,11700.0,2245.0,0.268,85749.0,1
B0179,temporary_stress,18,17607.0,11679.0,2245.0,0.268,85749.0,1
B0179,temporary_stress,19,17925.0,11507.0,2245.0,0.268,85749.0,1
B0179,temporary_stress,20,17967.0,11769.0,2245.0,0.268,85749.0,1
B0179,temporary_stress,21,17851.0,12217.0,2245.0,0.268,85749.0,1
B0179,temporary_stress,22,11321.0,12218.0,2245.0,0.268,85749.0,0
B0179,temporary_stress,23,11344.0,12076.0,2245.0,0.268,85749.0,0
B0179,temporary_stress,24,11032.0,11822.0,2245.0,0.268,85749.0,0
B0179,temporary_stress,25,12043.0,12008.0,2245.0,0.268,85749.0,0
B0179,temporary_stress,26,12720.0,11956.0,2245.0,0.268,85749.0,0
B0179,temporary_stress,27,13717.0,11866.0,2245.0,0.268,85749.0,0
B0179,temporary_stress,28,14581.0,11914.0,2245.0,0.268,85749.0,1
B0179,temporary_stress,29,15039.0,11786.0,2245.0,0.268,85749.0,1
B0179,temporary_stress,30,15746.0,11807.0,2245.0,0.268,85749.0,1
B0179,temporary_stress,31,16780.0,12195.0,2245.0,0.268,85749.0,1
B0179,temporary_stress,32,17697.0,11852.0,2245.0,0.268,85749.0,1
B0179,temporary_stress,33,17724.0,11601.0,2245.0,0.268,85749.0,1
B0179,temporary_stress,34,17756.0,11316.0,2245.0,0.268,85749.0,1
B0179,temporary_stress,35,17642.0,11879.0,2245.0,0.268,85749.0,1
B0179,temporary_stress,36,17445.0,11563.0,2245.0,0.268,85749.0,1
B0179,temporary_stress,37,17621.0,11076.0,2245.0,0.268,85749.0,1
B0180,stable,0,14141.0,9323.0,1765.0,0.141,37856.0,1
B0180,stable,1,13892.0,9329.0,1765.0,0.141,37856.0,1
B0180,stable,2,13820.0,9169.0,1765.0,0.141,37856.0,1
B0180,stable,3,13971.0,9055.0,1765.0,0.141,37856.0,1
B0180,stable,4,13819.0,8741.0,1765.0,0.141,37856.0,1
B0180,stable,5,13720.0,8945.0,1765.0,0.141,37856.0,1
B0180,stable,6,13641.0,9245.0,1765.0,0.141,37856.0,1
B0180,stable,7,13607.0,9173.0,1765.0,0.141,37856.0,1
B0180,stable,8,13661.0,9498.0,1765.0,0.141,37856.0,1
B0180,stable,9,13768.0,9257.0,1765.0,0.141,37856.0,1
B0180,stable,10,13775.0,9076.0,1765.0,0.141,37856.0,1
B0180,stable,11,13699.0,9183.0,1765.0,0.141,37856.0,1
B0180,stable,12,13708.0,8940.0,1765.0,0.141,37856.0,1
B0180,stable,13,13891.0,8904.0,1765.0,0.141,37856.0,1
B0180,stable,14,13935.0,8983.0,1765.0,0.141,37856.0,1
B0180,stable,15,13973.0,8777.0,1765.0,0.141,37856.0,1
B0180,stable,16,13952.0,8718.0,1765.0,0.141,37856.0,1
B0180,stable,17,14087.0,8991.0,1765.0,0.141,37856.0,1
B0180,stable,18,14314.0,9173.0,1765.0,0.141,37856.0,1
B0180,stable,19,14627.0,8933.0,1765.0,0.141,37856.0,1
B0180,stable,20,14204.0,8835.0,1765.0,0.141,37856.0,1
B0180,stable,21,13888.0,8964.0,1765.0,0.141,37856.0,1
B0180,stable,22,13712.0,9247.0,1765.0,0.141,37856.0,1
B0180,stable,23,13906.0,9213.0,1765.0,0.141,37856.0,1
B0180,stable,24,13881.0,9150.0,1765.0,0.141,37856.0,1
B0180,stable,25,13854.0,9353.0,1765.0,0.141,37856.0,1
B0180,stable,26,13753.0,9279.0,1765.0,0.141,37856.0,1
B0180,stable,27,13627.0,8993.0,1765.0,0.141,37856.0,1
B0180,stable,28,13313.0,9167.0,1765.0,0.141,37856.0,1
B0180,stable,29,13514.0,9124.0,1765.0,0.141,37856.0,1
B0180,stable,30,13741.0,8795.0,1765.0,0.141,37856.0,1
B0181,structural_decline,0,18474.0,9007.0,4224.0,0.118,48339.0,1
B0181,structural_decline,1,18559.0,8949.0,4224.0,0.118,48339.0,1
B0181,structural_decline,2,18451.0,8942.0,4224.0,0.118,48339.0,1
B0181,structural_decline,3,18453.0,8808.0,4224.0,0.118,48339.0,1
B0181,structural_decline,4,18552.0,8885.0,4224.0,0.118,48339.0,1
B0181,structural_decline,5,18576.0,8767.0,4224.0,0.118,48339.0,1
B0181,structural_decline,6,18209.0,8641.0,4224.0,0.118,48339.0,1
B0181,structural_decline,7,17980.0,8682.0,4224.0,0.118,48339.0,1
B0181,structural_decline,8,18427.0,9012.0,4224.0,0.118,48339.0,1
B0181,structural_decline,9,18613.0,9036.0,4224.0,0.118,48339.0,1
B0181,structural_decline,10,18355.0,8944.0,4224.0,0.118,48339.0,1
B0181,structural_decline,11,18262.0,8851.0,4224.0,0.118,48339.0,1
B0181,structural_decline,12,18359.0,9146.0,4224.0,0.118,48339.0,1
B0181,structural_decline,13,18217.0,9333.0,4224.0,0.118,48339.0,1
B0181,structural_decline,14,18590.0,9347.0,4224.0,0.118,48339.0,1
B0181,structural_decline,15,18793.0,9390.0,4224.0,0.118,48339.0,1
B0181,structural_decline,16,18356.0,9191.0,4224.0,0.118,48339.0,1
B0181,structural_decline,17,18295.0,9058.0,4224.0,0.118,48339.0,1
B0181,structural_decline,18,18147.0,9196.0,4224.0,0.118,48339.0,1
B0181,structural_decline,19,17769.0,9358.0,4224.0,0.118,48339.0,1
B0181,structural_decline,20,17265.0,9021.0,4224.0,0.118,48339.0,1
B0181,structural_decline,21,16939.0,8640.0,4224.0,0.118,48339.0,1
B0181,structural_decline,22,17072.0,9013.0,4224.0,0.118,48339.0,1
B0181,structural_decline,23,17220.0,9093.0,4224.0,0.118,48339.0,1
B0181,structural_decline,24,17002.0,9138.0,4224.0,0.118,48339.0,1
B0181,structural_decline,25,16432.0,9237.0,4224.0,0.118,48339.0,1
B0181,structural_decline,26,15669.0,8988.0,4224.0,0.118,48339.0,1
B0181,structural_decline,27,15420.0,8769.0,4224.0,0.118,48339.0,1
B0181,structural_decline,28,15551.0,8752.0,4224.0,0.118,48339.0,1
B0181,structural_decline,29,15276.0,9132.0,4224.0,0.118,48339.0,1
B0181,structural_decline,30,15092.0,9331.0,4224.0,0.118,48339.0,1
B0181,structural_decline,31,15043.0,8927.0,4224.0,0.118,48339.0,1
B0181,structural_decline,32,14880.0,8605.0,4224.0,0.118,48339.0,1
B0181,structural_decline,33,14437.0,8977.0,4224.0,0.118,48339.0,1
B0182,temporary_stress,0,13698.0,8593.0,2120.0,0.159,47953.0,1
B0182,temporary_stress,1,13880.0,9281.0,2120.0,0.159,47953.0,1
B0182,temporary_stress,2,13876.0,9270.0,2120.0,0.159,47953.0,1
B0182,temporary_stress,3,13751.0,9111.0,2120.0,0.159,47953.0,1
B0182,temporary_stress,4,13734.0,9013.0,2120.0,0.159,47953.0,1
B0182,temporary_stress,5,13835.0,8998.0,2120.0,0.159,47953.0,1
B0182,temporary_stress,6,14009.0,9160.0,2120.0,0.159,47953.0,1
B0182,temporary_stress,7,14213.0,9005.0,2120.0,0.159,47953.0,1
B0182,temporary_stress,8,14188.0,8876.0,2120.0,0.159,47953.0,1
B0182,temporary_stress,9,14043.0,9256.0,2120.0,0.159,47953.0,1
B0182,temporary_stress,10,14186.0,9218.0,2120.0,0.159,47953.0,1
B0182,temporary_stress,11,14312.0,8951.0,2120.0,0.159,47953.0,1
B0182,temporary_stress,12,14116.0,9232.0,2120.0,0.159,47953.0,1
B0182,temporary_stress,13,14128.0,9125.0,2120.0,0.159,47953.0,1
B0182,temporary_stress,14,14313.0,8855.0,2120.0,0.159,47953.0,1
B0182,temporary_stress,15,7752.0,9089.0,2120.0,0.159,47953.0,0
B0182,temporary_stress,16,7579.0,9345.0,2120.0,0.159,47953.0,0
B0182,temporary_stress,17,7325.0,9520.0,2120.0,0.159,47953.0,0
B0182,temporary_stress,18,9441.0,9698.0,2120.0,0.159,47953.0,0
B0182,temporary_stress,19,10600.0,9289.0,2120.0,0.159,47953.0,0
B0182,temporary_stress,20,11500.0,8886.0,2120.0,0.159,47953.0,1
B0182,temporary_stress,21,12542.0,8810.0,2120.0,0.159,47953.0,1
B0182,temporary_stress,22,13513.0,8981.0,2120.0,0.159,47953.0,1
B0182,temporary_stress,23,13693.0,9016.0,2120.0,0.159,47953.0,1
B0182,temporary_stress,24,13763.0,8809.0,2120.0,0.159,47953.0,1
B0182,temporary_stress,25,14041.0,9015.0,2120.0,0.159,47953.0,1
B0182,temporary_stress,26,14065.0,8921.0,2120.0,0.159,47953.0,1
B0182,temporary_stress,27,14285.0,8901.0,2120.0,0.159,47953.0,1
B0182,temporary_stress,28,14650.0,8828.0,2120.0,0.159,47953.0,1
B0182,temporary_stress,29,14547.0,8696.0,2120.0,0.159,47953.0,1
B0182,temporary_stress,30,14206.0,8719.0,2120.0,0.159,47953.0,1
B0182,temporary_stress,31,14243.0,8878.0,2120.0,0.159,47953.0,1
B0182,temporary_stress,32,14239.0,8879.0,2120.0,0.159,47953.0,1
B0182,temporary_stress,33,13966.0,9029.0,2120.0,0.159,47953.0,1
B0182,temporary_stress,34,13719.0,9073.0,2120.0,0.159,47953.0,1
B0182,temporary_stress,35,13762.0,9015.0,2120.0,0.159,47953.0,1
B0182,temporary_stress,36,13918.0,8685.0,2120.0,0.159,47953.0,1
B0182,temporary_stress,37,13909.0,8743.0,2120.0,0.159,47953.0,1
B0182,temporary_stress,38,13843.0,9072.0,2120.0,0.159,47953.0,1
B0182,temporary_stress,39,13937.0,8991.0,2120.0,0.159,47953.0,1
B0183,structural_decline,0,14817.0,11893.0,1848.0,0.28,51547.0,1
B0183,structural_decline,1,15012.0,11556.0,1848.0,0.28,51547.0,1
B0183,structural_decline,2,15503.0,11141.0,1848.0,0.28,51547.0,1
B0183,structural_decline,3,15642.0,11027.0,1848.0,0.28,51547.0,1
B0183,structural_decline,4,15298.0,11207.0,1848.0,0.28,51547.0,1
B0183,structural_decline,5,15011.0,11522.0,1848.0,0.28,51547.0,1
B0183,structural_decline,6,15077.0,11341.0,1848.0,0.28,51547.0,1
B0183,structural_decline,7,15291.0,11096.0,1848.0,0.28,51547.0,1
B0183,structural_decline,8,15413.0,11376.0,1848.0,0.28,51547.0,1
B0183,structural_decline,9,15396.0,11298.0,1848.0,0.28,51547.0,1
B0183,structural_decline,10,15307.0,11784.0,1848.0,0.28,51547.0,1
B0183,structural_decline,11,15318.0,11495.0,1848.0,0.28,51547.0,1
B0183,structural_decline,12,15383.0,11161.0,1848.0,0.28,51547.0,1
B0183,structural_decline,13,15278.0,11170.0,1848.0,0.28,51547.0,1
B0183,structural_decline,14,15051.0,11857.0,1848.0,0.28,51547.0,1
B0183,structural_decline,15,15266.0,12105.0,1848.0,0.28,51547.0,1
B0183,structural_decline,16,15491.0,11614.0,1848.0,0.28,51547.0,1
B0183,structural_decline,17,15556.0,11476.0,1848.0,0.28,51547.0,1
B0183,structural_decline,18,15524.0,11429.0,1848.0,0.28,51547.0,1
B0183,structural_decline,19,15440.0,11185.0,1848.0,0.28,51547.0,1
B0183,structural_decline,20,15464.0,11503.0,1848.0,0.28,51547.0,1
B0183,structural_decline,21,15134.0,11830.0,1848.0,0.28,51547.0,1
B0183,structural_decline,22,15097.0,11529.0,1848.0,0.28,51547.0,1
B0183,structural_decline,23,15178.0,11339.0,1848.0,0.28,51547.0,1
B0183,structural_decline,24,15000.0,10933.0,1848.0,0.28,51547.0,1
B0183,structural_decline,25,14743.0,10605.0,1848.0,0.28,51547.0,1
B0183,structural_decline,26,14545.0,10781.0,1848.0,0.28,51547.0,1
B0183,structural_decline,27,14349.0,11386.0,1848.0,0.28,51547.0,1
B0183,structural_decline,28,11316.0,11743.0,1848.0,0.28,51547.0,0
B0183,structural_decline,29,11004.0,11350.0,1848.0,0.28,51547.0,0
B0183,structural_decline,30,10825.0,10935.0,1848.0,0.28,51547.0,0
B0183,structural_decline,31,10704.0,11023.0,1848.0,0.28,51547.0,0
B0183,structural_decline,32,13451.0,11288.0,1848.0,0.28,51547.0,1
B0183,structural_decline,33,13223.0,11323.0,1848.0,0.28,51547.0,1
B0183,structural_decline,34,13044.0,11273.0,1848.0,0.28,51547.0,0
B0183,structural_decline,35,12858.0,11430.0,1848.0,0.28,51547.0,0
B0184,structural_decline,0,15836.0,9726.0,2009.0,0.194,40739.0,1
B0184,structural_decline,1,15543.0,9784.0,2009.0,0.194,40739.0,1
B0184,structural_decline,2,15526.0,9396.0,2009.0,0.194,40739.0,1
B0184,structural_decline,3,15574.0,9706.0,2009.0,0.194,40739.0,1
B0184,structural_decline,4,15614.0,9796.0,2009.0,0.194,40739.0,1
B0184,structural_decline,5,15612.0,9894.0,2009.0,0.194,40739.0,1
B0184,structural_decline,6,15952.0,9733.0,2009.0,0.194,40739.0,1
B0184,structural_decline,7,16004.0,9231.0,2009.0,0.194,40739.0,1
B0184,structural_decline,8,15923.0,8886.0,2009.0,0.194,40739.0,1
B0184,structural_decline,9,15957.0,8931.0,2009.0,0.194,40739.0,1
B0184,structural_decline,10,16209.0,9295.0,2009.0,0.194,40739.0,1
B0184,structural_decline,11,15948.0,9140.0,2009.0,0.194,40739.0,1
B0184,structural_decline,12,15626.0,9571.0,2009.0,0.194,40739.0,1
B0184,structural_decline,13,15528.0,9787.0,2009.0,0.194,40739.0,1
B0184,structural_decline,14,15407.0,9708.0,2009.0,0.194,40739.0,1
B0184,structural_decline,15,15648.0,9886.0,2009.0,0.194,40739.0,1
B0184,structural_decline,16,15958.0,9834.0,2009.0,0.194,40739.0,1
B0184,structural_decline,17,15953.0,10145.0,2009.0,0.194,40739.0,1
B0184,structural_decline,18,15668.0,9691.0,2009.0,0.194,40739.0,1
B0184,structural_decline,19,15871.0,9227.0,2009.0,0.194,40739.0,1
B0184,structural_decline,20,15682.0,9252.0,2009.0,0.194,40739.0,1
B0184,structural_decline,21,15638.0,9154.0,2009.0,0.194,40739.0,1
B0184,structural_decline,22,15349.0,9568.0,2009.0,0.194,40739.0,1
B0184,structural_decline,23,15247.0,10048.0,2009.0,0.194,40739.0,1
B0184,structural_decline,24,15197.0,9584.0,2009.0,0.194,40739.0,1
B0184,structural_decline,25,14844.0,9665.0,2009.0,0.194,40739.0,1
B0184,structural_decline,26,14443.0,9780.0,2009.0,0.194,40739.0,1
B0184,structural_decline,27,11728.0,9896.0,2009.0,0.194,40739.0,0
B0184,structural_decline,28,11466.0,9719.0,2009.0,0.194,40739.0,0
B0184,structural_decline,29,11039.0,9811.0,2009.0,0.194,40739.0,0
B0184,structural_decline,30,12651.0,9833.0,2009.0,0.194,40739.0,1
B0184,structural_decline,31,12567.0,9647.0,2009.0,0.194,40739.0,1
B0184,structural_decline,32,12226.0,9718.0,2009.0,0.194,40739.0,1
B0184,structural_decline,33,11665.0,9559.0,2009.0,0.194,40739.0,1
B0184,structural_decline,34,11682.0,9642.0,2009.0,0.194,40739.0,1
B0185,stable,0,12019.0,8243.0,2225.0,0.264,59694.0,1
B0185,stable,1,12092.0,8349.0,2225.0,0.264,59694.0,1
B0185,stable,2,12056.0,8315.0,2225.0,0.264,59694.0,1
B0185,stable,3,11810.0,8475.0,2225.0,0.264,59694.0,1
B0185,stable,4,11834.0,8537.0,2225.0,0.264,59694.0,1
B0185,stable,5,11999.0,8257.0,2225.0,0.264,59694.0,1
B0185,stable,6,12127.0,8029.0,2225.0,0.264,59694.0,1
B0185,stable,7,12239.0,8215.0,2225.0,0.264,59694.0,1
B0185,stable,8,12280.0,8459.0,2225.0,0.264,59694.0,1
B0185,stable,9,12309.0,8564.0,2225.0,0.264,59694.0,1
B0185,stable,10,12399.0,8430.0,2225.0,0.264,59694.0,1
B0185,stable,11,12542.0,8497.0,2225.0,0.264,59694.0,1
B0185,stable,12,12493.0,8715.0,2225.0,0.264,59694.0,1
B0185,stable,13,12648.0,8876.0,2225.0,0.264,59694.0,1
B0185,stable,14,12713.0,8712.0,2225.0,0.264,59694.0,1
B0185,stable,15,12525.0,8541.0,2225.0,0.264,59694.0,1
B0185,stable,16,12612.0,8667.0,2225.0,0.264,59694.0,1
B0185,stable,17,12945.0,8339.0,2225.0,0.264,59694.0,1
B0185,stable,18,12826.0,8023.0,2225.0,0.264,59694.0,1
B0185,stable,19,12631.0,8130.0,2225.0,0.264,59694.0,1
B0185,stable,20,12533.0,8387.0,2225.0,0.264,59694.0,1
B0185,stable,21,12334.0,8222.0,2225.0,0.264,59694.0,1
B0185,stable,22,12348.0,8090.0,2225.0,0.264,59694.0,1
B0185,stable,23,12188.0,8125.0,2225.0,0.264,59694.0,1
B0185,stable,24,12174.0,8077.0,2225.0,0.264,59694.0,1
B0185,stable,25,12064.0,7962.0,2225.0,0.264,59694.0,1
B0185,stable,26,12003.0,8222.0,2225.0,0.264,59694.0,1
B0185,stable,27,12228.0,8147.0,2225.0,0.264,59694.0,1
B0185,stable,28,12430.0,7967.0,2225.0,0.264,59694.0,1
B0185,stable,29,12449.0,7972.0,2225.0,0.264,59694.0,1
B0185,stable,30,12476.0,8181.0,2225.0,0.264,59694.0,1
B0185,stable,31,12256.0,8213.0,2225.0,0.264,59694.0,1
B0185,stable,32,12499.0,8342.0,2225.0,0.264,59694.0,1
B0185,stable,33,12644.0,8664.0,2225.0,0.264,59694.0,1
B0185,stable,34,12634.0,8410.0,2225.0,0.264,59694.0,1
B0185,stable,35,12908.0,7926.0,2225.0,0.264,59694.0,1
B0185,stable,36,12911.0,8151.0,2225.0,0.264,59694.0,1
B0185,stable,37,12738.0,8165.0,2225.0,0.264,59694.0,1
B0185,stable,38,12456.0,8104.0,2225.0,0.264,59694.0,1
B0186,stable,0,13660.0,9887.0,3233.0,0.265,45035.0,1
B0186,stable,1,13866.0,10008.0,3233.0,0.265,45035.0,1
B0186,stable,2,13799.0,9882.0,3233.0,0.265,45035.0,1
B0186,stable,3,13645.0,10127.0,3233.0,0.265,45035.0,1
B0186,stable,4,13606.0,10102.0,3233.0,0.265,45035.0,1
B0186,stable,5,13610.0,9461.0,3233.0,0.265,45035.0,1
B0186,stable,6,13383.0,9469.0,3233.0,0.265,45035.0,1
B0186,stable,7,13139.0,9800.0,3233.0,0.265,45035.0,1
B0186,stable,8,13241.0,10114.0,3233.0,0.265,45035.0,0
B0186,stable,9,13489.0,10171.0,3233.0,0.265,45035.0,1
B0186,stable,10,13705.0,10174.0,3233.0,0.265,45035.0,1
B0186,stable,11,13913.0,9937.0,3233.0,0.265,45035.0,1
B0186,stable,12,13979.0,9842.0,3233.0,0.265,45035.0,1
B0186,stable,13,13966.0,9869.0,3233.0,0.265,45035.0,1
B0186,stable,14,14080.0,9788.0,3233.0,0.265,45035.0,1
B0186,stable,15,14069.0,9638.0,3233.0,0.265,45035.0,1
B0186,stable,16,14253.0,9645.0,3233.0,0.265,45035.0,1
B0186,stable,17,14484.0,9711.0,3233.0,0.265,45035.0,1
B0186,stable,18,14414.0,9672.0,3233.0,0.265,45035.0,1
B0186,stable,19,14658.0,9964.0,3233.0,0.265,45035.0,1
B0186,stable,20,14493.0,9850.0,3233.0,0.265,45035.0,1
B0186,stable,21,14241.0,9443.0,3233.0,0.265,45035.0,1
B0186,stable,22,14061.0,9557.0,3233.0,0.265,45035.0,1
B0186,stable,23,14138.0,9955.0,3233.0,0.265,45035.0,1
B0186,stable,24,14068.0,9554.0,3233.0,0.265,45035.0,1
B0186,stable,25,14025.0,9709.0,3233.0,0.265,45035.0,1
B0186,stable,26,14020.0,9873.0,3233.0,0.265,45035.0,1
B0186,stable,27,14035.0,9927.0,3233.0,0.265,45035.0,1
B0186,stable,28,14048.0,9912.0,3233.0,0.265,45035.0,1
B0186,stable,29,13880.0,9355.0,3233.0,0.265,45035.0,1
B0186,stable,30,13975.0,9381.0,3233.0,0.265,45035.0,1
B0186,stable,31,13910.0,9647.0,3233.0,0.265,45035.0,1
B0186,stable,32,14006.0,10024.0,3233.0,0.265,45035.0,1
B0186,stable,33,14340.0,9905.0,3233.0,0.265,45035.0,1
B0186,stable,34,14635.0,9637.0,3233.0,0.265,45035.0,1
B0186,stable,35,14705.0,9680.0,3233.0,0.265,45035.0,1
B0186,stable,36,14178.0,9985.0,3233.0,0.265,45035.0,1
B0187,temporary_stress,0,11755.0,7085.0,1975.0,0.209,35452.0,1
B0187,temporary_stress,1,11749.0,6979.0,1975.0,0.209,35452.0,1
B0187,temporary_stress,2,11761.0,6878.0,1975.0,0.209,35452.0,1
B0187,temporary_stress,3,11882.0,6962.0,1975.0,0.209,35452.0,1
B0187,temporary_stress,4,12036.0,6904.0,1975.0,0.209,35452.0,1
B0187,temporary_stress,5,11936.0,7000.0,1975.0,0.209,35452.0,1
B0187,temporary_stress,6,11992.0,6937.0,1975.0,0.209,35452.0,1
B0187,temporary_stress,7,12491.0,6859.0,1975.0,0.209,35452.0,1
B0187,temporary_stress,8,12276.0,6781.0,1975.0,0.209,35452.0,1
B0187,temporary_stress,9,12178.0,6728.0,1975.0,0.209,35452.0,1
B0187,temporary_stress,10,12202.0,7168.0,1975.0,0.209,35452.0,1
B0187,temporary_stress,11,11938.0,7105.0,1975.0,0.209,35452.0,1
B0187,temporary_stress,12,11831.0,6984.0,1975.0,0.209,35452.0,1
B0187,temporary_stress,13,11894.0,6831.0,1975.0,0.209,35452.0,1
B0187,temporary_stress,14,11812.0,6998.0,1975.0,0.209,35452.0,1
B0187,temporary_stress,15,11958.0,7034.0,1975.0,0.209,35452.0,1
B0187,temporary_stress,16,5242.0,7139.0,1975.0,0.209,35452.0,0
B0187,temporary_stress,17,5172.0,7479.0,1975.0,0.209,35452.0,0
B0187,temporary_stress,18,5151.0,7528.0,1975.0,0.209,35452.0,0
B0187,temporary_stress,19,5129.0,7260.0,1975.0,0.209,35452.0,0
B0187,temporary_stress,20,5209.0,7058.0,1975.0,0.209,35452.0,0
B0187,temporary_stress,21,5341.0,7022.0,1975.0,0.209,35452.0,0
B0187,temporary_stress,22,5884.0,7251.0,1975.0,0.209,35452.0,0
B0187,temporary_stress,23,7013.0,7147.0,1975.0,0.209,35452.0,0
B0187,temporary_stress,24,8076.0,7057.0,1975.0,0.209,35452.0,0
B0187,temporary_stress,25,9030.0,7162.0,1975.0,0.209,35452.0,0
B0187,temporary_stress,26,10106.0,6994.0,1975.0,0.209,35452.0,1
B0187,temporary_stress,27,11070.0,7064.0,1975.0,0.209,35452.0,1
B0187,temporary_stress,28,12080.0,7109.0,1975.0,0.209,35452.0,1
B0187,temporary_stress,29,11828.0,7183.0,1975.0,0.209,35452.0,1
B0187,temporary_stress,30,11739.0,7262.0,1975.0,0.209,35452.0,1
B0187,temporary_stress,31,11739.0,7113.0,1975.0,0.209,35452.0,1
B0187,temporary_stress,32,11748.0,7072.0,1975.0,0.209,35452.0,1
B0187,temporary_stress,33,11766.0,6827.0,1975.0,0.209,35452.0,1
B0187,temporary_stress,34,11963.0,6661.0,1975.0,0.209,35452.0,1
B0187,temporary_stress,35,12133.0,6554.0,1975.0,0.209,35452.0,1
B0187,temporary_stress,36,12239.0,6829.0,1975.0,0.209,35452.0,1
B0187,temporary_stress,37,12247.0,6849.0,1975.0,0.209,35452.0,1
B0187,temporary_stress,38,12148.0,7020.0,1975.0,0.209,35452.0,1
B0187,temporary_stress,39,12112.0,7121.0,1975.0,0.209,35452.0,1
B0187,temporary_stress,40,12293.0,7344.0,1975.0,0.209,35452.0,1
B0188,temporary_stress,0,15757.0,9501.0,2537.0,0.167,65703.0,1
B0188,temporary_stress,1,15411.0,9616.0,2537.0,0.167,65703.0,1
B0188,temporary_stress,2,15173.0,9963.0,2537.0,0.167,65703.0,1
B0188,temporary_stress,3,15089.0,9975.0,2537.0,0.167,65703.0,1
B0188,temporary_stress,4,14922.0,9946.0,2537.0,0.167,65703.0,1
B0188,temporary_stress,5,15307.0,9656.0,2537.0,0.167,65703.0,1
B0188,temporary_stress,6,15612.0,9664.0,2537.0,0.167,65703.0,1
B0188,temporary_stress,7,15439.0,9912.0,2537.0,0.167,65703.0,1
B0188,temporary_stress,8,15588.0,9987.0,2537.0,0.167,65703.0,1
B0188,temporary_stress,9,15825.0,9580.0,2537.0,0.167,65703.0,1
B0188,temporary_stress,10,15698.0,9173.0,2537.0,0.167,65703.0,1
B0188,temporary_stress,11,15757.0,9142.0,2537.0,0.167,65703.0,1
B0188,temporary_stress,12,15838.0,9314.0,2537.0,0.167,65703.0,1
B0188,temporary_stress,13,15591.0,9464.0,2537.0,0.167,65703.0,1
B0188,temporary_stress,14,15357.0,9178.0,2537.0,0.167,65703.0,1
B0188,temporary_stress,15,15504.0,9426.0,2537.0,0.167,65703.0,1
B0188,temporary_stress,16,15431.0,9775.0,2537.0,0.167,65703.0,1
B0188,temporary_stress,17,15491.0,9791.0,2537.0,0.167,65703.0,1
B0188,temporary_stress,18,15037.0,9877.0,2537.0,0.167,65703.0,1
B0188,temporary_stress,19,14855.0,9614.0,2537.0,0.167,65703.0,1
B0188,temporary_stress,20,14979.0,9512.0,2537.0,0.167,65703.0,1
B0188,temporary_stress,21,7769.0,9593.0,2537.0,0.167,65703.0,0
B0188,temporary_stress,22,7793.0,9579.0,2537.0,0.167,65703.0,0
B0188,temporary_stress,23,7805.0,9609.0,2537.0,0.167,65703.0,0
B0188,temporary_stress,24,9390.0,9702.0,2537.0,0.167,65703.0,0
B0188,temporary_stress,25,10523.0,9523.0,2537.0,0.167,65703.0,0
B0188,temporary_stress,26,11903.0,9578.0,2537.0,0.167,65703.0,0
B0188,temporary_stress,27,12991.0,9880.0,2537.0,0.167,65703.0,1
B0188,temporary_stress,28,13883.0,9832.0,2537.0,0.167,65703.0,1
B0188,temporary_stress,29,14614.0,9938.0,2537.0,0.167,65703.0,1
B0188,temporary_stress,30,15563.0,9893.0,2537.0,0.167,65703.0,1
B0188,temporary_stress,31,15753.0,9923.0,2537.0,0.167,65703.0,1
B0188,temporary_stress,32,15581.0,9709.0,2537.0,0.167,65703.0,1
B0188,temporary_stress,33,15459.0,9506.0,2537.0,0.167,65703.0,1
B0188,temporary_stress,34,15184.0,9867.0,2537.0,0.167,65703.0,1
B0188,temporary_stress,35,15258.0,9871.0,2537.0,0.167,65703.0,1
B0188,temporary_stress,36,15126.0,9439.0,2537.0,0.167,65703.0,1
B0188,temporary_stress,37,15268.0,9616.0,2537.0,0.167,65703.0,1
B0188,temporary_stress,38,15199.0,10056.0,2537.0,0.167,65703.0,1
B0188,temporary_stress,39,14884.0,10204.0,2537.0,0.167,65703.0,1
B0189,structural_decline,0,19130.0,10559.0,2844.0,0.093,94152.0,1
B0189,structural_decline,1,19039.0,10711.0,2844.0,0.093,94152.0,1
B0189,structural_decline,2,19059.0,10968.0,2844.0,0.093,94152.0,1
B0189,structural_decline,3,18931.0,10328.0,2844.0,0.093,94152.0,1
B0189,structural_decline,4,18894.0,10354.0,2844.0,0.093,94152.0,1
B0189,structural_decline,5,19062.0,10891.0,2844.0,0.093,94152.0,1
B0189,structural_decline,6,19042.0,10791.0,2844.0,0.093,94152.0,1
B0189,structural_decline,7,18855.0,10769.0,2844.0,0.093,94152.0,1
B0189,structural_decline,8,18924.0,10827.0,2844.0,0.093,94152.0,1
B0189,structural_decline,9,19073.0,10673.0,2844.0,0.093,94152.0,1
B0189,structural_decline,10,18735.0,11059.0,2844.0,0.093,94152.0,1
B0189,structural_decline,11,18146.0,10824.0,2844.0,0.093,94152.0,1
B0189,structural_decline,12,17918.0,10745.0,2844.0,0.093,94152.0,1
B0189,structural_decline,13,17533.0,10723.0,2844.0,0.093,94152.0,1
B0189,structural_decline,14,17312.0,10859.0,2844.0,0.093,94152.0,1
B0189,structural_decline,15,16909.0,11462.0,2844.0,0.093,94152.0,1
B0189,structural_decline,16,16365.0,11395.0,2844.0,0.093,94152.0,1
B0189,structural_decline,17,15844.0,10884.0,2844.0,0.093,94152.0,1
B0189,structural_decline,18,15439.0,11108.0,2844.0,0.093,94152.0,1
B0189,structural_decline,19,15461.0,11334.0,2844.0,0.093,94152.0,1
B0189,structural_decline,20,14968.0,10850.0,2844.0,0.093,94152.0,1
B0189,structural_decline,21,14313.0,10523.0,2844.0,0.093,94152.0,1
B0189,structural_decline,22,14103.0,10706.0,2844.0,0.093,94152.0,1
B0189,structural_decline,23,13790.0,10551.0,2844.0,0.093,94152.0,1
B0189,structural_decline,24,13579.0,10510.0,2844.0,0.093,94152.0,1
B0189,structural_decline,25,12973.0,10799.0,2844.0,0.093,94152.0,0
B0189,structural_decline,26,12696.0,10686.0,2844.0,0.093,94152.0,0
B0189,structural_decline,27,12422.0,10364.0,2844.0,0.093,94152.0,0
B0189,structural_decline,28,12187.0,10421.0,2844.0,0.093,94152.0,0
B0189,structural_decline,29,11862.0,10402.0,2844.0,0.093,94152.0,0
B0189,structural_decline,30,11755.0,10499.0,2844.0,0.093,94152.0,0
B0189,structural_decline,31,11388.0,10547.0,2844.0,0.093,94152.0,0
B0189,structural_decline,32,11209.0,10891.0,2844.0,0.093,94152.0,0
B0189,structural_decline,33,11103.0,10949.0,2844.0,0.093,94152.0,0
B0189,structural_decline,34,10816.0,10873.0,2844.0,0.093,94152.0,0
B0189,structural_decline,35,10503.0,10726.0,2844.0,0.093,94152.0,0
B0189,structural_decline,36,10135.0,11040.0,2844.0,0.093,94152.0,0
B0189,structural_decline,37,9827.0,11350.0,2844.0,0.093,94152.0,0
B0190,structural_decline,0,16600.0,10865.0,3461.0,0.085,44036.0,1
B0190,structural_decline,1,16645.0,10415.0,3461.0,0.085,44036.0,1
B0190,structural_decline,2,17102.0,10316.0,3461.0,0.085,44036.0,1
B0190,structural_decline,3,17288.0,10513.0,3461.0,0.085,44036.0,1
B0190,structural_decline,4,16873.0,10327.0,3461.0,0.085,44036.0,1
B0190,structural_decline,5,16931.0,10151.0,3461.0,0.085,44036.0,1
B0190,structural_decline,6,17098.0,10325.0,3461.0,0.085,44036.0,1
B0190,structural_decline,7,17008.0,10468.0,3461.0,0.085,44036.0,1
B0190,structural_decline,8,16929.0,10065.0,3461.0,0.085,44036.0,1
B0190,structural_decline,9,16983.0,10077.0,3461.0,0.085,44036.0,1
B0190,structural_decline,10,16831.0,10047.0,3461.0,0.085,44036.0,1
B0190,structural_decline,11,16622.0,10000.0,3461.0,0.085,44036.0,1
B0190,structural_decline,12,16123.0,10238.0,3461.0,0.085,44036.0,1
B0190,structural_decline,13,15850.0,10458.0,3461.0,0.085,44036.0,1
B0190,structural_decline,14,15479.0,10367.0,3461.0,0.085,44036.0,1
B0190,structural_decline,15,15308.0,10079.0,3461.0,0.085,44036.0,1
B0190,structural_decline,16,15089.0,10002.0,3461.0,0.085,44036.0,1
B0190,structural_decline,17,14743.0,10326.0,3461.0,0.085,44036.0,1
B0190,structural_decline,18,14108.0,10387.0,3461.0,0.085,44036.0,1
B0190,structural_decline,19,14018.0,10373.0,3461.0,0.085,44036.0,1
B0190,structural_decline,20,13968.0,10205.0,3461.0,0.085,44036.0,1
B0190,structural_decline,21,13576.0,10224.0,3461.0,0.085,44036.0,0
B0190,structural_decline,22,12983.0,10318.0,3461.0,0.085,44036.0,0
B0190,structural_decline,23,12620.0,10704.0,3461.0,0.085,44036.0,0
B0190,structural_decline,24,12383.0,10286.0,3461.0,0.085,44036.0,0
B0190,structural_decline,25,12152.0,10180.0,3461.0,0.085,44036.0,0
B0190,structural_decline,26,11864.0,10071.0,3461.0,0.085,44036.0,0
B0190,structural_decline,27,11638.0,10430.0,3461.0,0.085,44036.0,0
B0190,structural_decline,28,11257.0,10441.0,3461.0,0.085,44036.0,0
B0190,structural_decline,29,10925.0,10195.0,3461.0,0.085,44036.0,0
B0190,structural_decline,30,10875.0,10402.0,3461.0,0.085,44036.0,0
B0191,stable,0,14519.0,9248.0,1764.0,0.11,36352.0,1
B0191,stable,1,14304.0,9092.0,1764.0,0.11,36352.0,1
B0191,stable,2,14388.0,9432.0,1764.0,0.11,36352.0,1
B0191,stable,3,14456.0,9162.0,1764.0,0.11,36352.0,1
B0191,stable,4,14154.0,8858.0,1764.0,0.11,36352.0,1
B0191,stable,5,13878.0,9092.0,1764.0,0.11,36352.0,1
B0191,stable,6,13945.0,8807.0,1764.0,0.11,36352.0,1
B0191,stable,7,13873.0,8589.0,1764.0,0.11,36352.0,1
B0191,stable,8,13877.0,8718.0,1764.0,0.11,36352.0,1
B0191,stable,9,13894.0,8850.0,1764.0,0.11,36352.0,1
B0191,stable,10,13945.0,9231.0,1764.0,0.11,36352.0,1
B0191,stable,11,14088.0,9086.0,1764.0,0.11,36352.0,1
B0191,stable,12,14230.0,8893.0,1764.0,0.11,36352.0,1
B0191,stable,13,14433.0,8785.0,1764.0,0.11,36352.0,1
B0191,stable,14,14457.0,8929.0,1764.0,0.11,36352.0,1
B0191,stable,15,14648.0,9285.0,1764.0,0.11,36352.0,1
B0191,stable,16,14749.0,9161.0,1764.0,0.11,36352.0,1
B0191,stable,17,14927.0,9140.0,1764.0,0.11,36352.0,1
B0191,stable,18,15048.0,8826.0,1764.0,0.11,36352.0,1
B0191,stable,19,15161.0,8830.0,1764.0,0.11,36352.0,1
B0191,stable,20,15146.0,8746.0,1764.0,0.11,36352.0,1
B0191,stable,21,14726.0,8819.0,1764.0,0.11,36352.0,1
B0191,stable,22,14544.0,9246.0,1764.0,0.11,36352.0,1
B0191,stable,23,14877.0,9760.0,1764.0,0.11,36352.0,1
B0191,stable,24,14693.0,9546.0,1764.0,0.11,36352.0,1
B0191,stable,25,14316.0,9340.0,1764.0,0.11,36352.0,1
B0191,stable,26,14299.0,9566.0,1764.0,0.11,36352.0,1
B0191,stable,27,14318.0,9502.0,1764.0,0.11,36352.0,1
B0191,stable,28,14521.0,9421.0,1764.0,0.11,36352.0,1
B0191,stable,29,14494.0,9444.0,1764.0,0.11,36352.0,1
B0191,stable,30,14649.0,9482.0,1764.0,0.11,36352.0,1
B0191,stable,31,14661.0,8886.0,1764.0,0.11,36352.0,1
B0191,stable,32,14556.0,8850.0,1764.0,0.11,36352.0,1
B0192,temporary_stress,0,13603.0,7693.0,2512.0,0.127,42551.0,1
B0192,temporary_stress,1,13331.0,7628.0,2512.0,0.127,42551.0,1
B0192,temporary_stress,2,13376.0,7494.0,2512.0,0.127,42551.0,1
B0192,temporary_stress,3,13497.0,7345.0,2512.0,0.127,42551.0,1
B0192,temporary_stress,4,13580.0,7418.0,2512.0,0.127,42551.0,1
B0192,temporary_stress,5,13619.0,7616.0,2512.0,0.127,42551.0,1
B0192,temporary_stress,6,13830.0,7533.0,2512.0,0.127,42551.0,1
B0192,temporary_stress,7,13980.0,7308.0,2512.0,0.127,42551.0,1
B0192,temporary_stress,8,7521.0,7231.0,2512.0,0.127,42551.0,0
B0192,temporary_stress,9,7520.0,7405.0,2512.0,0.127,42551.0,0
B0192,temporary_stress,10,7438.0,7295.0,2512.0,0.127,42551.0,0
B0192,temporary_stress,11,7518.0,7420.0,2512.0,0.127,42551.0,0
B0192,temporary_stress,12,7626.0,7281.0,2512.0,0.127,42551.0,0
B0192,temporary_stress,13,7507.0,7255.0,2512.0,0.127,42551.0,0
B0192,temporary_stress,14,9623.0,7396.0,2512.0,0.127,42551.0,0
B0192,temporary_stress,15,10983.0,7307.0,2512.0,0.127,42551.0,1
B0192,temporary_stress,16,12334.0,7287.0,2512.0,0.127,42551.0,1
B0192,temporary_stress,17,13622.0,7418.0,2512.0,0.127,42551.0,1
B0192,temporary_stress,18,13500.0,7219.0,2512.0,0.127,42551.0,1
B0192,temporary_stress,19,13738.0,7050.0,2512.0,0.127,42551.0,1
B0192,temporary_stress,20,13820.0,7400.0,2512.0,0.127,42551.0,1
B0192,temporary_stress,21,13698.0,7424.0,2512.0,0.127,42551.0,1
B0192,temporary_stress,22,13762.0,7227.0,2512.0,0.127,42551.0,1
B0192,temporary_stress,23,13870.0,7157.0,2512.0,0.127,42551.0,1
B0192,temporary_stress,24,13996.0,7198.0,2512.0,0.127,42551.0,1
B0192,temporary_stress,25,14109.0,7420.0,2512.0,0.127,42551.0,1
B0192,temporary_stress,26,14440.0,7629.0,2512.0,0.127,42551.0,1
B0192,temporary_stress,27,14353.0,7822.0,2512.0,0.127,42551.0,1
B0192,temporary_stress,28,14013.0,7892.0,2512.0,0.127,42551.0,1
B0192,temporary_stress,29,13920.0,7928.0,2512.0,0.127,42551.0,1
B0192,temporary_stress,30,14127.0,7564.0,2512.0,0.127,42551.0,1
B0192,temporary_stress,31,13849.0,7634.0,2512.0,0.127,42551.0,1
B0192,temporary_stress,32,13640.0,7678.0,2512.0,0.127,42551.0,1
B0192,temporary_stress,33,13773.0,7444.0,2512.0,0.127,42551.0,1
B0192,temporary_stress,34,13504.0,7477.0,2512.0,0.127,42551.0,1
B0192,temporary_stress,35,13440.0,7547.0,2512.0,0.127,42551.0,1
B0192,temporary_stress,36,13434.0,7366.0,2512.0,0.127,42551.0,1
B0192,temporary_stress,37,13610.0,7056.0,2512.0,0.127,42551.0,1
B0192,temporary_stress,38,13756.0,7202.0,2512.0,0.127,42551.0,1
B0192,temporary_stress,39,13747.0,7078.0,2512.0,0.127,42551.0,1
B0192,temporary_stress,40,13773.0,7196.0,2512.0,0.127,42551.0,1
B0192,temporary_stress,41,13987.0,7381.0,2512.0,0.127,42551.0,1
B0193,temporary_stress,0,10553.0,8249.0,2118.0,0.136,43636.0,1
B0193,temporary_stress,1,10494.0,7941.0,2118.0,0.136,43636.0,1
B0193,temporary_stress,2,10600.0,7798.0,2118.0,0.136,43636.0,1
B0193,temporary_stress,3,10531.0,7635.0,2118.0,0.136,43636.0,1
B0193,temporary_stress,4,10398.0,7335.0,2118.0,0.136,43636.0,1
B0193,temporary_stress,5,10294.0,7527.0,2118.0,0.136,43636.0,1
B0193,temporary_stress,6,9988.0,7775.0,2118.0,0.136,43636.0,1
B0193,temporary_stress,7,9899.0,7432.0,2118.0,0.136,43636.0,1
B0193,temporary_stress,8,9863.0,7631.0,2118.0,0.136,43636.0,1
B0193,temporary_stress,9,9948.0,7564.0,2118.0,0.136,43636.0,1
B0193,temporary_stress,10,9927.0,7567.0,2118.0,0.136,43636.0,1
B0193,temporary_stress,11,9882.0,7760.0,2118.0,0.136,43636.0,1
B0193,temporary_stress,12,10075.0,7488.0,2118.0,0.136,43636.0,1
B0193,temporary_stress,13,10206.0,7404.0,2118.0,0.136,43636.0,1
B0193,temporary_stress,14,10253.0,7614.0,2118.0,0.136,43636.0,1
B0193,temporary_stress,15,10138.0,7758.0,2118.0,0.136,43636.0,1
B0193,temporary_stress,16,10178.0,7791.0,2118.0,0.136,43636.0,1
B0193,temporary_stress,17,10342.0,7724.0,2118.0,0.136,43636.0,1
B0193,temporary_stress,18,10505.0,7572.0,2118.0,0.136,43636.0,1
B0193,temporary_stress,19,10551.0,7586.0,2118.0,0.136,43636.0,1
B0193,temporary_stress,20,10451.0,7617.0,2118.0,0.136,43636.0,1
B0193,temporary_stress,21,5790.0,7642.0,2118.0,0.136,43636.0,0
B0193,temporary_stress,22,5784.0,7527.0,2118.0,0.136,43636.0,0
B0193,temporary_stress,23,5817.0,7431.0,2118.0,0.136,43636.0,0
B0193,temporary_stress,24,5699.0,7638.0,2118.0,0.136,43636.0,0
B0193,temporary_stress,25,5585.0,7814.0,2118.0,0.136,43636.0,0
B0193,temporary_stress,26,5643.0,7881.0,2118.0,0.136,43636.0,0
B0193,temporary_stress,27,6209.0,7918.0,2118.0,0.136,43636.0,0
B0193,temporary_stress,28,6939.0,7994.0,2118.0,0.136,43636.0,0
B0193,temporary_stress,29,7869.0,7846.0,2118.0,0.136,43636.0,0
B0193,temporary_stress,30,8658.0,7736.0,2118.0,0.136,43636.0,0
B0193,temporary_stress,31,9343.0,7631.0,2118.0,0.136,43636.0,0
B0193,temporary_stress,32,10187.0,7622.0,2118.0,0.136,43636.0,1
B0193,temporary_stress,33,10251.0,7412.0,2118.0,0.136,43636.0,1
B0193,temporary_stress,34,10468.0,7080.0,2118.0,0.136,43636.0,1
B0193,temporary_stress,35,10628.0,7419.0,2118.0,0.136,43636.0,1
B0193,temporary_stress,36,10389.0,7604.0,2118.0,0.136,43636.0,1
B0193,temporary_stress,37,10252.0,7384.0,2118.0,0.136,43636.0,1
B0193,temporary_stress,38,9941.0,7354.0,2118.0,0.136,43636.0,1
B0193,temporary_stress,39,9928.0,7493.0,2118.0,0.136,43636.0,1
B0193,temporary_stress,40,10043.0,7715.0,2118.0,0.136,43636.0,1
B0193,temporary_stress,41,10073.0,7510.0,2118.0,0.136,43636.0,1
B0194,structural_decline,0,11543.0,8282.0,1685.0,0.283,55556.0,1
B0194,structural_decline,1,11512.0,8167.0,1685.0,0.283,55556.0,1
B0194,structural_decline,2,11565.0,8224.0,1685.0,0.283,55556.0,1
B0194,structural_decline,3,11662.0,8052.0,1685.0,0.283,55556.0,1
B0194,structural_decline,4,11381.0,7856.0,1685.0,0.283,55556.0,1
B0194,structural_decline,5,11370.0,7946.0,1685.0,0.283,55556.0,1
B0194,structural_decline,6,11387.0,8317.0,1685.0,0.283,55556.0,1
B0194,structural_decline,7,11279.0,8392.0,1685.0,0.283,55556.0,1
B0194,structural_decline,8,11271.0,8297.0,1685.0,0.283,55556.0,1
B0194,structural_decline,9,11139.0,8275.0,1685.0,0.283,55556.0,1
B0194,structural_decline,10,11045.0,8262.0,1685.0,0.283,55556.0,1
B0194,structural_decline,11,10785.0,8157.0,1685.0,0.283,55556.0,1
B0194,structural_decline,12,10680.0,8134.0,1685.0,0.283,55556.0,1
B0194,structural_decline,13,10424.0,8291.0,1685.0,0.283,55556.0,1
B0194,structural_decline,14,10150.0,8232.0,1685.0,0.283,55556.0,1
B0194,structural_decline,15,9865.0,8090.0,1685.0,0.283,55556.0,1
B0194,structural_decline,16,9857.0,7934.0,1685.0,0.283,55556.0,1
B0194,structural_decline,17,9676.0,7861.0,1685.0,0.283,55556.0,1
B0194,structural_decline,18,9502.0,7779.0,1685.0,0.283,55556.0,1
B0194,structural_decline,19,9487.0,7750.0,1685.0,0.283,55556.0,1
B0194,structural_decline,20,9187.0,7849.0,1685.0,0.283,55556.0,0
B0194,structural_decline,21,8960.0,8278.0,1685.0,0.283,55556.0,0
B0194,structural_decline,22,8739.0,7942.0,1685.0,0.283,55556.0,0
B0194,structural_decline,23,8624.0,7607.0,1685.0,0.283,55556.0,0
B0194,structural_decline,24,8489.0,7829.0,1685.0,0.283,55556.0,0
B0194,structural_decline,25,8153.0,7646.0,1685.0,0.283,55556.0,0
B0194,structural_decline,26,8065.0,7466.0,1685.0,0.283,55556.0,0
B0194,structural_decline,27,8120.0,7580.0,1685.0,0.283,55556.0,0
B0194,structural_decline,28,8040.0,7802.0,1685.0,0.283,55556.0,0
B0194,structural_decline,29,8010.0,7355.0,1685.0,0.283,55556.0,0
B0195,structural_decline,0,10023.0,7108.0,1869.0,0.097,36310.0,1
B0195,structural_decline,1,9921.0,7296.0,1869.0,0.097,36310.0,1
B0195,structural_decline,2,9910.0,7119.0,1869.0,0.097,36310.0,1
B0195,structural_decline,3,10102.0,6930.0,1869.0,0.097,36310.0,1
B0195,structural_decline,4,10018.0,6857.0,1869.0,0.097,36310.0,1
B0195,structural_decline,5,10026.0,7004.0,1869.0,0.097,36310.0,1
B0195,structural_decline,6,9990.0,7147.0,1869.0,0.097,36310.0,1
B0195,structural_decline,7,10118.0,6889.0,1869.0,0.097,36310.0,1
B0195,structural_decline,8,10131.0,6750.0,1869.0,0.097,36310.0,1
B0195,structural_decline,9,9943.0,6766.0,1869.0,0.097,36310.0,1
B0195,structural_decline,10,9817.0,6844.0,1869.0,0.097,36310.0,1
B0195,structural_decline,11,9812.0,6635.0,1869.0,0.097,36310.0,1
B0195,structural_decline,12,9698.0,6591.0,1869.0,0.097,36310.0,1
B0195,structural_decline,13,9470.0,6869.0,1869.0,0.097,36310.0,1
B0195,structural_decline,14,9342.0,6942.0,1869.0,0.097,36310.0,1
B0195,structural_decline,15,9244.0,6774.0,1869.0,0.097,36310.0,1
B0195,structural_decline,16,8960.0,6810.0,1869.0,0.097,36310.0,1
B0195,structural_decline,17,8907.0,6915.0,1869.0,0.097,36310.0,1
B0195,structural_decline,18,8967.0,6827.0,1869.0,0.097,36310.0,1
B0195,structural_decline,19,8798.0,6769.0,1869.0,0.097,36310.0,1
B0195,structural_decline,20,8508.0,6747.0,1869.0,0.097,36310.0,0
B0195,structural_decline,21,8253.0,6833.0,1869.0,0.097,36310.0,0
B0195,structural_decline,22,8322.0,6837.0,1869.0,0.097,36310.0,0
B0195,structural_decline,23,8156.0,6832.0,1869.0,0.097,36310.0,0
B0195,structural_decline,24,7899.0,7112.0,1869.0,0.097,36310.0,0
B0195,structural_decline,25,7795.0,7178.0,1869.0,0.097,36310.0,0
B0195,structural_decline,26,7715.0,6805.0,1869.0,0.097,36310.0,0
B0195,structural_decline,27,7580.0,6875.0,1869.0,0.097,36310.0,0
B0195,structural_decline,28,7475.0,7055.0,1869.0,0.097,36310.0,0
B0195,structural_decline,29,7389.0,6995.0,1869.0,0.097,36310.0,0
B0195,structural_decline,30,5961.0,7019.0,1869.0,0.097,36310.0,0
B0195,structural_decline,31,5842.0,7026.0,1869.0,0.097,36310.0,0
B0195,structural_decline,32,5824.0,6759.0,1869.0,0.097,36310.0,0
B0195,structural_decline,33,5754.0,6885.0,1869.0,0.097,36310.0,0
B0195,structural_decline,34,6833.0,7022.0,1869.0,0.097,36310.0,0
B0195,structural_decline,35,6787.0,6909.0,1869.0,0.097,36310.0,0
B0195,structural_decline,36,6557.0,6648.0,1869.0,0.097,36310.0,0
B0195,structural_decline,37,6550.0,6791.0,1869.0,0.097,36310.0,0
B0195,structural_decline,38,6431.0,6941.0,1869.0,0.097,36310.0,0
B0195,structural_decline,39,6318.0,6914.0,1869.0,0.097,36310.0,0
B0195,structural_decline,40,6207.0,6557.0,1869.0,0.097,36310.0,0
B0196,temporary_stress,0,17368.0,8741.0,1954.0,0.093,76675.0,1
B0196,temporary_stress,1,17430.0,8851.0,1954.0,0.093,76675.0,1
B0196,temporary_stress,2,17464.0,8569.0,1954.0,0.093,76675.0,1
B0196,temporary_stress,3,17110.0,8457.0,1954.0,0.093,76675.0,1
B0196,temporary_stress,4,16865.0,8593.0,1954.0,0.093,76675.0,1
B0196,temporary_stress,5,16880.0,8565.0,1954.0,0.093,76675.0,1
B0196,temporary_stress,6,16945.0,8684.0,1954.0,0.093,76675.0,1
B0196,temporary_stress,7,17044.0,8629.0,1954.0,0.093,76675.0,1
B0196,temporary_stress,8,17291.0,8692.0,1954.0,0.093,76675.0,1
B0196,temporary_stress,9,17413.0,8647.0,1954.0,0.093,76675.0,1
B0196,temporary_stress,10,17455.0,8629.0,1954.0,0.093,76675.0,1
B0196,temporary_stress,11,17610.0,8702.0,1954.0,0.093,76675.0,1
B0196,temporary_stress,12,8361.0,8444.0,1954.0,0.093,76675.0,0
B0196,temporary_stress,13,8558.0,8626.0,1954.0,0.093,76675.0,0
B0196,temporary_stress,14,8617.0,8790.0,1954.0,0.093,76675.0,0
B0196,temporary_stress,15,8505.0,8951.0,1954.0,0.093,76675.0,0
B0196,temporary_stress,16,10519.0,8929.0,1954.0,0.093,76675.0,0
B0196,temporary_stress,17,11289.0,9099.0,1954.0,0.093,76675.0,1
B0196,temporary_stress,18,12340.0,8923.0,1954.0,0.093,76675.0,1
B0196,temporary_stress,19,13369.0,8659.0,1954.0,0.093,76675.0,1
B0196,temporary_stress,20,14453.0,8764.0,1954.0,0.093,76675.0,1
B0196,temporary_stress,21,15484.0,8791.0,1954.0,0.093,76675.0,1
B0196,temporary_stress,22,15988.0,8986.0,1954.0,0.093,76675.0,1
B0196,temporary_stress,23,16896.0,8784.0,1954.0,0.093,76675.0,1
B0196,temporary_stress,24,17053.0,8643.0,1954.0,0.093,76675.0,1
B0196,temporary_stress,25,17160.0,8924.0,1954.0,0.093,76675.0,1
B0196,temporary_stress,26,17447.0,8890.0,1954.0,0.093,76675.0,1
B0196,temporary_stress,27,17515.0,8761.0,1954.0,0.093,76675.0,1
B0196,temporary_stress,28,17665.0,8628.0,1954.0,0.093,76675.0,1
B0196,temporary_stress,29,17489.0,8977.0,1954.0,0.093,76675.0,1
B0196,temporary_stress,30,17623.0,8907.0,1954.0,0.093,76675.0,1
B0196,temporary_stress,31,18048.0,8880.0,1954.0,0.093,76675.0,1
B0196,temporary_stress,32,18045.0,8525.0,1954.0,0.093,76675.0,1
B0196,temporary_stress,33,17738.0,8342.0,1954.0,0.093,76675.0,1
B0196,temporary_stress,34,17486.0,8392.0,1954.0,0.093,76675.0,1
B0196,temporary_stress,35,17290.0,8888.0,1954.0,0.093,76675.0,1
B0197,structural_decline,0,16641.0,8776.0,2580.0,0.193,55024.0,1
B0197,structural_decline,1,16884.0,8567.0,2580.0,0.193,55024.0,1
B0197,structural_decline,2,16992.0,8660.0,2580.0,0.193,55024.0,1
B0197,structural_decline,3,17142.0,8709.0,2580.0,0.193,55024.0,1
B0197,structural_decline,4,16759.0,8614.0,2580.0,0.193,55024.0,1
B0197,structural_decline,5,16844.0,8220.0,2580.0,0.193,55024.0,1
B0197,structural_decline,6,16948.0,8204.0,2580.0,0.193,55024.0,1
B0197,structural_decline,7,16987.0,8257.0,2580.0,0.193,55024.0,1
B0197,structural_decline,8,16952.0,8438.0,2580.0,0.193,55024.0,1
B0197,structural_decline,9,16890.0,8535.0,2580.0,0.193,55024.0,1
B0197,structural_decline,10,17030.0,8516.0,2580.0,0.193,55024.0,1
B0197,structural_decline,11,17018.0,8647.0,2580.0,0.193,55024.0,1
B0197,structural_decline,12,16821.0,8536.0,2580.0,0.193,55024.0,1
B0197,structural_decline,13,16992.0,8529.0,2580.0,0.193,55024.0,1
B0197,structural_decline,14,16750.0,8751.0,2580.0,0.193,55024.0,1
B0197,structural_decline,15,16470.0,8644.0,2580.0,0.193,55024.0,1
B0197,structural_decline,16,16259.0,8840.0,2580.0,0.193,55024.0,1
B0197,structural_decline,17,15947.0,8685.0,2580.0,0.193,55024.0,1
B0197,structural_decline,18,14034.0,8489.0,2580.0,0.193,55024.0,1
B0197,structural_decline,19,13823.0,8565.0,2580.0,0.193,55024.0,1
B0197,structural_decline,20,13781.0,8459.0,2580.0,0.193,55024.0,1
B0197,structural_decline,21,15352.0,8818.0,2580.0,0.193,55024.0,1
B0197,structural_decline,22,15073.0,9050.0,2580.0,0.193,55024.0,1
B0197,structural_decline,23,15044.0,8740.0,2580.0,0.193,55024.0,1
B0197,structural_decline,24,15034.0,8580.0,2580.0,0.193,55024.0,1
B0197,structural_decline,25,14582.0,8562.0,2580.0,0.193,55024.0,1
B0197,structural_decline,26,14354.0,8892.0,2580.0,0.193,55024.0,1
B0197,structural_decline,27,14071.0,8713.0,2580.0,0.193,55024.0,1
B0197,structural_decline,28,13660.0,8572.0,2580.0,0.193,55024.0,1
B0197,structural_decline,29,13451.0,8361.0,2580.0,0.193,55024.0,1
B0198,stable,0,13866.0,8382.0,2883.0,0.232,49491.0,1
B0198,stable,1,14163.0,8310.0,2883.0,0.232,49491.0,1
B0198,stable,2,14231.0,8140.0,2883.0,0.232,49491.0,1
B0198,stable,3,14130.0,8242.0,2883.0,0.232,49491.0,1
B0198,stable,4,14362.0,8148.0,2883.0,0.232,49491.0,1
B0198,stable,5,14511.0,8298.0,2883.0,0.232,49491.0,1
B0198,stable,6,15019.0,8130.0,2883.0,0.232,49491.0,1
B0198,stable,7,14904.0,7994.0,2883.0,0.232,49491.0,1
B0198,stable,8,14983.0,7975.0,2883.0,0.232,49491.0,1
B0198,stable,9,15122.0,7994.0,2883.0,0.232,49491.0,1
B0198,stable,10,14799.0,7915.0,2883.0,0.232,49491.0,1
B0198,stable,11,14749.0,7927.0,2883.0,0.232,49491.0,1
B0198,stable,12,14781.0,8340.0,2883.0,0.232,49491.0,1
B0198,stable,13,14749.0,8193.0,2883.0,0.232,49491.0,1
B0198,stable,14,14505.0,7978.0,2883.0,0.232,49491.0,1
B0198,stable,15,14605.0,7768.0,2883.0,0.232,49491.0,1
B0198,stable,16,14621.0,7767.0,2883.0,0.232,49491.0,1
B0198,stable,17,14459.0,8019.0,2883.0,0.232,49491.0,1
B0198,stable,18,14589.0,8287.0,2883.0,0.232,49491.0,1
B0198,stable,19,14481.0,8189.0,2883.0,0.232,49491.0,1
B0198,stable,20,14469.0,8314.0,2883.0,0.232,49491.0,1
B0198,stable,21,14622.0,8396.0,2883.0,0.232,49491.0,1
B0198,stable,22,14547.0,8644.0,2883.0,0.232,49491.0,1
B0198,stable,23,14547.0,8490.0,2883.0,0.232,49491.0,1
B0198,stable,24,15087.0,8242.0,2883.0,0.232,49491.0,1
B0198,stable,25,15218.0,8165.0,2883.0,0.232,49491.0,1
B0198,stable,26,15279.0,8034.0,2883.0,0.232,49491.0,1
B0198,stable,27,15349.0,8334.0,2883.0,0.232,49491.0,1
B0198,stable,28,15452.0,8205.0,2883.0,0.232,49491.0,1
B0198,stable,29,15721.0,7892.0,2883.0,0.232,49491.0,1
B0199,stable,0,17348.0,9435.0,3524.0,0.214,63343.0,1
B0199,stable,1,17296.0,9491.0,3524.0,0.214,63343.0,1
B0199,stable,2,17278.0,9861.0,3524.0,0.214,63343.0,1
B0199,stable,3,17517.0,10048.0,3524.0,0.214,63343.0,1
B0199,stable,4,17519.0,9606.0,3524.0,0.214,63343.0,1
B0199,stable,5,17572.0,9233.0,3524.0,0.214,63343.0,1
B0199,stable,6,17934.0,9359.0,3524.0,0.214,63343.0,1
B0199,stable,7,18423.0,9409.0,3524.0,0.214,63343.0,1
B0199,stable,8,18352.0,9524.0,3524.0,0.214,63343.0,1
B0199,stable,9,18042.0,9434.0,3524.0,0.214,63343.0,1
B0199,stable,10,18002.0,9466.0,3524.0,0.214,63343.0,1
B0199,stable,11,18497.0,9586.0,3524.0,0.214,63343.0,1
B0199,stable,12,18572.0,9565.0,3524.0,0.214,63343.0,1
B0199,stable,13,18573.0,9715.0,3524.0,0.214,63343.0,1
B0199,stable,14,18163.0,10010.0,3524.0,0.214,63343.0,1
B0199,stable,15,18277.0,9774.0,3524.0,0.214,63343.0,1
B0199,stable,16,18185.0,9631.0,3524.0,0.214,63343.0,1
B0199,stable,17,18183.0,9462.0,3524.0,0.214,63343.0,1
B0199,stable,18,18469.0,9476.0,3524.0,0.214,63343.0,1
B0199,stable,19,18172.0,9687.0,3524.0,0.214,63343.0,1
B0199,stable,20,18158.0,9814.0,3524.0,0.214,63343.0,1
B0199,stable,21,18079.0,9860.0,3524.0,0.214,63343.0,1
B0199,stable,22,17966.0,9877.0,3524.0,0.214,63343.0,1
B0199,stable,23,17920.0,9895.0,3524.0,0.214,63343.0,1
B0199,stable,24,17872.0,9907.0,3524.0,0.214,63343.0,1
B0199,stable,25,17859.0,9946.0,3524.0,0.214,63343.0,1
B0199,stable,26,18137.0,10061.0,3524.0,0.214,63343.0,1
B0199,stable,27,18729.0,9829.0,3524.0,0.214,63343.0,1
B0199,stable,28,19028.0,9797.0,3524.0,0.214,63343.0,1
B0199,stable,29,18909.0,10031.0,3524.0,0.214,63343.0,1
B0199,stable,30,18944.0,9732.0,3524.0,0.214,63343.0,1
B0199,stable,31,19111.0,9548.0,3524.0,0.214,63343.0,1
B0199,stable,32,19248.0,9668.0,3524.0,0.214,63343.0,1
B0199,stable,33,19342.0,9844.0,3524.0,0.214,63343.0,1
B0199,stable,34,19470.0,9615.0,3524.0,0.214,63343.0,1
B0199,stable,35,19596.0,10021.0,3524.0,0.214,63343.0,1
B0200,stable,0,13669.0,8778.0,1803.0,0.155,40927.0,1
B0200,stable,1,13742.0,8822.0,1803.0,0.155,40927.0,1
B0200,stable,2,13770.0,8787.0,1803.0,0.155,40927.0,1
B0200,stable,3,13539.0,8623.0,1803.0,0.155,40927.0,1
B0200,stable,4,13260.0,8664.0,1803.0,0.155,40927.0,1
B0200,stable,5,13272.0,8904.0,1803.0,0.155,40927.0,1
B0200,stable,6,13175.0,8979.0,1803.0,0.155,40927.0,1
B0200,stable,7,13110.0,8986.0,1803.0,0.155,40927.0,1
B0200,stable,8,13067.0,8955.0,1803.0,0.155,40927.0,1
B0200,stable,9,13072.0,8787.0,1803.0,0.155,40927.0,1
B0200,stable,10,12922.0,8748.0,1803.0,0.155,40927.0,1
B0200,stable,11,12876.0,8890.0,1803.0,0.155,40927.0,1
B0200,stable,12,13006.0,8931.0,1803.0,0.155,40927.0,1
B0200,stable,13,12872.0,9070.0,1803.0,0.155,40927.0,1
B0200,stable,14,12744.0,9247.0,1803.0,0.155,40927.0,1
B0200,stable,15,13053.0,8806.0,1803.0,0.155,40927.0,1
B0200,stable,16,13350.0,8657.0,1803.0,0.155,40927.0,1
B0200,stable,17,13525.0,8688.0,1803.0,0.155,40927.0,1
B0200,stable,18,13779.0,8883.0,1803.0,0.155,40927.0,1
B0200,stable,19,13890.0,8790.0,1803.0,0.155,40927.0,1
B0200,stable,20,13743.0,8809.0,1803.0,0.155,40927.0,1
B0200,stable,21,13475.0,8726.0,1803.0,0.155,40927.0,1
B0200,stable,22,13333.0,8717.0,1803.0,0.155,40927.0,1
B0200,stable,23,13312.0,8944.0,1803.0,0.155,40927.0,1
B0200,stable,24,13146.0,8850.0,1803.0,0.155,40927.0,1
B0200,stable,25,13046.0,8618.0,1803.0,0.155,40927.0,1
B0200,stable,26,13158.0,8811.0,1803.0,0.155,40927.0,1
B0200,stable,27,13068.0,8902.0,1803.0,0.155,40927.0,1
B0200,stable,28,12814.0,8611.0,1803.0,0.155,40927.0,1
B0200,stable,29,12678.0,8880.0,1803.0,0.155,40927.0,1
B0200,stable,30,12783.0,8862.0,1803.0,0.155,40927.0,1
B0200,stable,31,12970.0,8595.0,1803.0,0.155,40927.0,1
B0200,stable,32,12792.0,8534.0,1803.0,0.155,40927.0,1
B0200,stable,33,12831.0,8694.0,1803.0,0.155,40927.0,1
B0200,stable,34,12979.0,8808.0,1803.0,0.155,40927.0,1
B0200,stable,35,12954.0,8793.0,1803.0,0.155,40927.0,1
B0200,stable,36,13116.0,9022.0,1803.0,0.155,40927.0,1
B0201,temporary_stress,0,12180.0,7279.0,2638.0,0.117,42853.0,1
B0201,temporary_stress,1,11942.0,7439.0,2638.0,0.117,42853.0,1
B0201,temporary_stress,2,11953.0,7461.0,2638.0,0.117,42853.0,1
B0201,temporary_stress,3,11896.0,7410.0,2638.0,0.117,42853.0,1
B0201,temporary_stress,4,11881.0,7253.0,2638.0,0.117,42853.0,1
B0201,temporary_stress,5,11852.0,7109.0,2638.0,0.117,42853.0,1
B0201,temporary_stress,6,11661.0,7256.0,2638.0,0.117,42853.0,1
B0201,temporary_stress,7,11610.0,7256.0,2638.0,0.117,42853.0,1
B0201,temporary_stress,8,6878.0,7345.0,2638.0,0.117,42853.0,0
B0201,temporary_stress,9,6820.0,7307.0,2638.0,0.117,42853.0,0
B0201,temporary_stress,10,6827.0,7335.0,2638.0,0.117,42853.0,0
B0201,temporary_stress,11,6891.0,7526.0,2638.0,0.117,42853.0,0
B0201,temporary_stress,12,6947.0,7570.0,2638.0,0.117,42853.0,0
B0201,temporary_stress,13,8639.0,7381.0,2638.0,0.117,42853.0,0
B0201,temporary_stress,14,9684.0,7260.0,2638.0,0.117,42853.0,0
B0201,temporary_stress,15,10807.0,7436.0,2638.0,0.117,42853.0,1
B0201,temporary_stress,16,11794.0,7445.0,2638.0,0.117,42853.0,1
B0201,temporary_stress,17,11893.0,7511.0,2638.0,0.117,42853.0,1
B0201,temporary_stress,18,11997.0,7307.0,2638.0,0.117,42853.0,1
B0201,temporary_stress,19,11871.0,7206.0,2638.0,0.117,42853.0,1
B0201,temporary_stress,20,11713.0,7228.0,2638.0,0.117,42853.0,1
B0201,temporary_stress,21,11631.0,7235.0,2638.0,0.117,42853.0,1
B0201,temporary_stress,22,11580.0,7037.0,2638.0,0.117,42853.0,1
B0201,temporary_stress,23,11535.0,6829.0,2638.0,0.117,42853.0,1
B0201,temporary_stress,24,11589.0,6888.0,2638.0,0.117,42853.0,1
B0201,temporary_stress,25,11641.0,7131.0,2638.0,0.117,42853.0,1
B0201,temporary_stress,26,11582.0,7230.0,2638.0,0.117,42853.0,1
B0201,temporary_stress,27,11655.0,7378.0,2638.0,0.117,42853.0,1
B0201,temporary_stress,28,11752.0,7564.0,2638.0,0.117,42853.0,1
B0201,temporary_stress,29,11640.0,7366.0,2638.0,0.117,42853.0,1
B0201,temporary_stress,30,11726.0,7176.0,2638.0,0.117,42853.0,1
B0201,temporary_stress,31,11686.0,6988.0,2638.0,0.117,42853.0,1
B0201,temporary_stress,32,11516.0,7086.0,2638.0,0.117,42853.0,1
B0201,temporary_stress,33,11723.0,6924.0,2638.0,0.117,42853.0,1
B0202,structural_decline,0,16686.0,10867.0,2420.0,0.162,52453.0,1
B0202,structural_decline,1,16557.0,10766.0,2420.0,0.162,52453.0,1
B0202,structural_decline,2,16699.0,10597.0,2420.0,0.162,52453.0,1
B0202,structural_decline,3,16469.0,10989.0,2420.0,0.162,52453.0,1
B0202,structural_decline,4,16376.0,11138.0,2420.0,0.162,52453.0,1
B0202,structural_decline,5,16541.0,11166.0,2420.0,0.162,52453.0,1
B0202,structural_decline,6,16598.0,10838.0,2420.0,0.162,52453.0,1
B0202,structural_decline,7,16357.0,10614.0,2420.0,0.162,52453.0,1
B0202,structural_decline,8,16554.0,10754.0,2420.0,0.162,52453.0,1
B0202,structural_decline,9,16565.0,10702.0,2420.0,0.162,52453.0,1
B0202,structural_decline,10,16287.0,10692.0,2420.0,0.162,52453.0,1
B0202,structural_decline,11,16304.0,10926.0,2420.0,0.162,52453.0,1
B0202,structural_decline,12,16488.0,11059.0,2420.0,0.162,52453.0,1
B0202,structural_decline,13,16464.0,10755.0,2420.0,0.162,52453.0,1
B0202,structural_decline,14,16506.0,10537.0,2420.0,0.162,52453.0,1
B0202,structural_decline,15,16473.0,10851.0,2420.0,0.162,52453.0,1
B0202,structural_decline,16,16522.0,11153.0,2420.0,0.162,52453.0,1
B0202,structural_decline,17,16433.0,11201.0,2420.0,0.162,52453.0,1
B0202,structural_decline,18,16450.0,10851.0,2420.0,0.162,52453.0,1
B0202,structural_decline,19,16319.0,10818.0,2420.0,0.162,52453.0,1
B0202,structural_decline,20,16269.0,10774.0,2420.0,0.162,52453.0,1
B0202,structural_decline,21,16310.0,11150.0,2420.0,0.162,52453.0,1
B0202,structural_decline,22,16367.0,10714.0,2420.0,0.162,52453.0,1
B0202,structural_decline,23,16276.0,10654.0,2420.0,0.162,52453.0,1
B0202,structural_decline,24,16249.0,11003.0,2420.0,0.162,52453.0,1
B0202,structural_decline,25,16159.0,11228.0,2420.0,0.162,52453.0,1
B0202,structural_decline,26,16204.0,10817.0,2420.0,0.162,52453.0,1
B0202,structural_decline,27,16336.0,10806.0,2420.0,0.162,52453.0,1
B0202,structural_decline,28,15893.0,11044.0,2420.0,0.162,52453.0,1
B0202,structural_decline,29,15491.0,10853.0,2420.0,0.162,52453.0,1
B0202,structural_decline,30,15266.0,10618.0,2420.0,0.162,52453.0,1
B0202,structural_decline,31,13606.0,11219.0,2420.0,0.162,52453.0,0
B0202,structural_decline,32,13190.0,11581.0,2420.0,0.162,52453.0,0
B0202,structural_decline,33,12766.0,11494.0,2420.0,0.162,52453.0,0
B0202,structural_decline,34,14123.0,11276.0,2420.0,0.162,52453.0,1
B0202,structural_decline,35,14142.0,11259.0,2420.0,0.162,52453.0,1
B0202,structural_decline,36,13919.0,10823.0,2420.0,0.162,52453.0,1
B0202,structural_decline,37,13378.0,10791.0,2420.0,0.162,52453.0,1
B0202,structural_decline,38,13057.0,11241.0,2420.0,0.162,52453.0,0
B0202,structural_decline,39,12870.0,11159.0,2420.0,0.162,52453.0,0
B0202,structural_decline,40,12693.0,11139.0,2420.0,0.162,52453.0,0
B0202,structural_decline,41,12195.0,11307.0,2420.0,0.162,52453.0,0
B0203,structural_decline,0,17270.0,13193.0,3027.0,0.126,69127.0,1
B0203,structural_decline,1,17513.0,13700.0,3027.0,0.126,69127.0,1
B0203,structural_decline,2,17550.0,13254.0,3027.0,0.126,69127.0,1
B0203,structural_decline,3,17648.0,12805.0,3027.0,0.126,69127.0,1
B0203,structural_decline,4,17559.0,12944.0,3027.0,0.126,69127.0,1
B0203,structural_decline,5,17418.0,12855.0,3027.0,0.126,69127.0,1
B0203,structural_decline,6,17524.0,12322.0,3027.0,0.126,69127.0,1
B0203,structural_decline,7,17629.0,12239.0,3027.0,0.126,69127.0,1
B0203,structural_decline,8,17567.0,11831.0,3027.0,0.126,69127.0,1
B0203,structural_decline,9,17161.0,12334.0,3027.0,0.126,69127.0,1
B0203,structural_decline,10,16537.0,12441.0,3027.0,0.126,69127.0,1
B0203,structural_decline,11,16561.0,12775.0,3027.0,0.126,69127.0,1
B0203,structural_decline,12,16357.0,12770.0,3027.0,0.126,69127.0,1
B0203,structural_decline,13,15809.0,13105.0,3027.0,0.126,69127.0,0
B0203,structural_decline,14,15359.0,12899.0,3027.0,0.126,69127.0,0
B0203,structural_decline,15,15288.0,12561.0,3027.0,0.126,69127.0,0
B0203,structural_decline,16,14977.0,12665.0,3027.0,0.126,69127.0,0
B0203,structural_decline,17,15035.0,12175.0,3027.0,0.126,69127.0,0
B0203,structural_decline,18,14917.0,12101.0,3027.0,0.126,69127.0,0
B0203,structural_decline,19,14323.0,12442.0,3027.0,0.126,69127.0,0
B0203,structural_decline,20,13950.0,12601.0,3027.0,0.126,69127.0,0
B0203,structural_decline,21,13595.0,12324.0,3027.0,0.126,69127.0,0
B0203,structural_decline,22,13212.0,12643.0,3027.0,0.126,69127.0,0
B0203,structural_decline,23,12991.0,12779.0,3027.0,0.126,69127.0,0
B0203,structural_decline,24,12566.0,13089.0,3027.0,0.126,69127.0,0
B0203,structural_decline,25,12330.0,13278.0,3027.0,0.126,69127.0,0
B0203,structural_decline,26,12440.0,13068.0,3027.0,0.126,69127.0,0
B0203,structural_decline,27,12205.0,12873.0,3027.0,0.126,69127.0,0
B0203,structural_decline,28,11711.0,12671.0,3027.0,0.126,69127.0,0
B0203,structural_decline,29,11482.0,12471.0,3027.0,0.126,69127.0,0
B0203,structural_decline,30,11251.0,12720.0,3027.0,0.126,69127.0,0
B0203,structural_decline,31,10985.0,12964.0,3027.0,0.126,69127.0,0
B0203,structural_decline,32,10847.0,12854.0,3027.0,0.126,69127.0,0
B0203,structural_decline,33,9149.0,12951.0,3027.0,0.126,69127.0,0
B0203,structural_decline,34,9062.0,12622.0,3027.0,0.126,69127.0,0
B0203,structural_decline,35,9069.0,12429.0,3027.0,0.126,69127.0,0
B0203,structural_decline,36,10109.0,12580.0,3027.0,0.126,69127.0,0
B0203,structural_decline,37,9979.0,12703.0,3027.0,0.126,69127.0,0
B0203,structural_decline,38,9658.0,12793.0,3027.0,0.126,69127.0,0
B0203,structural_decline,39,9507.0,12840.0,3027.0,0.126,69127.0,0
B0203,structural_decline,40,9473.0,13013.0,3027.0,0.126,69127.0,0
B0203,structural_decline,41,9168.0,13168.0,3027.0,0.126,69127.0,0
B0204,stable,0,13278.0,10179.0,3080.0,0.235,62162.0,1
B0204,stable,1,13339.0,10181.0,3080.0,0.235,62162.0,1
B0204,stable,2,13244.0,9818.0,3080.0,0.235,62162.0,1
B0204,stable,3,13557.0,9997.0,3080.0,0.235,62162.0,1
B0204,stable,4,13509.0,9967.0,3080.0,0.235,62162.0,1
B0204,stable,5,13414.0,9857.0,3080.0,0.235,62162.0,1
B0204,stable,6,13321.0,9997.0,3080.0,0.235,62162.0,1
B0204,stable,7,13239.0,9792.0,3080.0,0.235,62162.0,1
B0204,stable,8,13082.0,9939.0,3080.0,0.235,62162.0,1
B0204,stable,9,12730.0,9821.0,3080.0,0.235,62162.0,0
B0204,stable,10,12677.0,9952.0,3080.0,0.235,62162.0,0
B0204,stable,11,12992.0,10007.0,3080.0,0.235,62162.0,0
B0204,stable,12,12964.0,9779.0,3080.0,0.235,62162.0,1
B0204,stable,13,12959.0,9934.0,3080.0,0.235,62162.0,0
B0204,stable,14,13103.0,9977.0,3080.0,0.235,62162.0,1
B0204,stable,15,13243.0,9888.0,3080.0,0.235,62162.0,1
B0204,stable,16,13220.0,9998.0,3080.0,0.235,62162.0,1
B0204,stable,17,13202.0,9922.0,3080.0,0.235,62162.0,1
B0204,stable,18,13280.0,9584.0,3080.0,0.235,62162.0,1
B0204,stable,19,13503.0,9726.0,3080.0,0.235,62162.0,1
B0204,stable,20,13427.0,10376.0,3080.0,0.235,62162.0,0
B0204,stable,21,13392.0,10393.0,3080.0,0.235,62162.0,0
B0204,stable,22,13580.0,10164.0,3080.0,0.235,62162.0,1
B0204,stable,23,13455.0,9922.0,3080.0,0.235,62162.0,1
B0204,stable,24,13127.0,9667.0,3080.0,0.235,62162.0,1
B0204,stable,25,12761.0,9686.0,3080.0,0.235,62162.0,0
B0204,stable,26,12691.0,9617.0,3080.0,0.235,62162.0,0
B0204,stable,27,12867.0,9802.0,3080.0,0.235,62162.0,0
B0204,stable,28,12797.0,9733.0,3080.0,0.235,62162.0,0
B0204,stable,29,12489.0,9706.0,3080.0,0.235,62162.0,0
B0204,stable,30,12442.0,10093.0,3080.0,0.235,62162.0,0
B0204,stable,31,12549.0,10201.0,3080.0,0.235,62162.0,0
B0204,stable,32,12415.0,10268.0,3080.0,0.235,62162.0,0
B0204,stable,33,12612.0,10223.0,3080.0,0.235,62162.0,0
B0204,stable,34,12902.0,10061.0,3080.0,0.235,62162.0,0
B0204,stable,35,13093.0,9995.0,3080.0,0.235,62162.0,1
B0204,stable,36,13077.0,9850.0,3080.0,0.235,62162.0,1
B0204,stable,37,13090.0,10055.0,3080.0,0.235,62162.0,0
B0204,stable,38,13248.0,10198.0,3080.0,0.235,62162.0,0
B0204,stable,39,13459.0,10417.0,3080.0,0.235,62162.0,0
B0204,stable,40,13436.0,10254.0,3080.0,0.235,62162.0,1
B0204,stable,41,13135.0,10170.0,3080.0,0.235,62162.0,0
B0205,structural_decline,0,12679.0,6677.0,1780.0,0.249,41982.0,1
B0205,structural_decline,1,12565.0,6957.0,1780.0,0.249,41982.0,1
B0205,structural_decline,2,12632.0,6799.0,1780.0,0.249,41982.0,1
B0205,structural_decline,3,12611.0,6581.0,1780.0,0.249,41982.0,1
B0205,structural_decline,4,12784.0,6497.0,1780.0,0.249,41982.0,1
B0205,structural_decline,5,13048.0,6655.0,1780.0,0.249,41982.0,1
B0205,structural_decline,6,12772.0,6714.0,1780.0,0.249,41982.0,1
B0205,structural_decline,7,12662.0,6770.0,1780.0,0.249,41982.0,1
B0205,structural_decline,8,12818.0,6568.0,1780.0,0.249,41982.0,1
B0205,structural_decline,9,12860.0,6362.0,1780.0,0.249,41982.0,1
B0205,structural_decline,10,12832.0,6389.0,1780.0,0.249,41982.0,1
B0205,structural_decline,11,12789.0,6523.0,1780.0,0.249,41982.0,1
B0205,structural_decline,12,12695.0,6605.0,1780.0,0.249,41982.0,1
B0205,structural_decline,13,12536.0,6553.0,1780.0,0.249,41982.0,1
B0205,structural_decline,14,12615.0,6809.0,1780.0,0.249,41982.0,1
B0205,structural_decline,15,12796.0,6867.0,1780.0,0.249,41982.0,1
B0205,structural_decline,16,12576.0,6558.0,1780.0,0.249,41982.0,1
B0205,structural_decline,17,11997.0,6510.0,1780.0,0.249,41982.0,1
B0205,structural_decline,18,9922.0,6579.0,1780.0,0.249,41982.0,1
B0205,structural_decline,19,9729.0,6659.0,1780.0,0.249,41982.0,1
B0205,structural_decline,20,11318.0,6481.0,1780.0,0.249,41982.0,1
B0205,structural_decline,21,11032.0,6425.0,1780.0,0.249,41982.0,1
B0205,structural_decline,22,10998.0,6521.0,1780.0,0.249,41982.0,1
B0205,structural_decline,23,10807.0,6495.0,1780.0,0.249,41982.0,1
B0205,structural_decline,24,10427.0,6818.0,1780.0,0.249,41982.0,1
B0205,structural_decline,25,9987.0,7001.0,1780.0,0.249,41982.0,1
B0205,structural_decline,26,9773.0,6755.0,1780.0,0.249,41982.0,1
B0205,structural_decline,27,9650.0,6315.0,1780.0,0.249,41982.0,1
B0205,structural_decline,28,9560.0,6428.0,1780.0,0.249,41982.0,1
B0205,structural_decline,29,9170.0,6788.0,1780.0,0.249,41982.0,1
B0205,structural_decline,30,8926.0,6818.0,1780.0,0.249,41982.0,1
B0205,structural_decline,31,8636.0,6920.0,1780.0,0.249,41982.0,0
B0205,structural_decline,32,8446.0,6754.0,1780.0,0.249,41982.0,0
B0205,structural_decline,33,8396.0,6673.0,1780.0,0.249,41982.0,0
B0205,structural_decline,34,8276.0,6793.0,1780.0,0.249,41982.0,0
B0205,structural_decline,35,8101.0,6853.0,1780.0,0.249,41982.0,0
B0206,structural_decline,0,13731.0,6909.0,3076.0,0.201,54777.0,1
B0206,structural_decline,1,13428.0,6943.0,3076.0,0.201,54777.0,1
B0206,structural_decline,2,13279.0,6842.0,3076.0,0.201,54777.0,1
B0206,structural_decline,3,13419.0,7013.0,3076.0,0.201,54777.0,1
B0206,structural_decline,4,13616.0,7062.0,3076.0,0.201,54777.0,1
B0206,structural_decline,5,13700.0,6856.0,3076.0,0.201,54777.0,1
B0206,structural_decline,6,13542.0,6985.0,3076.0,0.201,54777.0,1
B0206,structural_decline,7,13261.0,6958.0,3076.0,0.201,54777.0,1
B0206,structural_decline,8,13118.0,6676.0,3076.0,0.201,54777.0,1
B0206,structural_decline,9,13435.0,6580.0,3076.0,0.201,54777.0,1
B0206,structural_decline,10,13459.0,6974.0,3076.0,0.201,54777.0,1
B0206,structural_decline,11,13501.0,6903.0,3076.0,0.201,54777.0,1
B0206,structural_decline,12,13658.0,6792.0,3076.0,0.201,54777.0,1
B0206,structural_decline,13,13549.0,6736.0,3076.0,0.201,54777.0,1
B0206,structural_decline,14,13453.0,6964.0,3076.0,0.201,54777.0,1
B0206,structural_decline,15,13319.0,7019.0,3076.0,0.201,54777.0,1
B0206,structural_decline,16,13173.0,6802.0,3076.0,0.201,54777.0,1
B0206,structural_decline,17,12900.0,6682.0,3076.0,0.201,54777.0,1
B0206,structural_decline,18,12624.0,6701.0,3076.0,0.201,54777.0,1
B0206,structural_decline,19,12504.0,6595.0,3076.0,0.201,54777.0,1
B0206,structural_decline,20,12154.0,6526.0,3076.0,0.201,54777.0,1
B0206,structural_decline,21,11873.0,6716.0,3076.0,0.201,54777.0,1
B0206,structural_decline,22,10351.0,6633.0,3076.0,0.201,54777.0,1
B0206,structural_decline,23,10075.0,6536.0,3076.0,0.201,54777.0,1
B0206,structural_decline,24,11001.0,6747.0,3076.0,0.201,54777.0,1
B0206,structural_decline,25,11074.0,6738.0,3076.0,0.201,54777.0,1
B0206,structural_decline,26,10765.0,6789.0,3076.0,0.201,54777.0,1
B0206,structural_decline,27,10546.0,6992.0,3076.0,0.201,54777.0,1
B0206,structural_decline,28,10426.0,6681.0,3076.0,0.201,54777.0,1
B0206,structural_decline,29,10354.0,6681.0,3076.0,0.201,54777.0,1
B0206,structural_decline,30,10112.0,6796.0,3076.0,0.201,54777.0,1
B0206,structural_decline,31,9888.0,6741.0,3076.0,0.201,54777.0,1
B0206,structural_decline,32,9730.0,6577.0,3076.0,0.201,54777.0,1
B0206,structural_decline,33,9503.0,6773.0,3076.0,0.201,54777.0,0
B0206,structural_decline,34,9274.0,6986.0,3076.0,0.201,54777.0,0
B0206,structural_decline,35,9040.0,7031.0,3076.0,0.201,54777.0,0
B0206,structural_decline,36,8802.0,6844.0,3076.0,0.201,54777.0,0
B0207,structural_decline,0,16262.0,12527.0,2935.0,0.223,77530.0,1
B0207,structural_decline,1,16257.0,11932.0,2935.0,0.223,77530.0,1
B0207,structural_decline,2,16211.0,11194.0,2935.0,0.223,77530.0,1
B0207,structural_decline,3,16658.0,11166.0,2935.0,0.223,77530.0,1
B0207,structural_decline,4,16711.0,11536.0,2935.0,0.223,77530.0,1
B0207,structural_decline,5,16755.0,11600.0,2935.0,0.223,77530.0,1
B0207,structural_decline,6,16686.0,11573.0,2935.0,0.223,77530.0,1
B0207,structural_decline,7,16513.0,11541.0,2935.0,0.223,77530.0,1
B0207,structural_decline,8,16724.0,11814.0,2935.0,0.223,77530.0,1
B0207,structural_decline,9,16695.0,11885.0,2935.0,0.223,77530.0,1
B0207,structural_decline,10,16705.0,11586.0,2935.0,0.223,77530.0,1
B0207,structural_decline,11,16590.0,11760.0,2935.0,0.223,77530.0,1
B0207,structural_decline,12,16591.0,11156.0,2935.0,0.223,77530.0,1
B0207,structural_decline,13,16383.0,10833.0,2935.0,0.223,77530.0,1
B0207,structural_decline,14,16298.0,11085.0,2935.0,0.223,77530.0,1
B0207,structural_decline,15,16179.0,11397.0,2935.0,0.223,77530.0,1
B0207,structural_decline,16,16037.0,11498.0,2935.0,0.223,77530.0,1
B0207,structural_decline,17,15688.0,11295.0,2935.0,0.223,77530.0,1
B0207,structural_decline,18,15607.0,11530.0,2935.0,0.223,77530.0,1
B0207,structural_decline,19,15511.0,11904.0,2935.0,0.223,77530.0,1
B0207,structural_decline,20,15017.0,11505.0,2935.0,0.223,77530.0,1
B0207,structural_decline,21,14540.0,11311.0,2935.0,0.223,77530.0,1
B0207,structural_decline,22,14564.0,11208.0,2935.0,0.223,77530.0,1
B0207,structural_decline,23,14531.0,11403.0,2935.0,0.223,77530.0,1
B0207,structural_decline,24,14394.0,11839.0,2935.0,0.223,77530.0,0
B0207,structural_decline,25,14275.0,11663.0,2935.0,0.223,77530.0,0
B0207,structural_decline,26,14020.0,11297.0,2935.0,0.223,77530.0,0
B0207,structural_decline,27,13798.0,10927.0,2935.0,0.223,77530.0,0
B0207,structural_decline,28,13491.0,10940.0,2935.0,0.223,77530.0,0
B0207,structural_decline,29,13224.0,11151.0,2935.0,0.223,77530.0,0
B0207,structural_decline,30,13057.0,11135.0,2935.0,0.223,77530.0,0
B0207,structural_decline,31,12984.0,11855.0,2935.0,0.223,77530.0,0
B0207,structural_decline,32,13186.0,11986.0,2935.0,0.223,77530.0,0
B0208,structural_decline,0,10696.0,7294.0,2051.0,0.2,42965.0,1
B0208,structural_decline,1,10615.0,7207.0,2051.0,0.2,42965.0,1
B0208,structural_decline,2,10576.0,6801.0,2051.0,0.2,42965.0,1
B0208,structural_decline,3,10605.0,6865.0,2051.0,0.2,42965.0,1
B0208,structural_decline,4,10461.0,6848.0,2051.0,0.2,42965.0,1
B0208,structural_decline,5,10437.0,6787.0,2051.0,0.2,42965.0,1
B0208,structural_decline,6,10408.0,6712.0,2051.0,0.2,42965.0,1
B0208,structural_decline,7,10378.0,6657.0,2051.0,0.2,42965.0,1
B0208,structural_decline,8,10696.0,6831.0,2051.0,0.2,42965.0,1
B0208,structural_decline,9,10630.0,6925.0,2051.0,0.2,42965.0,1
B0208,structural_decline,10,10303.0,6924.0,2051.0,0.2,42965.0,1
B0208,structural_decline,11,10342.0,7076.0,2051.0,0.2,42965.0,1
B0208,structural_decline,12,10554.0,7173.0,2051.0,0.2,42965.0,1
B0208,structural_decline,13,10591.0,7092.0,2051.0,0.2,42965.0,1
B0208,structural_decline,14,10426.0,7141.0,2051.0,0.2,42965.0,1
B0208,structural_decline,15,10301.0,7149.0,2051.0,0.2,42965.0,1
B0208,structural_decline,16,9982.0,6939.0,2051.0,0.2,42965.0,1
B0208,structural_decline,17,8746.0,6923.0,2051.0,0.2,42965.0,0
B0208,structural_decline,18,8560.0,7022.0,2051.0,0.2,42965.0,0
B0208,structural_decline,19,8392.0,7029.0,2051.0,0.2,42965.0,0
B0208,structural_decline,20,8275.0,6966.0,2051.0,0.2,42965.0,0
B0208,structural_decline,21,9113.0,6892.0,2051.0,0.2,42965.0,1
B0208,structural_decline,22,8785.0,6809.0,2051.0,0.2,42965.0,0
B0208,structural_decline,23,8647.0,6782.0,2051.0,0.2,42965.0,0
B0208,structural_decline,24,8624.0,7019.0,2051.0,0.2,42965.0,0
B0208,structural_decline,25,8508.0,7169.0,2051.0,0.2,42965.0,0
B0208,structural_decline,26,8381.0,7305.0,2051.0,0.2,42965.0,0
B0208,structural_decline,27,8039.0,7242.0,2051.0,0.2,42965.0,0
B0208,structural_decline,28,7765.0,7068.0,2051.0,0.2,42965.0,0
B0208,structural_decline,29,7650.0,7133.0,2051.0,0.2,42965.0,0
B0209,stable,0,17515.0,13664.0,3630.0,0.192,50192.0,1
B0209,stable,1,17753.0,13236.0,3630.0,0.192,50192.0,1
B0209,stable,2,17597.0,13224.0,3630.0,0.192,50192.0,1
B0209,stable,3,17519.0,13336.0,3630.0,0.192,50192.0,1
B0209,stable,4,17556.0,13350.0,3630.0,0.192,50192.0,1
B0209,stable,5,17448.0,13529.0,3630.0,0.192,50192.0,1
B0209,stable,6,17633.0,13428.0,3630.0,0.192,50192.0,1
B0209,stable,7,17520.0,13151.0,3630.0,0.192,50192.0,1
B0209,stable,8,17503.0,13054.0,3630.0,0.192,50192.0,1
B0209,stable,9,17635.0,13482.0,3630.0,0.192,50192.0,1
B0209,stable,10,18172.0,13438.0,3630.0,0.192,50192.0,1
B0209,stable,11,18542.0,13341.0,3630.0,0.192,50192.0,1
B0209,stable,12,18647.0,13141.0,3630.0,0.192,50192.0,1
B0209,stable,13,18745.0,12989.0,3630.0,0.192,50192.0,1
B0209,stable,14,18680.0,13112.0,3630.0,0.192,50192.0,1
B0209,stable,15,18605.0,13412.0,3630.0,0.192,50192.0,1
B0209,stable,16,18422.0,13087.0,3630.0,0.192,50192.0,1
B0209,stable,17,18838.0,13012.0,3630.0,0.192,50192.0,1
B0209,stable,18,18961.0,13018.0,3630.0,0.192,50192.0,1
B0209,stable,19,18943.0,13021.0,3630.0,0.192,50192.0,1
B0209,stable,20,19210.0,13267.0,3630.0,0.192,50192.0,1
B0209,stable,21,18812.0,12672.0,3630.0,0.192,50192.0,1
B0209,stable,22,18538.0,13020.0,3630.0,0.192,50192.0,1
B0209,stable,23,18641.0,13146.0,3630.0,0.192,50192.0,1
B0209,stable,24,18590.0,12917.0,3630.0,0.192,50192.0,1
B0209,stable,25,18458.0,12906.0,3630.0,0.192,50192.0,1
B0209,stable,26,18293.0,13390.0,3630.0,0.192,50192.0,1
B0209,stable,27,18276.0,13380.0,3630.0,0.192,50192.0,1
B0209,stable,28,18663.0,13237.0,3630.0,0.192,50192.0,1
B0209,stable,29,18267.0,13431.0,3630.0,0.192,50192.0,1
B0209,stable,30,18597.0,13859.0,3630.0,0.192,50192.0,1
B0210,stable,0,18525.0,9193.0,4231.0,0.22,57170.0,1
B0210,stable,1,18862.0,9049.0,4231.0,0.22,57170.0,1
B0210,stable,2,19161.0,9305.0,4231.0,0.22,57170.0,1
B0210,stable,3,19301.0,9539.0,4231.0,0.22,57170.0,1
B0210,stable,4,19452.0,9613.0,4231.0,0.22,57170.0,1
B0210,stable,5,19541.0,9251.0,4231.0,0.22,57170.0,1
B0210,stable,6,19761.0,9385.0,4231.0,0.22,57170.0,1
B0210,stable,7,20326.0,9508.0,4231.0,0.22,57170.0,1
B0210,stable,8,20500.0,9338.0,4231.0,0.22,57170.0,1
B0210,stable,9,19815.0,9427.0,4231.0,0.22,57170.0,1
B0210,stable,10,19836.0,9446.0,4231.0,0.22,57170.0,1
B0210,stable,11,19750.0,9860.0,4231.0,0.22,57170.0,1
B0210,stable,12,19544.0,9749.0,4231.0,0.22,57170.0,1
B0210,stable,13,19240.0,9656.0,4231.0,0.22,57170.0,1
B0210,stable,14,19352.0,9729.0,4231.0,0.22,57170.0,1
B0210,stable,15,19280.0,9437.0,4231.0,0.22,57170.0,1
B0210,stable,16,19390.0,9134.0,4231.0,0.22,57170.0,1
B0210,stable,17,19479.0,9471.0,4231.0,0.22,57170.0,1
B0210,stable,18,19626.0,9714.0,4231.0,0.22,57170.0,1
B0210,stable,19,19650.0,9846.0,4231.0,0.22,57170.0,1
B0210,stable,20,19647.0,9676.0,4231.0,0.22,57170.0,1
B0210,stable,21,19489.0,9358.0,4231.0,0.22,57170.0,1
B0210,stable,22,19635.0,9234.0,4231.0,0.22,57170.0,1
B0210,stable,23,19791.0,9347.0,4231.0,0.22,57170.0,1
B0210,stable,24,20307.0,9292.0,4231.0,0.22,57170.0,1
B0210,stable,25,20408.0,9255.0,4231.0,0.22,57170.0,1
B0210,stable,26,20297.0,9437.0,4231.0,0.22,57170.0,1
B0210,stable,27,20111.0,9737.0,4231.0,0.22,57170.0,1
B0210,stable,28,20081.0,9770.0,4231.0,0.22,57170.0,1
B0210,stable,29,20018.0,9551.0,4231.0,0.22,57170.0,1
B0211,structural_decline,0,18855.0,12409.0,3098.0,0.08,75327.0,1
B0211,structural_decline,1,18928.0,11937.0,3098.0,0.08,75327.0,1
B0211,structural_decline,2,18821.0,12205.0,3098.0,0.08,75327.0,1
B0211,structural_decline,3,19126.0,12136.0,3098.0,0.08,75327.0,1
B0211,structural_decline,4,19205.0,12111.0,3098.0,0.08,75327.0,1
B0211,structural_decline,5,19047.0,12185.0,3098.0,0.08,75327.0,1
B0211,structural_decline,6,18876.0,12610.0,3098.0,0.08,75327.0,1
B0211,structural_decline,7,19304.0,12158.0,3098.0,0.08,75327.0,1
B0211,structural_decline,8,19253.0,12161.0,3098.0,0.08,75327.0,1
B0211,structural_decline,9,19042.0,12245.0,3098.0,0.08,75327.0,1
B0211,structural_decline,10,19124.0,12512.0,3098.0,0.08,75327.0,1
B0211,structural_decline,11,19294.0,12548.0,3098.0,0.08,75327.0,1
B0211,structural_decline,12,19307.0,12518.0,3098.0,0.08,75327.0,1
B0211,structural_decline,13,19578.0,12456.0,3098.0,0.08,75327.0,1
B0211,structural_decline,14,19138.0,12295.0,3098.0,0.08,75327.0,1
B0211,structural_decline,15,18804.0,12816.0,3098.0,0.08,75327.0,1
B0211,structural_decline,16,18950.0,12899.0,3098.0,0.08,75327.0,1
B0211,structural_decline,17,18988.0,12581.0,3098.0,0.08,75327.0,1
B0211,structural_decline,18,18447.0,12398.0,3098.0,0.08,75327.0,1
B0211,structural_decline,19,17974.0,12191.0,3098.0,0.08,75327.0,1
B0211,structural_decline,20,18030.0,12032.0,3098.0,0.08,75327.0,1
B0211,structural_decline,21,17980.0,12309.0,3098.0,0.08,75327.0,1
B0211,structural_decline,22,17914.0,12351.0,3098.0,0.08,75327.0,1
B0211,structural_decline,23,17528.0,12231.0,3098.0,0.08,75327.0,1
B0211,structural_decline,24,17263.0,12009.0,3098.0,0.08,75327.0,1
B0211,structural_decline,25,16988.0,11950.0,3098.0,0.08,75327.0,1
B0211,structural_decline,26,16855.0,11781.0,3098.0,0.08,75327.0,1
B0211,structural_decline,27,16367.0,11828.0,3098.0,0.08,75327.0,1
B0211,structural_decline,28,16166.0,12032.0,3098.0,0.08,75327.0,1
B0211,structural_decline,29,15933.0,12175.0,3098.0,0.08,75327.0,1
B0211,structural_decline,30,15647.0,11838.0,3098.0,0.08,75327.0,1
B0211,structural_decline,31,15469.0,11969.0,3098.0,0.08,75327.0,1
B0211,structural_decline,32,15238.0,12153.0,3098.0,0.08,75327.0,0
B0211,structural_decline,33,14776.0,11512.0,3098.0,0.08,75327.0,1
B0212,stable,0,10454.0,5745.0,2309.0,0.283,45863.0,1
B0212,stable,1,10613.0,5863.0,2309.0,0.283,45863.0,1
B0212,stable,2,10550.0,5909.0,2309.0,0.283,45863.0,1
B0212,stable,3,10682.0,5845.0,2309.0,0.283,45863.0,1
B0212,stable,4,10801.0,5811.0,2309.0,0.283,45863.0,1
B0212,stable,5,10865.0,5753.0,2309.0,0.283,45863.0,1
B0212,stable,6,10791.0,5815.0,2309.0,0.283,45863.0,1
B0212,stable,7,10653.0,5875.0,2309.0,0.283,45863.0,1
B0212,stable,8,10530.0,5788.0,2309.0,0.283,45863.0,1
B0212,stable,9,10481.0,5591.0,2309.0,0.283,45863.0,1
B0212,stable,10,10528.0,5763.0,2309.0,0.283,45863.0,1
B0212,stable,11,10497.0,5868.0,2309.0,0.283,45863.0,1
B0212,stable,12,10252.0,5907.0,2309.0,0.283,45863.0,1
B0212,stable,13,10212.0,5802.0,2309.0,0.283,45863.0,1
B0212,stable,14,10283.0,5871.0,2309.0,0.283,45863.0,1
B0212,stable,15,10201.0,6055.0,2309.0,0.283,45863.0,1
B0212,stable,16,10171.0,6030.0,2309.0,0.283,45863.0,1
B0212,stable,17,10357.0,5815.0,2309.0,0.283,45863.0,1
B0212,stable,18,10584.0,5903.0,2309.0,0.283,45863.0,1
B0212,stable,19,10816.0,6155.0,2309.0,0.283,45863.0,1
B0212,stable,20,10831.0,6332.0,2309.0,0.283,45863.0,1
B0212,stable,21,10917.0,6391.0,2309.0,0.283,45863.0,1
B0212,stable,22,10886.0,6132.0,2309.0,0.283,45863.0,1
B0212,stable,23,10835.0,6138.0,2309.0,0.283,45863.0,1
B0212,stable,24,10933.0,6074.0,2309.0,0.283,45863.0,1
B0212,stable,25,10857.0,6174.0,2309.0,0.283,45863.0,1
B0212,stable,26,10938.0,6155.0,2309.0,0.283,45863.0,1
B0212,stable,27,10804.0,6124.0,2309.0,0.283,45863.0,1
B0212,stable,28,10715.0,5936.0,2309.0,0.283,45863.0,1
B0212,stable,29,10719.0,5826.0,2309.0,0.283,45863.0,1
B0212,stable,30,10544.0,5987.0,2309.0,0.283,45863.0,1
B0212,stable,31,10529.0,5818.0,2309.0,0.283,45863.0,1
B0213,temporary_stress,0,18024.0,9138.0,4333.0,0.179,87495.0,1
B0213,temporary_stress,1,18310.0,9064.0,4333.0,0.179,87495.0,1
B0213,temporary_stress,2,18513.0,9267.0,4333.0,0.179,87495.0,1
B0213,temporary_stress,3,18532.0,9081.0,4333.0,0.179,87495.0,1
B0213,temporary_stress,4,18556.0,8926.0,4333.0,0.179,87495.0,1
B0213,temporary_stress,5,18602.0,9242.0,4333.0,0.179,87495.0,1
B0213,temporary_stress,6,18964.0,9432.0,4333.0,0.179,87495.0,1
B0213,temporary_stress,7,18952.0,9362.0,4333.0,0.179,87495.0,1
B0213,temporary_stress,8,18798.0,9102.0,4333.0,0.179,87495.0,1
B0213,temporary_stress,9,18837.0,8713.0,4333.0,0.179,87495.0,1
B0213,temporary_stress,10,18763.0,9151.0,4333.0,0.179,87495.0,1
B0213,temporary_stress,11,18469.0,9418.0,4333.0,0.179,87495.0,1
B0213,temporary_stress,12,18513.0,9147.0,4333.0,0.179,87495.0,1
B0213,temporary_stress,13,18076.0,9345.0,4333.0,0.179,87495.0,1
B0213,temporary_stress,14,17985.0,9415.0,4333.0,0.179,87495.0,1
B0213,temporary_stress,15,10083.0,9435.0,4333.0,0.179,87495.0,0
B0213,temporary_stress,16,10067.0,9647.0,4333.0,0.179,87495.0,0
B0213,temporary_stress,17,9843.0,9671.0,4333.0,0.179,87495.0,0
B0213,temporary_stress,18,10040.0,9464.0,4333.0,0.179,87495.0,0
B0213,temporary_stress,19,10393.0,9481.0,4333.0,0.179,87495.0,0
B0213,temporary_stress,20,11735.0,9741.0,4333.0,0.179,87495.0,0
B0213,temporary_stress,21,14227.0,9409.0,4333.0,0.179,87495.0,1
B0213,temporary_stress,22,16680.0,9178.0,4333.0,0.179,87495.0,1
B0213,temporary_stress,23,18812.0,9376.0,4333.0,0.179,87495.0,1
B0213,temporary_stress,24,18882.0,9586.0,4333.0,0.179,87495.0,1
B0213,temporary_stress,25,18787.0,9421.0,4333.0,0.179,87495.0,1
B0213,temporary_stress,26,18669.0,9311.0,4333.0,0.179,87495.0,1
B0213,temporary_stress,27,18474.0,9359.0,4333.0,0.179,87495.0,1
B0213,temporary_stress,28,18829.0,9349.0,4333.0,0.179,87495.0,1
B0213,temporary_stress,29,18699.0,9202.0,4333.0,0.179,87495.0,1
B0213,temporary_stress,30,18211.0,9315.0,4333.0,0.179,87495.0,1
B0213,temporary_stress,31,18000.0,8958.0,4333.0,0.179,87495.0,1
B0214,stable,0,10849.0,5745.0,1291.0,0.136,39770.0,1
B0214,stable,1,10705.0,5692.0,1291.0,0.136,39770.0,1
B0214,stable,2,10496.0,5816.0,1291.0,0.136,39770.0,1
B0214,stable,3,10404.0,5861.0,1291.0,0.136,39770.0,1
B0214,stable,4,10528.0,5962.0,1291.0,0.136,39770.0,1
B0214,stable,5,10397.0,5960.0,1291.0,0.136,39770.0,1
B0214,stable,6,10348.0,5902.0,1291.0,0.136,39770.0,1
B0214,stable,7,10445.0,5858.0,1291.0,0.136,39770.0,1
B0214,stable,8,10412.0,5650.0,1291.0,0.136,39770.0,1
B0214,stable,9,10324.0,5569.0,1291.0,0.136,39770.0,1
B0214,stable,10,10082.0,5750.0,1291.0,0.136,39770.0,1
B0214,stable,11,10210.0,5664.0,1291.0,0.136,39770.0,1
B0214,stable,12,10348.0,5807.0,1291.0,0.136,39770.0,1
B0214,stable,13,10073.0,5689.0,1291.0,0.136,39770.0,1
B0214,stable,14,9880.0,5546.0,1291.0,0.136,39770.0,1
B0214,stable,15,10065.0,5568.0,1291.0,0.136,39770.0,1
B0214,stable,16,10262.0,5565.0,1291.0,0.136,39770.0,1
B0214,stable,17,10353.0,5559.0,1291.0,0.136,39770.0,1
B0214,stable,18,10287.0,5643.0,1291.0,0.136,39770.0,1
B0214,stable,19,10417.0,5713.0,1291.0,0.136,39770.0,1
B0214,stable,20,10497.0,5827.0,1291.0,0.136,39770.0,1
B0214,stable,21,10591.0,5717.0,1291.0,0.136,39770.0,1
B0214,stable,22,10446.0,5568.0,1291.0,0.136,39770.0,1
B0214,stable,23,10299.0,5580.0,1291.0,0.136,39770.0,1
B0214,stable,24,10439.0,5646.0,1291.0,0.136,39770.0,1
B0214,stable,25,10517.0,5867.0,1291.0,0.136,39770.0,1
B0214,stable,26,10327.0,5842.0,1291.0,0.136,39770.0,1
B0214,stable,27,10182.0,5660.0,1291.0,0.136,39770.0,1
B0214,stable,28,10154.0,5652.0,1291.0,0.136,39770.0,1
B0214,stable,29,10130.0,5661.0,1291.0,0.136,39770.0,1
B0214,stable,30,10023.0,5753.0,1291.0,0.136,39770.0,1
B0214,stable,31,9934.0,5966.0,1291.0,0.136,39770.0,1
B0214,stable,32,9893.0,5752.0,1291.0,0.136,39770.0,1
B0214,stable,33,9980.0,5609.0,1291.0,0.136,39770.0,1
B0214,stable,34,10028.0,5522.0,1291.0,0.136,39770.0,1
B0214,stable,35,10078.0,5445.0,1291.0,0.136,39770.0,1
B0215,structural_decline,0,18941.0,13021.0,3960.0,0.101,88328.0,1
B0215,structural_decline,1,18817.0,12199.0,3960.0,0.101,88328.0,1
B0215,structural_decline,2,19046.0,12221.0,3960.0,0.101,88328.0,1
B0215,structural_decline,3,18987.0,12079.0,3960.0,0.101,88328.0,1
B0215,structural_decline,4,19094.0,12135.0,3960.0,0.101,88328.0,1
B0215,structural_decline,5,19300.0,12059.0,3960.0,0.101,88328.0,1
B0215,structural_decline,6,19329.0,12099.0,3960.0,0.101,88328.0,1
B0215,structural_decline,7,19277.0,11972.0,3960.0,0.101,88328.0,1
B0215,structural_decline,8,19284.0,11960.0,3960.0,0.101,88328.0,1
B0215,structural_decline,9,19137.0,12542.0,3960.0,0.101,88328.0,1
B0215,structural_decline,10,18837.0,12655.0,3960.0,0.101,88328.0,1
B0215,structural_decline,11,18231.0,12055.0,3960.0,0.101,88328.0,1
B0215,structural_decline,12,17699.0,12084.0,3960.0,0.101,88328.0,1
B0215,structural_decline,13,17584.0,12221.0,3960.0,0.101,88328.0,1
B0215,structural_decline,14,17649.0,12004.0,3960.0,0.101,88328.0,1
B0215,structural_decline,15,17641.0,12243.0,3960.0,0.101,88328.0,1
B0215,structural_decline,16,17224.0,12655.0,3960.0,0.101,88328.0,1
B0215,structural_decline,17,16687.0,12591.0,3960.0,0.101,88328.0,1
B0215,structural_decline,18,16238.0,12365.0,3960.0,0.101,88328.0,0
B0215,structural_decline,19,16205.0,12485.0,3960.0,0.101,88328.0,0
B0215,structural_decline,20,16124.0,12461.0,3960.0,0.101,88328.0,0
B0215,structural_decline,21,15483.0,12410.0,3960.0,0.101,88328.0,0
B0215,structural_decline,22,15182.0,12660.0,3960.0,0.101,88328.0,0
B0215,structural_decline,23,15273.0,12922.0,3960.0,0.101,88328.0,0
B0215,structural_decline,24,14872.0,12477.0,3960.0,0.101,88328.0,0
B0215,structural_decline,25,14532.0,12554.0,3960.0,0.101,88328.0,0
B0215,structural_decline,26,14359.0,12699.0,3960.0,0.101,88328.0,0
B0215,structural_decline,27,14058.0,12673.0,3960.0,0.101,88328.0,0
B0215,structural_decline,28,13768.0,12539.0,3960.0,0.101,88328.0,0
B0215,structural_decline,29,13675.0,12263.0,3960.0,0.101,88328.0,0
B0215,structural_decline,30,13556.0,12278.0,3960.0,0.101,88328.0,0
B0216,temporary_stress,0,18279.0,9208.0,2651.0,0.175,64621.0,1
B0216,temporary_stress,1,18154.0,9099.0,2651.0,0.175,64621.0,1
B0216,temporary_stress,2,18327.0,9309.0,2651.0,0.175,64621.0,1
B0216,temporary_stress,3,18684.0,9364.0,2651.0,0.175,64621.0,1
B0216,temporary_stress,4,18860.0,9371.0,2651.0,0.175,64621.0,1
B0216,temporary_stress,5,18714.0,9248.0,2651.0,0.175,64621.0,1
B0216,temporary_stress,6,18903.0,9331.0,2651.0,0.175,64621.0,1
B0216,temporary_stress,7,19258.0,9022.0,2651.0,0.175,64621.0,1
B0216,temporary_stress,8,19313.0,9283.0,2651.0,0.175,64621.0,1
B0216,temporary_stress,9,19208.0,9683.0,2651.0,0.175,64621.0,1
B0216,temporary_stress,10,18810.0,9565.0,2651.0,0.175,64621.0,1
B0216,temporary_stress,11,18564.0,9637.0,2651.0,0.175,64621.0,1
B0216,temporary_stress,12,18351.0,9300.0,2651.0,0.175,64621.0,1
B0216,temporary_stress,13,9077.0,9096.0,2651.0,0.175,64621.0,0
B0216,temporary_stress,14,9135.0,9242.0,2651.0,0.175,64621.0,0
B0216,temporary_stress,15,9167.0,9403.0,2651.0,0.175,64621.0,0
B0216,temporary_stress,16,11802.0,9459.0,2651.0,0.175,64621.0,0
B0216,temporary_stress,17,13871.0,9431.0,2651.0,0.175,64621.0,1
B0216,temporary_stress,18,16232.0,9518.0,2651.0,0.175,64621.0,1
B0216,temporary_stress,19,18503.0,9392.0,2651.0,0.175,64621.0,1
B0216,temporary_stress,20,18533.0,9236.0,2651.0,0.175,64621.0,1
B0216,temporary_stress,21,18436.0,9665.0,2651.0,0.175,64621.0,1
B0216,temporary_stress,22,18349.0,9783.0,2651.0,0.175,64621.0,1
B0216,temporary_stress,23,18814.0,9478.0,2651.0,0.175,64621.0,1
B0216,temporary_stress,24,19452.0,9182.0,2651.0,0.175,64621.0,1
B0216,temporary_stress,25,19217.0,9192.0,2651.0,0.175,64621.0,1
B0216,temporary_stress,26,19389.0,9119.0,2651.0,0.175,64621.0,1
B0216,temporary_stress,27,19132.0,9182.0,2651.0,0.175,64621.0,1
B0216,temporary_stress,28,18670.0,9428.0,2651.0,0.175,64621.0,1
B0216,temporary_stress,29,18780.0,9338.0,2651.0,0.175,64621.0,1
B0216,temporary_stress,30,18517.0,9399.0,2651.0,0.175,64621.0,1
B0216,temporary_stress,31,18424.0,9509.0,2651.0,0.175,64621.0,1
B0216,temporary_stress,32,18624.0,9409.0,2651.0,0.175,64621.0,1
B0216,temporary_stress,33,18424.0,9548.0,2651.0,0.175,64621.0,1
B0216,temporary_stress,34,18155.0,9705.0,2651.0,0.175,64621.0,1
B0216,temporary_stress,35,18211.0,9618.0,2651.0,0.175,64621.0,1
B0216,temporary_stress,36,18543.0,9750.0,2651.0,0.175,64621.0,1
B0216,temporary_stress,37,18418.0,9807.0,2651.0,0.175,64621.0,1
B0217,temporary_stress,0,19147.0,11564.0,4435.0,0.267,54638.0,1
B0217,temporary_stress,1,19097.0,11379.0,4435.0,0.267,54638.0,1
B0217,temporary_stress,2,19044.0,11235.0,4435.0,0.267,54638.0,1
B0217,temporary_stress,3,18927.0,11473.0,4435.0,0.267,54638.0,1
B0217,temporary_stress,4,18479.0,11681.0,4435.0,0.267,54638.0,1
B0217,temporary_stress,5,18505.0,11395.0,4435.0,0.267,54638.0,1
B0217,temporary_stress,6,18451.0,11557.0,4435.0,0.267,54638.0,1
B0217,temporary_stress,7,18275.0,11418.0,4435.0,0.267,54638.0,1
B0217,temporary_stress,8,18374.0,10851.0,4435.0,0.267,54638.0,1
B0217,temporary_stress,9,18171.0,10908.0,4435.0,0.267,54638.0,1
B0217,temporary_stress,10,18026.0,10990.0,4435.0,0.267,54638.0,1
B0217,temporary_stress,11,18014.0,11565.0,4435.0,0.267,54638.0,1
B0217,temporary_stress,12,18523.0,11763.0,4435.0,0.267,54638.0,1
B0217,temporary_stress,13,18970.0,11829.0,4435.0,0.267,54638.0,1
B0217,temporary_stress,14,19082.0,11606.0,4435.0,0.267,54638.0,1
B0217,temporary_stress,15,18940.0,11548.0,4435.0,0.267,54638.0,1
B0217,temporary_stress,16,19163.0,11434.0,4435.0,0.267,54638.0,1
B0217,temporary_stress,17,18945.0,11084.0,4435.0,0.267,54638.0,1
B0217,temporary_stress,18,19308.0,11169.0,4435.0,0.267,54638.0,1
B0217,temporary_stress,19,18738.0,11325.0,4435.0,0.267,54638.0,1
B0217,temporary_stress,20,18265.0,11079.0,4435.0,0.267,54638.0,1
B0217,temporary_stress,21,18460.0,10810.0,4435.0,0.267,54638.0,1
B0217,temporary_stress,22,18367.0,11348.0,4435.0,0.267,54638.0,1
B0217,temporary_stress,23,18693.0,11687.0,4435.0,0.267,54638.0,1
B0217,temporary_stress,24,7956.0,11778.0,4435.0,0.267,54638.0,0
B0217,temporary_stress,25,7819.0,12155.0,4435.0,0.267,54638.0,0
B0217,temporary_stress,26,7827.0,11952.0,4435.0,0.267,54638.0,0
B0217,temporary_stress,27,8049.0,11850.0,4435.0,0.267,54638.0,0
B0217,temporary_stress,28,8054.0,11950.0,4435.0,0.267,54638.0,0
B0217,temporary_stress,29,7963.0,11885.0,4435.0,0.267,54638.0,0
B0217,temporary_stress,30,11096.0,11408.0,4435.0,0.267,54638.0,0
B0217,temporary_stress,31,12170.0,11420.0,4435.0,0.267,54638.0,0
B0217,temporary_stress,32,13607.0,11191.0,4435.0,0.267,54638.0,0
B0217,temporary_stress,33,15053.0,10976.0,4435.0,0.267,54638.0,0
B0217,temporary_stress,34,16404.0,11295.0,4435.0,0.267,54638.0,1
B0217,temporary_stress,35,17667.0,11668.0,4435.0,0.267,54638.0,1
B0217,temporary_stress,36,18917.0,11848.0,4435.0,0.267,54638.0,1
B0217,temporary_stress,37,18850.0,11476.0,4435.0,0.267,54638.0,1
B0217,temporary_stress,38,18858.0,11313.0,4435.0,0.267,54638.0,1
B0217,temporary_stress,39,18399.0,11314.0,4435.0,0.267,54638.0,1
B0217,temporary_stress,40,18250.0,11257.0,4435.0,0.267,54638.0,1
B0218,temporary_stress,0,17760.0,10610.0,3719.0,0.273,63876.0,1
B0218,temporary_stress,1,17448.0,10719.0,3719.0,0.273,63876.0,1
B0218,temporary_stress,2,17351.0,10592.0,3719.0,0.273,63876.0,1
B0218,temporary_stress,3,17671.0,10328.0,3719.0,0.273,63876.0,1
B0218,temporary_stress,4,17923.0,10513.0,3719.0,0.273,63876.0,1
B0218,temporary_stress,5,17476.0,10886.0,3719.0,0.273,63876.0,1
B0218,temporary_stress,6,17779.0,10750.0,3719.0,0.273,63876.0,1
B0218,temporary_stress,7,17958.0,10525.0,3719.0,0.273,63876.0,1
B0218,temporary_stress,8,9022.0,10577.0,3719.0,0.273,63876.0,0
B0218,temporary_stress,9,9133.0,10015.0,3719.0,0.273,63876.0,0
B0218,temporary_stress,10,9218.0,10245.0,3719.0,0.273,63876.0,0
B0218,temporary_stress,11,9224.0,10627.0,3719.0,0.273,63876.0,0
B0218,temporary_stress,12,9242.0,10830.0,3719.0,0.273,63876.0,0
B0218,temporary_stress,13,9208.0,10823.0,3719.0,0.273,63876.0,0
B0218,temporary_stress,14,10147.0,10492.0,3719.0,0.273,63876.0,0
B0218,temporary_stress,15,11937.0,10567.0,3719.0,0.273,63876.0,0
B0218,temporary_stress,16,14161.0,10804.0,3719.0,0.273,63876.0,0
B0218,temporary_stress,17,15913.0,10501.0,3719.0,0.273,63876.0,1
B0218,temporary_stress,18,17548.0,10459.0,3719.0,0.273,63876.0,1
B0218,temporary_stress,19,17923.0,10907.0,3719.0,0.273,63876.0,1
B0218,temporary_stress,20,17974.0,10592.0,3719.0,0.273,63876.0,1
B0218,temporary_stress,21,17749.0,10611.0,3719.0,0.273,63876.0,1
B0218,temporary_stress,22,17739.0,10613.0,3719.0,0.273,63876.0,1
B0218,temporary_stress,23,17752.0,10557.0,3719.0,0.273,63876.0,1
B0218,temporary_stress,24,18114.0,10466.0,3719.0,0.273,63876.0,1
B0218,temporary_stress,25,18301.0,10956.0,3719.0,0.273,63876.0,1
B0218,temporary_stress,26,18139.0,10854.0,3719.0,0.273,63876.0,1
B0218,temporary_stress,27,18042.0,10592.0,3719.0,0.273,63876.0,1
B0218,temporary_stress,28,17876.0,10762.0,3719.0,0.273,63876.0,1
B0218,temporary_stress,29,17774.0,10769.0,3719.0,0.273,63876.0,1
B0218,temporary_stress,30,17399.0,10598.0,3719.0,0.273,63876.0,1
B0219,temporary_stress,0,19692.0,13260.0,4496.0,0.239,57423.0,1
B0219,temporary_stress,1,19661.0,13101.0,4496.0,0.239,57423.0,1
B0219,temporary_stress,2,19474.0,13235.0,4496.0,0.239,57423.0,1
B0219,temporary_stress,3,19554.0,13457.0,4496.0,0.239,57423.0,1
B0219,temporary_stress,4,19564.0,13129.0,4496.0,0.239,57423.0,1
B0219,temporary_stress,5,19500.0,13151.0,4496.0,0.239,57423.0,1
B0219,temporary_stress,6,19650.0,13021.0,4496.0,0.239,57423.0,1
B0219,temporary_stress,7,19683.0,12303.0,4496.0,0.239,57423.0,1
B0219,temporary_stress,8,20118.0,12754.0,4496.0,0.239,57423.0,1
B0219,temporary_stress,9,20435.0,13212.0,4496.0,0.239,57423.0,1
B0219,temporary_stress,10,20192.0,13513.0,4496.0,0.239,57423.0,1
B0219,temporary_stress,11,19770.0,13361.0,4496.0,0.239,57423.0,1
B0219,temporary_stress,12,19479.0,13164.0,4496.0,0.239,57423.0,1
B0219,temporary_stress,13,19532.0,13672.0,4496.0,0.239,57423.0,1
B0219,temporary_stress,14,19180.0,13668.0,4496.0,0.239,57423.0,1
B0219,temporary_stress,15,19339.0,13220.0,4496.0,0.239,57423.0,1
B0219,temporary_stress,16,19278.0,12836.0,4496.0,0.239,57423.0,1
B0219,temporary_stress,17,11870.0,12959.0,4496.0,0.239,57423.0,0
B0219,temporary_stress,18,11976.0,13267.0,4496.0,0.239,57423.0,0
B0219,temporary_stress,19,12061.0,13097.0,4496.0,0.239,57423.0,0
B0219,temporary_stress,20,13427.0,13537.0,4496.0,0.239,57423.0,0
B0219,temporary_stress,21,14491.0,13157.0,4496.0,0.239,57423.0,0
B0219,temporary_stress,22,15640.0,13196.0,4496.0,0.239,57423.0,0
B0219,temporary_stress,23,16637.0,13242.0,4496.0,0.239,57423.0,0
B0219,temporary_stress,24,17983.0,13252.0,4496.0,0.239,57423.0,1
B0219,temporary_stress,25,18938.0,13147.0,4496.0,0.239,57423.0,1
B0219,temporary_stress,26,19775.0,13225.0,4496.0,0.239,57423.0,1
B0219,temporary_stress,27,19500.0,13553.0,4496.0,0.239,57423.0,1
B0219,temporary_stress,28,19677.0,13353.0,4496.0,0.239,57423.0,1
B0219,temporary_stress,29,19698.0,13699.0,4496.0,0.239,57423.0,1
B0219,temporary_stress,30,19829.0,13326.0,4496.0,0.239,57423.0,1
B0219,temporary_stress,31,19504.0,13392.0,4496.0,0.239,57423.0,1
B0219,temporary_stress,32,19289.0,13797.0,4496.0,0.239,57423.0,1
B0219,temporary_stress,33,19161.0,13941.0,4496.0,0.239,57423.0,1
B0219,temporary_stress,34,19166.0,13777.0,4496.0,0.239,57423.0,1
B0219,temporary_stress,35,19413.0,13443.0,4496.0,0.239,57423.0,1
B0219,temporary_stress,36,19457.0,13534.0,4496.0,0.239,57423.0,1
B0219,temporary_stress,37,19553.0,13020.0,4496.0,0.239,57423.0,1
B0219,temporary_stress,38,19943.0,12644.0,4496.0,0.239,57423.0,1
B0219,temporary_stress,39,20105.0,12871.0,4496.0,0.239,57423.0,1
B0219,temporary_stress,40,20769.0,12618.0,4496.0,0.239,57423.0,1
B0220,structural_decline,0,16255.0,12076.0,2519.0,0.137,84144.0,1
B0220,structural_decline,1,16517.0,12230.0,2519.0,0.137,84144.0,1
B0220,structural_decline,2,16507.0,12299.0,2519.0,0.137,84144.0,1
B0220,structural_decline,3,16351.0,12375.0,2519.0,0.137,84144.0,1
B0220,structural_decline,4,16600.0,12651.0,2519.0,0.137,84144.0,1
B0220,structural_decline,5,16180.0,13022.0,2519.0,0.137,84144.0,1
B0220,structural_decline,6,16109.0,12521.0,2519.0,0.137,84144.0,1
B0220,structural_decline,7,16234.0,12397.0,2519.0,0.137,84144.0,1
B0220,structural_decline,8,16544.0,12789.0,2519.0,0.137,84144.0,1
B0220,structural_decline,9,16407.0,12484.0,2519.0,0.137,84144.0,1
B0220,structural_decline,10,16296.0,12815.0,2519.0,0.137,84144.0,1
B0220,structural_decline,11,16310.0,12957.0,2519.0,0.137,84144.0,1
B0220,structural_decline,12,16313.0,13152.0,2519.0,0.137,84144.0,1
B0220,structural_decline,13,16187.0,13083.0,2519.0,0.137,84144.0,1
B0220,structural_decline,14,15704.0,12941.0,2519.0,0.137,84144.0,1
B0220,structural_decline,15,15250.0,12715.0,2519.0,0.137,84144.0,1
B0220,structural_decline,16,15121.0,12237.0,2519.0,0.137,84144.0,1
B0220,structural_decline,17,15179.0,11892.0,2519.0,0.137,84144.0,1
B0220,structural_decline,18,14937.0,12148.0,2519.0,0.137,84144.0,1
B0220,structural_decline,19,14293.0,12404.0,2519.0,0.137,84144.0,0
B0220,structural_decline,20,13609.0,12638.0,2519.0,0.137,84144.0,0
B0220,structural_decline,21,13412.0,12308.0,2519.0,0.137,84144.0,0
B0220,structural_decline,22,13072.0,12228.0,2519.0,0.137,84144.0,0
B0220,structural_decline,23,12908.0,11998.0,2519.0,0.137,84144.0,0
B0220,structural_decline,24,12737.0,12370.0,2519.0,0.137,84144.0,0
B0220,structural_decline,25,12522.0,12443.0,2519.0,0.137,84144.0,0
B0220,structural_decline,26,12038.0,12234.0,2519.0,0.137,84144.0,0
B0220,structural_decline,27,11866.0,12305.0,2519.0,0.137,84144.0,0
B0220,structural_decline,28,11710.0,12059.0,2519.0,0.137,84144.0,0
B0220,structural_decline,29,11373.0,12132.0,2519.0,0.137,84144.0,0
B0220,structural_decline,30,10987.0,12108.0,2519.0,0.137,84144.0,0
B0220,structural_decline,31,10526.0,12183.0,2519.0,0.137,84144.0,0
B0220,structural_decline,32,10489.0,12128.0,2519.0,0.137,84144.0,0
B0220,structural_decline,33,10407.0,12192.0,2519.0,0.137,84144.0,0
B0220,structural_decline,34,9937.0,12602.0,2519.0,0.137,84144.0,0
B0220,structural_decline,35,9666.0,12705.0,2519.0,0.137,84144.0,0
B0220,structural_decline,36,9515.0,12694.0,2519.0,0.137,84144.0,0
B0220,structural_decline,37,9346.0,12451.0,2519.0,0.137,84144.0,0
B0220,structural_decline,38,9058.0,12458.0,2519.0,0.137,84144.0,0
B0221,temporary_stress,0,15610.0,10605.0,3010.0,0.204,79283.0,1
B0221,temporary_stress,1,15719.0,10563.0,3010.0,0.204,79283.0,1
B0221,temporary_stress,2,15749.0,10943.0,3010.0,0.204,79283.0,1
B0221,temporary_stress,3,15666.0,11135.0,3010.0,0.204,79283.0,1
B0221,temporary_stress,4,15848.0,11180.0,3010.0,0.204,79283.0,1
B0221,temporary_stress,5,16092.0,11293.0,3010.0,0.204,79283.0,1
B0221,temporary_stress,6,16328.0,11258.0,3010.0,0.204,79283.0,1
B0221,temporary_stress,7,16156.0,10770.0,3010.0,0.204,79283.0,1
B0221,temporary_stress,8,16287.0,11015.0,3010.0,0.204,79283.0,1
B0221,temporary_stress,9,16386.0,11366.0,3010.0,0.204,79283.0,1
B0221,temporary_stress,10,16470.0,11349.0,3010.0,0.204,79283.0,1
B0221,temporary_stress,11,16607.0,10779.0,3010.0,0.204,79283.0,1
B0221,temporary_stress,12,16341.0,10491.0,3010.0,0.204,79283.0,1
B0221,temporary_stress,13,16262.0,10720.0,3010.0,0.204,79283.0,1
B0221,temporary_stress,14,16213.0,10706.0,3010.0,0.204,79283.0,1
B0221,temporary_stress,15,16238.0,10938.0,3010.0,0.204,79283.0,1
B0221,temporary_stress,16,15916.0,11077.0,3010.0,0.204,79283.0,1
B0221,temporary_stress,17,15601.0,10676.0,3010.0,0.204,79283.0,1
B0221,temporary_stress,18,15797.0,10424.0,3010.0,0.204,79283.0,1
B0221,temporary_stress,19,9540.0,10278.0,3010.0,0.204,79283.0,0
B0221,temporary_stress,20,9503.0,10516.0,3010.0,0.204,79283.0,0
B0221,temporary_stress,21,9520.0,10747.0,3010.0,0.204,79283.0,0
B0221,temporary_stress,22,9752.0,10501.0,3010.0,0.204,79283.0,0
B0221,temporary_stress,23,9765.0,10652.0,3010.0,0.204,79283.0,0
B0221,temporary_stress,24,10664.0,10697.0,3010.0,0.204,79283.0,0
B0221,temporary_stress,25,12272.0,10660.0,3010.0,0.204,79283.0,0
B0221,temporary_stress,26,13806.0,10935.0,3010.0,0.204,79283.0,0
B0221,temporary_stress,27,15138.0,10585.0,3010.0,0.204,79283.0,1
B0221,temporary_stress,28,16250.0,10751.0,3010.0,0.204,79283.0,1
B0221,temporary_stress,29,16173.0,10923.0,3010.0,0.204,79283.0,1
B0221,temporary_stress,30,16300.0,11104.0,3010.0,0.204,79283.0,1
B0221,temporary_stress,31,16059.0,11484.0,3010.0,0.204,79283.0,1
B0221,temporary_stress,32,15799.0,11832.0,3010.0,0.204,79283.0,1
B0221,temporary_stress,33,15399.0,11421.0,3010.0,0.204,79283.0,1
B0221,temporary_stress,34,15575.0,10939.0,3010.0,0.204,79283.0,1
B0221,temporary_stress,35,15803.0,10894.0,3010.0,0.204,79283.0,1
B0221,temporary_stress,36,15777.0,11310.0,3010.0,0.204,79283.0,1
B0221,temporary_stress,37,15708.0,11201.0,3010.0,0.204,79283.0,1
B0221,temporary_stress,38,16145.0,10650.0,3010.0,0.204,79283.0,1
B0222,stable,0,12322.0,6651.0,2065.0,0.267,34232.0,1
B0222,stable,1,12457.0,6897.0,2065.0,0.267,34232.0,1
B0222,stable,2,12481.0,7010.0,2065.0,0.267,34232.0,1
B0222,stable,3,12414.0,6847.0,2065.0,0.267,34232.0,1
B0222,stable,4,12267.0,6859.0,2065.0,0.267,34232.0,1
B0222,stable,5,11981.0,6649.0,2065.0,0.267,34232.0,1
B0222,stable,6,12138.0,6454.0,2065.0,0.267,34232.0,1
B0222,stable,7,12085.0,6613.0,2065.0,0.267,34232.0,1
B0222,stable,8,11905.0,6603.0,2065.0,0.267,34232.0,1
B0222,stable,9,11969.0,6554.0,2065.0,0.267,34232.0,1
B0222,stable,10,11906.0,6500.0,2065.0,0.267,34232.0,1
B0222,stable,11,11863.0,6418.0,2065.0,0.267,34232.0,1
B0222,stable,12,11920.0,6467.0,2065.0,0.267,34232.0,1
B0222,stable,13,11934.0,6603.0,2065.0,0.267,34232.0,1
B0222,stable,14,11904.0,6708.0,2065.0,0.267,34232.0,1
B0222,stable,15,12047.0,6343.0,2065.0,0.267,34232.0,1
B0222,stable,16,12163.0,6406.0,2065.0,0.267,34232.0,1
B0222,stable,17,12130.0,6675.0,2065.0,0.267,34232.0,1
B0222,stable,18,12256.0,6814.0,2065.0,0.267,34232.0,1
B0222,stable,19,12540.0,6835.0,2065.0,0.267,34232.0,1
B0222,stable,20,12558.0,6727.0,2065.0,0.267,34232.0,1
B0222,stable,21,12430.0,6609.0,2065.0,0.267,34232.0,1
B0222,stable,22,12488.0,6391.0,2065.0,0.267,34232.0,1
B0222,stable,23,12814.0,6544.0,2065.0,0.267,34232.0,1
B0222,stable,24,12634.0,6868.0,2065.0,0.267,34232.0,1
B0222,stable,25,12514.0,6836.0,2065.0,0.267,34232.0,1
B0222,stable,26,12204.0,6823.0,2065.0,0.267,34232.0,1
B0222,stable,27,12045.0,6885.0,2065.0,0.267,34232.0,1
B0222,stable,28,11989.0,6935.0,2065.0,0.267,34232.0,1
B0222,stable,29,11904.0,6751.0,2065.0,0.267,34232.0,1
B0222,stable,30,11915.0,6610.0,2065.0,0.267,34232.0,1
B0222,stable,31,11844.0,6674.0,2065.0,0.267,34232.0,1
B0222,stable,32,11819.0,6572.0,2065.0,0.267,34232.0,1
B0222,stable,33,11908.0,6532.0,2065.0,0.267,34232.0,1
B0222,stable,34,12021.0,6668.0,2065.0,0.267,34232.0,1
B0222,stable,35,12122.0,6488.0,2065.0,0.267,34232.0,1
B0222,stable,36,12330.0,6449.0,2065.0,0.267,34232.0,1
B0222,stable,37,12625.0,6596.0,2065.0,0.267,34232.0,1
B0223,structural_decline,0,19412.0,13394.0,4504.0,0.145,90743.0,1
B0223,structural_decline,1,19432.0,13662.0,4504.0,0.145,90743.0,1
B0223,structural_decline,2,19890.0,13499.0,4504.0,0.145,90743.0,1
B0223,structural_decline,3,19714.0,13457.0,4504.0,0.145,90743.0,1
B0223,structural_decline,4,19979.0,14169.0,4504.0,0.145,90743.0,1
B0223,structural_decline,5,19440.0,14141.0,4504.0,0.145,90743.0,1
B0223,structural_decline,6,19567.0,14098.0,4504.0,0.145,90743.0,1
B0223,structural_decline,7,20021.0,14260.0,4504.0,0.145,90743.0,1
B0223,structural_decline,8,19644.0,14319.0,4504.0,0.145,90743.0,1
B0223,structural_decline,9,19723.0,13732.0,4504.0,0.145,90743.0,1
B0223,structural_decline,10,19667.0,13849.0,4504.0,0.145,90743.0,1
B0223,structural_decline,11,19659.0,13982.0,4504.0,0.145,90743.0,1
B0223,structural_decline,12,19609.0,13666.0,4504.0,0.145,90743.0,1
B0223,structural_decline,13,19511.0,13625.0,4504.0,0.145,90743.0,1
B0223,structural_decline,14,19387.0,13722.0,4504.0,0.145,90743.0,1
B0223,structural_decline,15,19464.0,13405.0,4504.0,0.145,90743.0,1
B0223,structural_decline,16,19690.0,13214.0,4504.0,0.145,90743.0,1
B0223,structural_decline,17,19323.0,13041.0,4504.0,0.145,90743.0,1
B0223,structural_decline,18,18928.0,13554.0,4504.0,0.145,90743.0,1
B0223,structural_decline,19,18583.0,13340.0,4504.0,0.145,90743.0,1
B0223,structural_decline,20,18110.0,13172.0,4504.0,0.145,90743.0,1
B0223,structural_decline,21,17732.0,13209.0,4504.0,0.145,90743.0,1
B0223,structural_decline,22,17450.0,12984.0,4504.0,0.145,90743.0,0
B0223,structural_decline,23,17365.0,13255.0,4504.0,0.145,90743.0,0
B0223,structural_decline,24,16907.0,13633.0,4504.0,0.145,90743.0,0
B0223,structural_decline,25,16336.0,13609.0,4504.0,0.145,90743.0,0
B0223,structural_decline,26,16244.0,13728.0,4504.0,0.145,90743.0,0
B0223,structural_decline,27,16093.0,13717.0,4504.0,0.145,90743.0,0
B0223,structural_decline,28,15618.0,13319.0,4504.0,0.145,90743.0,0
B0223,structural_decline,29,15192.0,13574.0,4504.0,0.145,90743.0,0
B0223,structural_decline,30,14806.0,13815.0,4504.0,0.145,90743.0,0
B0223,structural_decline,31,14788.0,13811.0,4504.0,0.145,90743.0,0
B0223,structural_decline,32,14691.0,13043.0,4504.0,0.145,90743.0,0
B0223,structural_decline,33,14421.0,13345.0,4504.0,0.145,90743.0,0
B0223,structural_decline,34,13914.0,13498.0,4504.0,0.145,90743.0,0
B0223,structural_decline,35,13487.0,13449.0,4504.0,0.145,90743.0,0
B0223,structural_decline,36,13059.0,13575.0,4504.0,0.145,90743.0,0
B0223,structural_decline,37,12855.0,13814.0,4504.0,0.145,90743.0,0
B0224,structural_decline,0,14464.0,10387.0,1627.0,0.263,43668.0,1
B0224,structural_decline,1,14534.0,10305.0,1627.0,0.263,43668.0,1
B0224,structural_decline,2,14759.0,10382.0,1627.0,0.263,43668.0,1
B0224,structural_decline,3,14964.0,10274.0,1627.0,0.263,43668.0,1
B0224,structural_decline,4,14734.0,10283.0,1627.0,0.263,43668.0,1
B0224,structural_decline,5,14607.0,10201.0,1627.0,0.263,43668.0,1
B0224,structural_decline,6,14497.0,10067.0,1627.0,0.263,43668.0,1
B0224,structural_decline,7,14476.0,10580.0,1627.0,0.263,43668.0,1
B0224,structural_decline,8,14696.0,10941.0,1627.0,0.263,43668.0,1
B0224,structural_decline,9,14923.0,10454.0,1627.0,0.263,43668.0,1
B0224,structural_decline,10,14856.0,10010.0,1627.0,0.263,43668.0,1
B0224,structural_decline,11,14698.0,10373.0,1627.0,0.263,43668.0,1
B0224,structural_decline,12,14663.0,10461.0,1627.0,0.263,43668.0,1
B0224,structural_decline,13,14690.0,10613.0,1627.0,0.263,43668.0,1
B0224,structural_decline,14,14394.0,10877.0,1627.0,0.263,43668.0,1
B0224,structural_decline,15,14527.0,10503.0,1627.0,0.263,43668.0,1
B0224,structural_decline,16,14764.0,10403.0,1627.0,0.263,43668.0,1
B0224,structural_decline,17,14947.0,10550.0,1627.0,0.263,43668.0,1
B0224,structural_decline,18,14457.0,10679.0,1627.0,0.263,43668.0,1
B0224,structural_decline,19,14297.0,10357.0,1627.0,0.263,43668.0,1
B0224,structural_decline,20,13940.0,10431.0,1627.0,0.263,43668.0,1
B0224,structural_decline,21,13378.0,10567.0,1627.0,0.263,43668.0,1
B0224,structural_decline,22,13277.0,10085.0,1627.0,0.263,43668.0,1
B0224,structural_decline,23,13094.0,10025.0,1627.0,0.263,43668.0,1
B0224,structural_decline,24,12662.0,10713.0,1627.0,0.263,43668.0,1
B0224,structural_decline,25,12594.0,10849.0,1627.0,0.263,43668.0,1
B0224,structural_decline,26,12374.0,10546.0,1627.0,0.263,43668.0,1
B0224,structural_decline,27,12038.0,10435.0,1627.0,0.263,43668.0,0
B0224,structural_decline,28,12011.0,10299.0,1627.0,0.263,43668.0,1
B0224,structural_decline,29,11808.0,10250.0,1627.0,0.263,43668.0,0
B0224,structural_decline,30,11744.0,10276.0,1627.0,0.263,43668.0,0
B0224,structural_decline,31,11278.0,10732.0,1627.0,0.263,43668.0,0
B0224,structural_decline,32,11163.0,10956.0,1627.0,0.263,43668.0,0
B0224,structural_decline,33,10977.0,10227.0,1627.0,0.263,43668.0,0
B0224,structural_decline,34,10680.0,10355.0,1627.0,0.263,43668.0,0
B0225,temporary_stress,0,9978.0,5517.0,1595.0,0.267,48099.0,1
B0225,temporary_stress,1,10254.0,5493.0,1595.0,0.267,48099.0,1
B0225,temporary_stress,2,10345.0,5498.0,1595.0,0.267,48099.0,1
B0225,temporary_stress,3,10341.0,5462.0,1595.0,0.267,48099.0,1
B0225,temporary_stress,4,10267.0,5397.0,1595.0,0.267,48099.0,1
B0225,temporary_stress,5,10243.0,5421.0,1595.0,0.267,48099.0,1
B0225,temporary_stress,6,10307.0,5452.0,1595.0,0.267,48099.0,1
B0225,temporary_stress,7,10227.0,5332.0,1595.0,0.267,48099.0,1
B0225,temporary_stress,8,5912.0,5307.0,1595.0,0.267,48099.0,0
B0225,temporary_stress,9,5991.0,5293.0,1595.0,0.267,48099.0,0
B0225,temporary_stress,10,6044.0,5209.0,1595.0,0.267,48099.0,0
B0225,temporary_stress,11,5855.0,5331.0,1595.0,0.267,48099.0,0
B0225,temporary_stress,12,6841.0,5471.0,1595.0,0.267,48099.0,0
B0225,temporary_stress,13,7774.0,5618.0,1595.0,0.267,48099.0,1
B0225,temporary_stress,14,8321.0,5506.0,1595.0,0.267,48099.0,1
B0225,temporary_stress,15,9152.0,5480.0,1595.0,0.267,48099.0,1
B0225,temporary_stress,16,10299.0,5548.0,1595.0,0.267,48099.0,1
B0225,temporary_stress,17,10301.0,5564.0,1595.0,0.267,48099.0,1
B0225,temporary_stress,18,10077.0,5619.0,1595.0,0.267,48099.0,1
B0225,temporary_stress,19,10202.0,5817.0,1595.0,0.267,48099.0,1
B0225,temporary_stress,20,10314.0,5572.0,1595.0,0.267,48099.0,1
B0225,temporary_stress,21,10191.0,5596.0,1595.0,0.267,48099.0,1
B0225,temporary_stress,22,10294.0,5644.0,1595.0,0.267,48099.0,1
B0225,temporary_stress,23,10361.0,5568.0,1595.0,0.267,48099.0,1
B0225,temporary_stress,24,10201.0,5445.0,1595.0,0.267,48099.0,1
B0225,temporary_stress,25,10065.0,5498.0,1595.0,0.267,48099.0,1
B0225,temporary_stress,26,9986.0,5409.0,1595.0,0.267,48099.0,1
B0225,temporary_stress,27,10110.0,5253.0,1595.0,0.267,48099.0,1
B0225,temporary_stress,28,10143.0,5512.0,1595.0,0.267,48099.0,1
B0225,temporary_stress,29,9986.0,5619.0,1595.0,0.267,48099.0,1
B0225,temporary_stress,30,10137.0,5436.0,1595.0,0.267,48099.0,1
B0225,temporary_stress,31,10212.0,5448.0,1595.0,0.267,48099.0,1
B0225,temporary_stress,32,10077.0,5203.0,1595.0,0.267,48099.0,1
B0225,temporary_stress,33,9989.0,5280.0,1595.0,0.267,48099.0,1
B0225,temporary_stress,34,10259.0,5284.0,1595.0,0.267,48099.0,1
B0225,temporary_stress,35,10243.0,5312.0,1595.0,0.267,48099.0,1
B0225,temporary_stress,36,10275.0,5408.0,1595.0,0.267,48099.0,1
B0226,temporary_stress,0,13059.0,8187.0,1550.0,0.096,34002.0,1
B0226,temporary_stress,1,13094.0,8638.0,1550.0,0.096,34002.0,1
B0226,temporary_stress,2,13207.0,8708.0,1550.0,0.096,34002.0,1
B0226,temporary_stress,3,13345.0,8675.0,1550.0,0.096,34002.0,1
B0226,temporary_stress,4,13309.0,8684.0,1550.0,0.096,34002.0,1
B0226,temporary_stress,5,13177.0,8760.0,1550.0,0.096,34002.0,1
B0226,temporary_stress,6,13152.0,8662.0,1550.0,0.096,34002.0,1
B0226,temporary_stress,7,13127.0,8267.0,1550.0,0.096,34002.0,1
B0226,temporary_stress,8,13303.0,8298.0,1550.0,0.096,34002.0,1
B0226,temporary_stress,9,13115.0,8420.0,1550.0,0.096,34002.0,1
B0226,temporary_stress,10,12684.0,8566.0,1550.0,0.096,34002.0,1
B0226,temporary_stress,11,12502.0,8497.0,1550.0,0.096,34002.0,1
B0226,temporary_stress,12,5702.0,8586.0,1550.0,0.096,34002.0,0
B0226,temporary_stress,13,5759.0,8515.0,1550.0,0.096,34002.0,0
B0226,temporary_stress,14,5887.0,8636.0,1550.0,0.096,34002.0,0
B0226,temporary_stress,15,5996.0,8547.0,1550.0,0.096,34002.0,0
B0226,temporary_stress,16,5882.0,8326.0,1550.0,0.096,34002.0,0
B0226,temporary_stress,17,7228.0,8415.0,1550.0,0.096,34002.0,0
B0226,temporary_stress,18,9196.0,8703.0,1550.0,0.096,34002.0,0
B0226,temporary_stress,19,11134.0,8680.0,1550.0,0.096,34002.0,1
B0226,temporary_stress,20,13015.0,8534.0,1550.0,0.096,34002.0,1
B0226,temporary_stress,21,13160.0,8417.0,1550.0,0.096,34002.0,1
B0226,temporary_stress,22,13231.0,8400.0,1550.0,0.096,34002.0,1
B0226,temporary_stress,23,13322.0,8312.0,1550.0,0.096,34002.0,1
B0226,temporary_stress,24,13456.0,8304.0,1550.0,0.096,34002.0,1
B0226,temporary_stress,25,13208.0,8435.0,1550.0,0.096,34002.0,1
B0226,temporary_stress,26,13022.0,8531.0,1550.0,0.096,34002.0,1
B0226,temporary_stress,27,12957.0,8431.0,1550.0,0.096,34002.0,1
B0226,temporary_stress,28,12828.0,8466.0,1550.0,0.096,34002.0,1
B0226,temporary_stress,29,12788.0,8355.0,1550.0,0.096,34002.0,1
B0227,stable,0,15044.0,8301.0,3172.0,0.278,41962.0,1
B0227,stable,1,15136.0,8059.0,3172.0,0.278,41962.0,1
B0227,stable,2,14966.0,8117.0,3172.0,0.278,41962.0,1
B0227,stable,3,14954.0,8008.0,3172.0,0.278,41962.0,1
B0227,stable,4,14856.0,8024.0,3172.0,0.278,41962.0,1
B0227,stable,5,14683.0,8437.0,3172.0,0.278,41962.0,1
B0227,stable,6,14953.0,8191.0,3172.0,0.278,41962.0,1
B0227,stable,7,15005.0,8213.0,3172.0,0.278,41962.0,1
B0227,stable,8,14840.0,8558.0,3172.0,0.278,41962.0,1
B0227,stable,9,14806.0,8736.0,3172.0,0.278,41962.0,1
B0227,stable,10,14797.0,8560.0,3172.0,0.278,41962.0,1
B0227,stable,11,14758.0,8651.0,3172.0,0.278,41962.0,1
B0227,stable,12,14654.0,8476.0,3172.0,0.278,41962.0,1
B0227,stable,13,14561.0,8708.0,3172.0,0.278,41962.0,1
B0227,stable,14,14475.0,8723.0,3172.0,0.278,41962.0,1
B0227,stable,15,14852.0,8495.0,3172.0,0.278,41962.0,1
B0227,stable,16,14862.0,8494.0,3172.0,0.278,41962.0,1
B0227,stable,17,14806.0,8322.0,3172.0,0.278,41962.0,1
B0227,stable,18,15114.0,8220.0,3172.0,0.278,41962.0,1
B0227,stable,19,15428.0,8295.0,3172.0,0.278,41962.0,1
B0227,stable,20,15523.0,8408.0,3172.0,0.278,41962.0,1
B0227,stable,21,15497.0,8323.0,3172.0,0.278,41962.0,1
B0227,stable,22,15387.0,8025.0,3172.0,0.278,41962.0,1
B0227,stable,23,15198.0,8170.0,3172.0,0.278,41962.0,1
B0227,stable,24,15405.0,8467.0,3172.0,0.278,41962.0,1
B0227,stable,25,14937.0,8803.0,3172.0,0.278,41962.0,1
B0227,stable,26,15080.0,8628.0,3172.0,0.278,41962.0,1
B0227,stable,27,15376.0,8393.0,3172.0,0.278,41962.0,1
B0227,stable,28,15136.0,8238.0,3172.0,0.278,41962.0,1
B0227,stable,29,14921.0,8048.0,3172.0,0.278,41962.0,1
B0227,stable,30,14944.0,8113.0,3172.0,0.278,41962.0,1
B0227,stable,31,14937.0,8499.0,3172.0,0.278,41962.0,1
B0227,stable,32,15101.0,8702.0,3172.0,0.278,41962.0,1
B0227,stable,33,15055.0,8776.0,3172.0,0.278,41962.0,1
B0227,stable,34,15183.0,8555.0,3172.0,0.278,41962.0,1
B0227,stable,35,15246.0,8665.0,3172.0,0.278,41962.0,1
B0227,stable,36,15129.0,8534.0,3172.0,0.278,41962.0,1
B0227,stable,37,15229.0,8406.0,3172.0,0.278,41962.0,1
B0228,structural_decline,0,11603.0,7612.0,2538.0,0.165,34859.0,1
B0228,structural_decline,1,11460.0,7903.0,2538.0,0.165,34859.0,1
B0228,structural_decline,2,11362.0,7980.0,2538.0,0.165,34859.0,1
B0228,structural_decline,3,11386.0,7859.0,2538.0,0.165,34859.0,1
B0228,structural_decline,4,11627.0,7689.0,2538.0,0.165,34859.0,1
B0228,structural_decline,5,11523.0,8002.0,2538.0,0.165,34859.0,1
B0228,structural_decline,6,11475.0,8348.0,2538.0,0.165,34859.0,1
B0228,structural_decline,7,11580.0,8274.0,2538.0,0.165,34859.0,1
B0228,structural_decline,8,11572.0,8232.0,2538.0,0.165,34859.0,1
B0228,structural_decline,9,11232.0,7748.0,2538.0,0.165,34859.0,1
B0228,structural_decline,10,11046.0,7423.0,2538.0,0.165,34859.0,1
B0228,structural_decline,11,10972.0,7677.0,2538.0,0.165,34859.0,1
B0228,structural_decline,12,10853.0,8226.0,2538.0,0.165,34859.0,1
B0228,structural_decline,13,10385.0,8329.0,2538.0,0.165,34859.0,0
B0228,structural_decline,14,10124.0,7956.0,2538.0,0.165,34859.0,0
B0228,structural_decline,15,9941.0,7945.0,2538.0,0.165,34859.0,0
B0228,structural_decline,16,9824.0,8007.0,2538.0,0.165,34859.0,0
B0228,structural_decline,17,9621.0,7950.0,2538.0,0.165,34859.0,0
B0228,structural_decline,18,9183.0,7975.0,2538.0,0.165,34859.0,0
B0228,structural_decline,19,8908.0,7970.0,2538.0,0.165,34859.0,0
B0228,structural_decline,20,8942.0,7891.0,2538.0,0.165,34859.0,0
B0228,structural_decline,21,8821.0,7851.0,2538.0,0.165,34859.0,0
B0228,structural_decline,22,8491.0,8049.0,2538.0,0.165,34859.0,0
B0228,structural_decline,23,8176.0,8022.0,2538.0,0.165,34859.0,0
B0228,structural_decline,24,7932.0,7794.0,2538.0,0.165,34859.0,0
B0228,structural_decline,25,7805.0,7885.0,2538.0,0.165,34859.0,0
B0228,structural_decline,26,7638.0,7958.0,2538.0,0.165,34859.0,0
B0228,structural_decline,27,7415.0,7863.0,2538.0,0.165,34859.0,0
B0228,structural_decline,28,7242.0,7842.0,2538.0,0.165,34859.0,0
B0228,structural_decline,29,7036.0,7937.0,2538.0,0.165,34859.0,0
B0228,structural_decline,30,6890.0,7814.0,2538.0,0.165,34859.0,0
B0228,structural_decline,31,5675.0,7835.0,2538.0,0.165,34859.0,0
B0228,structural_decline,32,5608.0,8062.0,2538.0,0.165,34859.0,0
B0228,structural_decline,33,5550.0,7993.0,2538.0,0.165,34859.0,0
B0228,structural_decline,34,6519.0,7877.0,2538.0,0.165,34859.0,0
B0228,structural_decline,35,6384.0,7731.0,2538.0,0.165,34859.0,0
B0228,structural_decline,36,6209.0,7946.0,2538.0,0.165,34859.0,0
B0228,structural_decline,37,6083.0,8233.0,2538.0,0.165,34859.0,0
B0228,structural_decline,38,5956.0,8273.0,2538.0,0.165,34859.0,0
B0228,structural_decline,39,5813.0,8172.0,2538.0,0.165,34859.0,0
B0229,stable,0,12012.0,6849.0,1368.0,0.122,38922.0,1
B0229,stable,1,12073.0,6851.0,1368.0,0.122,38922.0,1
B0229,stable,2,12042.0,6704.0,1368.0,0.122,38922.0,1
B0229,stable,3,12150.0,6564.0,1368.0,0.122,38922.0,1
B0229,stable,4,11876.0,6510.0,1368.0,0.122,38922.0,1
B0229,stable,5,11900.0,6522.0,1368.0,0.122,38922.0,1
B0229,stable,6,11938.0,6392.0,1368.0,0.122,38922.0,1
B0229,stable,7,11688.0,6303.0,1368.0,0.122,38922.0,1
B0229,stable,8,11602.0,6469.0,1368.0,0.122,38922.0,1
B0229,stable,9,11743.0,6725.0,1368.0,0.122,38922.0,1
B0229,stable,10,11986.0,6835.0,1368.0,0.122,38922.0,1
B0229,stable,11,11987.0,6799.0,1368.0,0.122,38922.0,1
B0229,stable,12,12146.0,6621.0,1368.0,0.122,38922.0,1
B0229,stable,13,12358.0,6756.0,1368.0,0.122,38922.0,1
B0229,stable,14,12309.0,6706.0,1368.0,0.122,38922.0,1
B0229,stable,15,12159.0,6543.0,1368.0,0.122,38922.0,1
B0229,stable,16,12120.0,6847.0,1368.0,0.122,38922.0,1
B0229,stable,17,12344.0,6923.0,1368.0,0.122,38922.0,1
B0229,stable,18,12518.0,7008.0,1368.0,0.122,38922.0,1
B0229,stable,19,12465.0,6818.0,1368.0,0.122,38922.0,1
B0229,stable,20,12136.0,6817.0,1368.0,0.122,38922.0,1
B0229,stable,21,12083.0,6872.0,1368.0,0.122,38922.0,1
B0229,stable,22,12259.0,6708.0,1368.0,0.122,38922.0,1
B0229,stable,23,12379.0,6596.0,1368.0,0.122,38922.0,1
B0229,stable,24,12148.0,6735.0,1368.0,0.122,38922.0,1
B0229,stable,25,12204.0,6881.0,1368.0,0.122,38922.0,1
B0229,stable,26,12232.0,7109.0,1368.0,0.122,38922.0,1
B0229,stable,27,12128.0,6994.0,1368.0,0.122,38922.0,1
B0229,stable,28,12066.0,6686.0,1368.0,0.122,38922.0,1
B0229,stable,29,11916.0,6479.0,1368.0,0.122,38922.0,1
B0229,stable,30,12211.0,6554.0,1368.0,0.122,38922.0,1
B0229,stable,31,12126.0,6507.0,1368.0,0.122,38922.0,1
B0229,stable,32,12212.0,6443.0,1368.0,0.122,38922.0,1
B0229,stable,33,12483.0,6559.0,1368.0,0.122,38922.0,1
B0229,stable,34,12858.0,6447.0,1368.0,0.122,38922.0,1
B0229,stable,35,13041.0,6379.0,1368.0,0.122,38922.0,1
B0230,temporary_stress,0,14847.0,7447.0,3149.0,0.283,70406.0,1
B0230,temporary_stress,1,14625.0,7688.0,3149.0,0.283,70406.0,1
B0230,temporary_stress,2,14465.0,7591.0,3149.0,0.283,70406.0,1
B0230,temporary_stress,3,14607.0,7171.0,3149.0,0.283,70406.0,1
B0230,temporary_stress,4,14937.0,7044.0,3149.0,0.283,70406.0,1
B0230,temporary_stress,5,14602.0,7270.0,3149.0,0.283,70406.0,1
B0230,temporary_stress,6,14460.0,7440.0,3149.0,0.283,70406.0,1
B0230,temporary_stress,7,14777.0,7308.0,3149.0,0.283,70406.0,1
B0230,temporary_stress,8,15076.0,7227.0,3149.0,0.283,70406.0,1
B0230,temporary_stress,9,15010.0,7230.0,3149.0,0.283,70406.0,1
B0230,temporary_stress,10,8704.0,7366.0,3149.0,0.283,70406.0,0
B0230,temporary_stress,11,8602.0,7322.0,3149.0,0.283,70406.0,0
B0230,temporary_stress,12,8580.0,7128.0,3149.0,0.283,70406.0,0
B0230,temporary_stress,13,8550.0,7213.0,3149.0,0.283,70406.0,0
B0230,temporary_stress,14,8302.0,7061.0,3149.0,0.283,70406.0,0
B0230,temporary_stress,15,8280.0,7345.0,3149.0,0.283,70406.0,0
B0230,temporary_stress,16,9030.0,7219.0,3149.0,0.283,70406.0,0
B0230,temporary_stress,17,10196.0,7084.0,3149.0,0.283,70406.0,0
B0230,temporary_stress,18,11337.0,7449.0,3149.0,0.283,70406.0,1
B0230,temporary_stress,19,12654.0,7504.0,3149.0,0.283,70406.0,1
B0230,temporary_stress,20,13660.0,7382.0,3149.0,0.283,70406.0,1
B0230,temporary_stress,21,14848.0,7484.0,3149.0,0.283,70406.0,1
B0230,temporary_stress,22,14900.0,7649.0,3149.0,0.283,70406.0,1
B0230,temporary_stress,23,14679.0,7712.0,3149.0,0.283,70406.0,1
B0230,temporary_stress,24,14848.0,7546.0,3149.0,0.283,70406.0,1
B0230,temporary_stress,25,15007.0,7320.0,3149.0,0.283,70406.0,1
B0230,temporary_stress,26,15013.0,7227.0,3149.0,0.283,70406.0,1
B0230,temporary_stress,27,14824.0,7325.0,3149.0,0.283,70406.0,1
B0230,temporary_stress,28,14918.0,7583.0,3149.0,0.283,70406.0,1
B0230,temporary_stress,29,14910.0,7856.0,3149.0,0.283,70406.0,1
B0230,temporary_stress,30,14923.0,7476.0,3149.0,0.283,70406.0,1
B0230,temporary_stress,31,14799.0,7483.0,3149.0,0.283,70406.0,1
B0230,temporary_stress,32,14828.0,7244.0,3149.0,0.283,70406.0,1
B0230,temporary_stress,33,15210.0,7077.0,3149.0,0.283,70406.0,1
B0231,temporary_stress,0,19449.0,10686.0,4162.0,0.217,76710.0,1
B0231,temporary_stress,1,19473.0,10118.0,4162.0,0.217,76710.0,1
B0231,temporary_stress,2,19288.0,10042.0,4162.0,0.217,76710.0,1
B0231,temporary_stress,3,19303.0,10341.0,4162.0,0.217,76710.0,1
B0231,temporary_stress,4,19087.0,10371.0,4162.0,0.217,76710.0,1
B0231,temporary_stress,5,18778.0,9772.0,4162.0,0.217,76710.0,1
B0231,temporary_stress,6,18660.0,9689.0,4162.0,0.217,76710.0,1
B0231,temporary_stress,7,18451.0,9839.0,4162.0,0.217,76710.0,1
B0231,temporary_stress,8,18710.0,10075.0,4162.0,0.217,76710.0,1
B0231,temporary_stress,9,18515.0,10504.0,4162.0,0.217,76710.0,1
B0231,temporary_stress,10,18164.0,10663.0,4162.0,0.217,76710.0,1
B0231,temporary_stress,11,18216.0,10115.0,4162.0,0.217,76710.0,1
B0231,temporary_stress,12,18318.0,9969.0,4162.0,0.217,76710.0,1
B0231,temporary_stress,13,18379.0,9915.0,4162.0,0.217,76710.0,1
B0231,temporary_stress,14,18442.0,9773.0,4162.0,0.217,76710.0,1
B0231,temporary_stress,15,18584.0,9553.0,4162.0,0.217,76710.0,1
B0231,temporary_stress,16,18550.0,9557.0,4162.0,0.217,76710.0,1
B0231,temporary_stress,17,18530.0,9510.0,4162.0,0.217,76710.0,1
B0231,temporary_stress,18,11571.0,9361.0,4162.0,0.217,76710.0,0
B0231,temporary_stress,19,11649.0,9897.0,4162.0,0.217,76710.0,0
B0231,temporary_stress,20,11672.0,9851.0,4162.0,0.217,76710.0,0
B0231,temporary_stress,21,11730.0,9725.0,4162.0,0.217,76710.0,0
B0231,temporary_stress,22,11607.0,9726.0,4162.0,0.217,76710.0,0
B0231,temporary_stress,23,11669.0,9724.0,4162.0,0.217,76710.0,0
B0231,temporary_stress,24,12746.0,10065.0,4162.0,0.217,76710.0,0
B0231,temporary_stress,25,13614.0,9838.0,4162.0,0.217,76710.0,0
B0231,temporary_stress,26,14328.0,9897.0,4162.0,0.217,76710.0,1
B0231,temporary_stress,27,15473.0,10024.0,4162.0,0.217,76710.0,1
B0231,temporary_stress,28,16534.0,9264.0,4162.0,0.217,76710.0,1
B0231,temporary_stress,29,17698.0,9384.0,4162.0,0.217,76710.0,1
B0231,temporary_stress,30,18526.0,9553.0,4162.0,0.217,76710.0,1
B0231,temporary_stress,31,18526.0,9473.0,4162.0,0.217,76710.0,1
B0231,temporary_stress,32,18645.0,9663.0,4162.0,0.217,76710.0,1
B0231,temporary_stress,33,19098.0,9960.0,4162.0,0.217,76710.0,1
B0231,temporary_stress,34,19270.0,10016.0,4162.0,0.217,76710.0,1
B0232,temporary_stress,0,10107.0,6127.0,1192.0,0.232,48580.0,1
B0232,temporary_stress,1,10231.0,5942.0,1192.0,0.232,48580.0,1
B0232,temporary_stress,2,10117.0,5931.0,1192.0,0.232,48580.0,1
B0232,temporary_stress,3,9993.0,5856.0,1192.0,0.232,48580.0,1
B0232,temporary_stress,4,9780.0,5928.0,1192.0,0.232,48580.0,1
B0232,temporary_stress,5,9900.0,5854.0,1192.0,0.232,48580.0,1
B0232,temporary_stress,6,10018.0,5799.0,1192.0,0.232,48580.0,1
B0232,temporary_stress,7,10013.0,5766.0,1192.0,0.232,48580.0,1
B0232,temporary_stress,8,10146.0,5933.0,1192.0,0.232,48580.0,1
B0232,temporary_stress,9,10117.0,5987.0,1192.0,0.232,48580.0,1
B0232,temporary_stress,10,9858.0,6014.0,1192.0,0.232,48580.0,1
B0232,temporary_stress,11,5403.0,6049.0,1192.0,0.232,48580.0,0
B0232,temporary_stress,12,5487.0,5802.0,1192.0,0.232,48580.0,0
B0232,temporary_stress,13,5572.0,5769.0,1192.0,0.232,48580.0,0
B0232,temporary_stress,14,5605.0,5933.0,1192.0,0.232,48580.0,0
B0232,temporary_stress,15,5676.0,6059.0,1192.0,0.232,48580.0,0
B0232,temporary_stress,16,6705.0,5801.0,1192.0,0.232,48580.0,0
B0232,temporary_stress,17,7279.0,5743.0,1192.0,0.232,48580.0,1
B0232,temporary_stress,18,7801.0,6020.0,1192.0,0.232,48580.0,1
B0232,temporary_stress,19,8471.0,6159.0,1192.0,0.232,48580.0,1
B0232,temporary_stress,20,9318.0,6042.0,1192.0,0.232,48580.0,1
B0232,temporary_stress,21,9803.0,6104.0,1192.0,0.232,48580.0,1
B0232,temporary_stress,22,9702.0,6003.0,1192.0,0.232,48580.0,1
B0232,temporary_stress,23,9836.0,5849.0,1192.0,0.232,48580.0,1
B0232,temporary_stress,24,9848.0,6027.0,1192.0,0.232,48580.0,1
B0232,temporary_stress,25,9872.0,6017.0,1192.0,0.232,48580.0,1
B0232,temporary_stress,26,9602.0,5840.0,1192.0,0.232,48580.0,1
B0232,temporary_stress,27,9695.0,5795.0,1192.0,0.232,48580.0,1
B0232,temporary_stress,28,9981.0,5770.0,1192.0,0.232,48580.0,1
B0232,temporary_stress,29,10071.0,5955.0,1192.0,0.232,48580.0,1
B0232,temporary_stress,30,10118.0,5909.0,1192.0,0.232,48580.0,1
B0232,temporary_stress,31,10079.0,5744.0,1192.0,0.232,48580.0,1
B0232,temporary_stress,32,10028.0,5772.0,1192.0,0.232,48580.0,1
B0232,temporary_stress,33,10022.0,5897.0,1192.0,0.232,48580.0,1
B0232,temporary_stress,34,10244.0,5981.0,1192.0,0.232,48580.0,1
B0232,temporary_stress,35,10230.0,5716.0,1192.0,0.232,48580.0,1
B0233,temporary_stress,0,19475.0,12472.0,3042.0,0.128,55974.0,1
B0233,temporary_stress,1,19612.0,12014.0,3042.0,0.128,55974.0,1
B0233,temporary_stress,2,19571.0,11906.0,3042.0,0.128,55974.0,1
B0233,temporary_stress,3,19400.0,11924.0,3042.0,0.128,55974.0,1
B0233,temporary_stress,4,19559.0,12173.0,3042.0,0.128,55974.0,1
B0233,temporary_stress,5,19889.0,12552.0,3042.0,0.128,55974.0,1
B0233,temporary_stress,6,19998.0,12763.0,3042.0,0.128,55974.0,1
B0233,temporary_stress,7,20089.0,12778.0,3042.0,0.128,55974.0,1
B0233,temporary_stress,8,20460.0,12417.0,3042.0,0.128,55974.0,1
B0233,temporary_stress,9,20535.0,12292.0,3042.0,0.128,55974.0,1
B0233,temporary_stress,10,20043.0,12254.0,3042.0,0.128,55974.0,1
B0233,temporary_stress,11,19993.0,12028.0,3042.0,0.128,55974.0,1
B0233,temporary_stress,12,20155.0,12386.0,3042.0,0.128,55974.0,1
B0233,temporary_stress,13,20169.0,12786.0,3042.0,0.128,55974.0,1
B0233,temporary_stress,14,20053.0,12516.0,3042.0,0.128,55974.0,1
B0233,temporary_stress,15,20183.0,12236.0,3042.0,0.128,55974.0,1
B0233,temporary_stress,16,9736.0,12275.0,3042.0,0.128,55974.0,0
B0233,temporary_stress,17,9620.0,12424.0,3042.0,0.128,55974.0,0
B0233,temporary_stress,18,9565.0,12521.0,3042.0,0.128,55974.0,0
B0233,temporary_stress,19,9655.0,12419.0,3042.0,0.128,55974.0,0
B0233,temporary_stress,20,9680.0,12159.0,3042.0,0.128,55974.0,0
B0233,temporary_stress,21,9769.0,12534.0,3042.0,0.128,55974.0,0
B0233,temporary_stress,22,11817.0,12641.0,3042.0,0.128,55974.0,0
B0233,temporary_stress,23,13868.0,13325.0,3042.0,0.128,55974.0,0
B0233,temporary_stress,24,16052.0,12828.0,3042.0,0.128,55974.0,1
B0233,temporary_stress,25,18123.0,12701.0,3042.0,0.128,55974.0,1
B0233,temporary_stress,26,20168.0,12690.0,3042.0,0.128,55974.0,1
B0233,temporary_stress,27,20421.0,12304.0,3042.0,0.128,55974.0,1
B0233,temporary_stress,28,20432.0,12223.0,3042.0,0.128,55974.0,1
B0233,temporary_stress,29,20362.0,12217.0,3042.0,0.128,55974.0,1
B0233,temporary_stress,30,19887.0,12133.0,3042.0,0.128,55974.0,1
B0233,temporary_stress,31,19537.0,12518.0,3042.0,0.128,55974.0,1
B0233,temporary_stress,32,19781.0,12477.0,3042.0,0.128,55974.0,1
B0234,stable,0,13044.0,6947.0,2960.0,0.13,51338.0,1
B0234,stable,1,12611.0,7050.0,2960.0,0.13,51338.0,1
B0234,stable,2,12555.0,7073.0,2960.0,0.13,51338.0,1
B0234,stable,3,12720.0,6869.0,2960.0,0.13,51338.0,1
B0234,stable,4,12547.0,6888.0,2960.0,0.13,51338.0,1
B0234,stable,5,12594.0,6782.0,2960.0,0.13,51338.0,1
B0234,stable,6,12628.0,6831.0,2960.0,0.13,51338.0,1
B0234,stable,7,12586.0,6973.0,2960.0,0.13,51338.0,1
B0234,stable,8,12358.0,6935.0,2960.0,0.13,51338.0,1
B0234,stable,9,12499.0,6827.0,2960.0,0.13,51338.0,1
B0234,stable,10,12640.0,6984.0,2960.0,0.13,51338.0,1
B0234,stable,11,12574.0,7315.0,2960.0,0.13,51338.0,1
B0234,stable,12,12631.0,7255.0,2960.0,0.13,51338.0,1
B0234,stable,13,12522.0,7292.0,2960.0,0.13,51338.0,1
B0234,stable,14,12793.0,7302.0,2960.0,0.13,51338.0,1
B0234,stable,15,13225.0,7134.0,2960.0,0.13,51338.0,1
B0234,stable,16,13300.0,6780.0,2960.0,0.13,51338.0,1
B0234,stable,17,13409.0,6764.0,2960.0,0.13,51338.0,1
B0234,stable,18,13355.0,6979.0,2960.0,0.13,51338.0,1
B0234,stable,19,13290.0,7174.0,2960.0,0.13,51338.0,1
B0234,stable,20,13275.0,7128.0,2960.0,0.13,51338.0,1
B0234,stable,21,13110.0,7040.0,2960.0,0.13,51338.0,1
B0234,stable,22,12946.0,7071.0,2960.0,0.13,51338.0,1
B0234,stable,23,13148.0,7012.0,2960.0,0.13,51338.0,1
B0234,stable,24,13138.0,7021.0,2960.0,0.13,51338.0,1
B0234,stable,25,13062.0,6788.0,2960.0,0.13,51338.0,1
B0234,stable,26,13090.0,6555.0,2960.0,0.13,51338.0,1
B0234,stable,27,13169.0,6465.0,2960.0,0.13,51338.0,1
B0234,stable,28,13013.0,6507.0,2960.0,0.13,51338.0,1
B0234,stable,29,12764.0,6629.0,2960.0,0.13,51338.0,1
B0234,stable,30,12815.0,6739.0,2960.0,0.13,51338.0,1
B0234,stable,31,12616.0,6808.0,2960.0,0.13,51338.0,1
B0234,stable,32,12586.0,6600.0,2960.0,0.13,51338.0,1
B0234,stable,33,12846.0,6675.0,2960.0,0.13,51338.0,1
B0234,stable,34,13305.0,6729.0,2960.0,0.13,51338.0,1
B0235,temporary_stress,0,16368.0,8163.0,3077.0,0.098,58978.0,1
B0235,temporary_stress,1,16046.0,7923.0,3077.0,0.098,58978.0,1
B0235,temporary_stress,2,16126.0,7948.0,3077.0,0.098,58978.0,1
B0235,temporary_stress,3,16344.0,8069.0,3077.0,0.098,58978.0,1
B0235,temporary_stress,4,16422.0,8248.0,3077.0,0.098,58978.0,1
B0235,temporary_stress,5,16690.0,8408.0,3077.0,0.098,58978.0,1
B0235,temporary_stress,6,16599.0,8276.0,3077.0,0.098,58978.0,1
B0235,temporary_stress,7,16328.0,8216.0,3077.0,0.098,58978.0,1
B0235,temporary_stress,8,16591.0,8085.0,3077.0,0.098,58978.0,1
B0235,temporary_stress,9,16526.0,8101.0,3077.0,0.098,58978.0,1
B0235,temporary_stress,10,16512.0,8191.0,3077.0,0.098,58978.0,1
B0235,temporary_stress,11,10135.0,8287.0,3077.0,0.098,58978.0,0
B0235,temporary_stress,12,10325.0,8112.0,3077.0,0.098,58978.0,0
B0235,temporary_stress,13,10265.0,8003.0,3077.0,0.098,58978.0,0
B0235,temporary_stress,14,9893.0,8154.0,3077.0,0.098,58978.0,0
B0235,temporary_stress,15,9698.0,8188.0,3077.0,0.098,58978.0,0
B0235,temporary_stress,16,9563.0,8297.0,3077.0,0.098,58978.0,0
B0235,temporary_stress,17,10155.0,8358.0,3077.0,0.098,58978.0,0
B0235,temporary_stress,18,11115.0,8092.0,3077.0,0.098,58978.0,0
B0235,temporary_stress,19,12096.0,8058.0,3077.0,0.098,58978.0,1
B0235,temporary_stress,20,12965.0,8255.0,3077.0,0.098,58978.0,1
B0235,temporary_stress,21,14015.0,8509.0,3077.0,0.098,58978.0,1
B0235,temporary_stress,22,14933.0,8321.0,3077.0,0.098,58978.0,1
B0235,temporary_stress,23,15859.0,8243.0,3077.0,0.098,58978.0,1
B0235,temporary_stress,24,16511.0,8368.0,3077.0,0.098,58978.0,1
B0235,temporary_stress,25,16436.0,8521.0,3077.0,0.098,58978.0,1
B0235,temporary_stress,26,16528.0,8367.0,3077.0,0.098,58978.0,1
B0235,temporary_stress,27,16766.0,8523.0,3077.0,0.098,58978.0,1
B0235,temporary_stress,28,16547.0,8321.0,3077.0,0.098,58978.0,1
B0235,temporary_stress,29,16060.0,8078.0,3077.0,0.098,58978.0,1
B0235,temporary_stress,30,16150.0,8064.0,3077.0,0.098,58978.0,1
B0235,temporary_stress,31,16253.0,8048.0,3077.0,0.098,58978.0,1
B0236,temporary_stress,0,19240.0,11414.0,4330.0,0.229,57707.0,1
B0236,temporary_stress,1,19143.0,11417.0,4330.0,0.229,57707.0,1
B0236,temporary_stress,2,19406.0,11276.0,4330.0,0.229,57707.0,1
B0236,temporary_stress,3,19529.0,11335.0,4330.0,0.229,57707.0,1
B0236,temporary_stress,4,19402.0,11693.0,4330.0,0.229,57707.0,1
B0236,temporary_stress,5,19325.0,11787.0,4330.0,0.229,57707.0,1
B0236,temporary_stress,6,19678.0,11891.0,4330.0,0.229,57707.0,1
B0236,temporary_stress,7,19764.0,12084.0,4330.0,0.229,57707.0,1
B0236,temporary_stress,8,19413.0,12100.0,4330.0,0.229,57707.0,1
B0236,temporary_stress,9,19609.0,11904.0,4330.0,0.229,57707.0,1
B0236,temporary_stress,10,19784.0,11848.0,4330.0,0.229,57707.0,1
B0236,temporary_stress,11,19743.0,11676.0,4330.0,0.229,57707.0,1
B0236,temporary_stress,12,11879.0,12161.0,4330.0,0.229,57707.0,0
B0236,temporary_stress,13,11774.0,11853.0,4330.0,0.229,57707.0,0
B0236,temporary_stress,14,11972.0,11254.0,4330.0,0.229,57707.0,0
B0236,temporary_stress,15,13958.0,11333.0,4330.0,0.229,57707.0,0
B0236,temporary_stress,16,15408.0,11242.0,4330.0,0.229,57707.0,0
B0236,temporary_stress,17,16510.0,11283.0,4330.0,0.229,57707.0,1
B0236,temporary_stress,18,17913.0,11230.0,4330.0,0.229,57707.0,1
B0236,temporary_stress,19,19661.0,11491.0,4330.0,0.229,57707.0,1
B0236,temporary_stress,20,19443.0,11398.0,4330.0,0.229,57707.0,1
B0236,temporary_stress,21,19629.0,11352.0,4330.0,0.229,57707.0,1
B0236,temporary_stress,22,20056.0,11344.0,4330.0,0.229,57707.0,1
B0236,temporary_stress,23,19526.0,11218.0,4330.0,0.229,57707.0,1
B0236,temporary_stress,24,19276.0,11221.0,4330.0,0.229,57707.0,1
B0236,temporary_stress,25,19732.0,11674.0,4330.0,0.229,57707.0,1
B0236,temporary_stress,26,19719.0,11272.0,4330.0,0.229,57707.0,1
B0236,temporary_stress,27,19875.0,11423.0,4330.0,0.229,57707.0,1
B0236,temporary_stress,28,19730.0,11711.0,4330.0,0.229,57707.0,1
B0236,temporary_stress,29,19536.0,11255.0,4330.0,0.229,57707.0,1
B0236,temporary_stress,30,19159.0,11375.0,4330.0,0.229,57707.0,1
B0236,temporary_stress,31,18965.0,11624.0,4330.0,0.229,57707.0,1
B0236,temporary_stress,32,19071.0,11682.0,4330.0,0.229,57707.0,1
B0236,temporary_stress,33,18940.0,11854.0,4330.0,0.229,57707.0,1
B0236,temporary_stress,34,18762.0,11983.0,4330.0,0.229,57707.0,1
B0237,temporary_stress,0,11348.0,8292.0,1255.0,0.109,42960.0,1
B0237,temporary_stress,1,11080.0,7800.0,1255.0,0.109,42960.0,1
B0237,temporary_stress,2,10955.0,7683.0,1255.0,0.109,42960.0,1
B0237,temporary_stress,3,10951.0,7972.0,1255.0,0.109,42960.0,1
B0237,temporary_stress,4,10963.0,8005.0,1255.0,0.109,42960.0,1
B0237,temporary_stress,5,11318.0,7665.0,1255.0,0.109,42960.0,1
B0237,temporary_stress,6,11362.0,7562.0,1255.0,0.109,42960.0,1
B0237,temporary_stress,7,11180.0,8027.0,1255.0,0.109,42960.0,1
B0237,temporary_stress,8,11199.0,8146.0,1255.0,0.109,42960.0,1
B0237,temporary_stress,9,11346.0,8092.0,1255.0,0.109,42960.0,1
B0237,temporary_stress,10,11449.0,7962.0,1255.0,0.109,42960.0,1
B0237,temporary_stress,11,5379.0,8310.0,1255.0,0.109,42960.0,0
B0237,temporary_stress,12,5286.0,8412.0,1255.0,0.109,42960.0,0
B0237,temporary_stress,13,5277.0,8330.0,1255.0,0.109,42960.0,0
B0237,temporary_stress,14,5287.0,8285.0,1255.0,0.109,42960.0,0
B0237,temporary_stress,15,5263.0,8245.0,1255.0,0.109,42960.0,0
B0237,temporary_stress,16,6630.0,7985.0,1255.0,0.109,42960.0,0
B0237,temporary_stress,17,7536.0,7706.0,1255.0,0.109,42960.0,0
B0237,temporary_stress,18,8439.0,7643.0,1255.0,0.109,42960.0,0
B0237,temporary_stress,19,9134.0,7995.0,1255.0,0.109,42960.0,0
B0237,temporary_stress,20,10184.0,8166.0,1255.0,0.109,42960.0,1
B0237,temporary_stress,21,11188.0,8197.0,1255.0,0.109,42960.0,1
B0237,temporary_stress,22,11120.0,7902.0,1255.0,0.109,42960.0,1
B0237,temporary_stress,23,11245.0,7705.0,1255.0,0.109,42960.0,1
B0237,temporary_stress,24,11426.0,7946.0,1255.0,0.109,42960.0,1
B0237,temporary_stress,25,11410.0,7873.0,1255.0,0.109,42960.0,1
B0237,temporary_stress,26,11242.0,7996.0,1255.0,0.109,42960.0,1
B0237,temporary_stress,27,11296.0,7864.0,1255.0,0.109,42960.0,1
B0237,temporary_stress,28,11270.0,7630.0,1255.0,0.109,42960.0,1
B0237,temporary_stress,29,11079.0,7850.0,1255.0,0.109,42960.0,1
B0237,temporary_stress,30,10943.0,8307.0,1255.0,0.109,42960.0,1
B0238,temporary_stress,0,16791.0,10128.0,2698.0,0.146,59625.0,1
B0238,temporary_stress,1,16778.0,10076.0,2698.0,0.146,59625.0,1
B0238,temporary_stress,2,17047.0,10633.0,2698.0,0.146,59625.0,1
B0238,temporary_stress,3,17285.0,10705.0,2698.0,0.146,59625.0,1
B0238,temporary_stress,4,17388.0,10782.0,2698.0,0.146,59625.0,1
B0238,temporary_stress,5,17372.0,10571.0,2698.0,0.146,59625.0,1
B0238,temporary_stress,6,17565.0,9886.0,2698.0,0.146,59625.0,1
B0238,temporary_stress,7,17349.0,10042.0,2698.0,0.146,59625.0,1
B0238,temporary_stress,8,17290.0,10283.0,2698.0,0.146,59625.0,1
B0238,temporary_stress,9,17109.0,10154.0,2698.0,0.146,59625.0,1
B0238,temporary_stress,10,17182.0,9972.0,2698.0,0.146,59625.0,1
B0238,temporary_stress,11,17092.0,9877.0,2698.0,0.146,59625.0,1
B0238,temporary_stress,12,17172.0,9885.0,2698.0,0.146,59625.0,1
B0238,temporary_stress,13,16851.0,10541.0,2698.0,0.146,59625.0,1
B0238,temporary_stress,14,16915.0,10924.0,2698.0,0.146,59625.0,1
B0238,temporary_stress,15,17045.0,10840.0,2698.0,0.146,59625.0,1
B0238,temporary_stress,16,8763.0,10530.0,2698.0,0.146,59625.0,0
B0238,temporary_stress,17,8661.0,10708.0,2698.0,0.146,59625.0,0
B0238,temporary_stress,18,8668.0,10862.0,2698.0,0.146,59625.0,0
B0238,temporary_stress,19,8844.0,10590.0,2698.0,0.146,59625.0,0
B0238,temporary_stress,20,8990.0,10515.0,2698.0,0.146,59625.0,0
B0238,temporary_stress,21,9799.0,10698.0,2698.0,0.146,59625.0,0
B0238,temporary_stress,22,12520.0,10605.0,2698.0,0.146,59625.0,0
B0238,temporary_stress,23,15175.0,10264.0,2698.0,0.146,59625.0,1
B0238,temporary_stress,24,17553.0,10364.0,2698.0,0.146,59625.0,1
B0238,temporary_stress,25,17608.0,10652.0,2698.0,0.146,59625.0,1
B0238,temporary_stress,26,17198.0,10662.0,2698.0,0.146,59625.0,1
B0238,temporary_stress,27,17113.0,10136.0,2698.0,0.146,59625.0,1
B0238,temporary_stress,28,17047.0,10141.0,2698.0,0.146,59625.0,1
B0238,temporary_stress,29,16888.0,10128.0,2698.0,0.146,59625.0,1
B0238,temporary_stress,30,17073.0,10092.0,2698.0,0.146,59625.0,1
B0238,temporary_stress,31,17071.0,10181.0,2698.0,0.146,59625.0,1
B0238,temporary_stress,32,17020.0,10465.0,2698.0,0.146,59625.0,1
B0239,temporary_stress,0,15298.0,10249.0,2201.0,0.17,49479.0,1
B0239,temporary_stress,1,15336.0,10099.0,2201.0,0.17,49479.0,1
B0239,temporary_stress,2,15440.0,9942.0,2201.0,0.17,49479.0,1
B0239,temporary_stress,3,15727.0,10222.0,2201.0,0.17,49479.0,1
B0239,temporary_stress,4,15942.0,9854.0,2201.0,0.17,49479.0,1
B0239,temporary_stress,5,16019.0,9731.0,2201.0,0.17,49479.0,1
B0239,temporary_stress,6,15999.0,9887.0,2201.0,0.17,49479.0,1
B0239,temporary_stress,7,16275.0,9962.0,2201.0,0.17,49479.0,1
B0239,temporary_stress,8,16252.0,9886.0,2201.0,0.17,49479.0,1
B0239,temporary_stress,9,16244.0,9907.0,2201.0,0.17,49479.0,1
B0239,temporary_stress,10,7947.0,9969.0,2201.0,0.17,49479.0,0
B0239,temporary_stress,11,7945.0,9931.0,2201.0,0.17,49479.0,0
B0239,temporary_stress,12,7832.0,9624.0,2201.0,0.17,49479.0,0
B0239,temporary_stress,13,10099.0,9774.0,2201.0,0.17,49479.0,0
B0239,temporary_stress,14,11090.0,9707.0,2201.0,0.17,49479.0,0
B0239,temporary_stress,15,12067.0,9649.0,2201.0,0.17,49479.0,1
B0239,temporary_stress,16,13149.0,9491.0,2201.0,0.17,49479.0,1
B0239,temporary_stress,17,14036.0,9321.0,2201.0,0.17,49479.0,1
B0239,temporary_stress,18,14939.0,9657.0,2201.0,0.17,49479.0,1
B0239,temporary_stress,19,15679.0,10028.0,2201.0,0.17,49479.0,1
B0239,temporary_stress,20,15752.0,10131.0,2201.0,0.17,49479.0,1
B0239,temporary_stress,21,16064.0,9967.0,2201.0,0.17,49479.0,1
B0239,temporary_stress,22,15986.0,9726.0,2201.0,0.17,49479.0,1
B0239,temporary_stress,23,16119.0,9650.0,2201.0,0.17,49479.0,1
B0239,temporary_stress,24,16028.0,9541.0,2201.0,0.17,49479.0,1
B0239,temporary_stress,25,16168.0,9837.0,2201.0,0.17,49479.0,1
B0239,temporary_stress,26,16228.0,10067.0,2201.0,0.17,49479.0,1
B0239,temporary_stress,27,16395.0,10196.0,2201.0,0.17,49479.0,1
B0239,temporary_stress,28,16290.0,10123.0,2201.0,0.17,49479.0,1
B0239,temporary_stress,29,15728.0,10296.0,2201.0,0.17,49479.0,1
B0239,temporary_stress,30,15627.0,10419.0,2201.0,0.17,49479.0,1
B0239,temporary_stress,31,15850.0,10336.0,2201.0,0.17,49479.0,1
B0239,temporary_stress,32,15892.0,10183.0,2201.0,0.17,49479.0,1
B0239,temporary_stress,33,16027.0,9907.0,2201.0,0.17,49479.0,1
B0239,temporary_stress,34,15965.0,9510.0,2201.0,0.17,49479.0,1
B0239,temporary_stress,35,15557.0,9393.0,2201.0,0.17,49479.0,1
B0240,temporary_stress,0,16527.0,10724.0,3624.0,0.237,46679.0,1
B0240,temporary_stress,1,16255.0,11043.0,3624.0,0.237,46679.0,1
B0240,temporary_stress,2,16303.0,10949.0,3624.0,0.237,46679.0,1
B0240,temporary_stress,3,16030.0,11040.0,3624.0,0.237,46679.0,1
B0240,temporary_stress,4,16214.0,11120.0,3624.0,0.237,46679.0,1
B0240,temporary_stress,5,16618.0,11076.0,3624.0,0.237,46679.0,1
B0240,temporary_stress,6,16844.0,11028.0,3624.0,0.237,46679.0,1
B0240,temporary_stress,7,16966.0,11152.0,3624.0,0.237,46679.0,1
B0240,temporary_stress,8,16880.0,10981.0,3624.0,0.237,46679.0,1
B0240,temporary_stress,9,16594.0,10759.0,3624.0,0.237,46679.0,1
B0240,temporary_stress,10,16737.0,10862.0,3624.0,0.237,46679.0,1
B0240,temporary_stress,11,16829.0,11242.0,3624.0,0.237,46679.0,1
B0240,temporary_stress,12,16659.0,11307.0,3624.0,0.237,46679.0,1
B0240,temporary_stress,13,16793.0,11171.0,3624.0,0.237,46679.0,1
B0240,temporary_stress,14,16776.0,11380.0,3624.0,0.237,46679.0,1
B0240,temporary_stress,15,16840.0,11366.0,3624.0,0.237,46679.0,1
B0240,temporary_stress,16,16642.0,11299.0,3624.0,0.237,46679.0,1
B0240,temporary_stress,17,8288.0,11348.0,3624.0,0.237,46679.0,0
B0240,temporary_stress,18,8353.0,11372.0,3624.0,0.237,46679.0,0
B0240,temporary_stress,19,8160.0,11344.0,3624.0,0.237,46679.0,0
B0240,temporary_stress,20,8136.0,11318.0,3624.0,0.237,46679.0,0
B0240,temporary_stress,21,9401.0,11498.0,3624.0,0.237,46679.0,0
B0240,temporary_stress,22,10798.0,10929.0,3624.0,0.237,46679.0,0
B0240,temporary_stress,23,12500.0,11116.0,3624.0,0.237,46679.0,0
B0240,temporary_stress,24,13771.0,11254.0,3624.0,0.237,46679.0,0
B0240,temporary_stress,25,15308.0,11277.0,3624.0,0.237,46679.0,1
B0240,temporary_stress,26,16980.0,11372.0,3624.0,0.237,46679.0,1
B0240,temporary_stress,27,16927.0,11556.0,3624.0,0.237,46679.0,1
B0240,temporary_stress,28,17124.0,11550.0,3624.0,0.237,46679.0,1
B0240,temporary_stress,29,17174.0,11745.0,3624.0,0.237,46679.0,1
B0240,temporary_stress,30,16984.0,12068.0,3624.0,0.237,46679.0,1
B0240,temporary_stress,31,16875.0,11772.0,3624.0,0.237,46679.0,1
B0240,temporary_stress,32,16699.0,11530.0,3624.0,0.237,46679.0,1
B0240,temporary_stress,33,16532.0,11491.0,3624.0,0.237,46679.0,1
B0240,temporary_stress,34,16269.0,11385.0,3624.0,0.237,46679.0,1
B0240,temporary_stress,35,16525.0,11255.0,3624.0,0.237,46679.0,1
B0240,temporary_stress,36,16524.0,11114.0,3624.0,0.237,46679.0,1
B0240,temporary_stress,37,16284.0,11211.0,3624.0,0.237,46679.0,1
B0241,temporary_stress,0,11582.0,6000.0,2441.0,0.271,61599.0,1
B0241,temporary_stress,1,11974.0,6115.0,2441.0,0.271,61599.0,1
B0241,temporary_stress,2,12218.0,6438.0,2441.0,0.271,61599.0,1
B0241,temporary_stress,3,12242.0,6289.0,2441.0,0.271,61599.0,1
B0241,temporary_stress,4,12097.0,6140.0,2441.0,0.271,61599.0,1
B0241,temporary_stress,5,12078.0,6186.0,2441.0,0.271,61599.0,1
B0241,temporary_stress,6,12119.0,6479.0,2441.0,0.271,61599.0,1
B0241,temporary_stress,7,12110.0,6276.0,2441.0,0.271,61599.0,1
B0241,temporary_stress,8,12033.0,6094.0,2441.0,0.271,61599.0,1
B0241,temporary_stress,9,11941.0,6219.0,2441.0,0.271,61599.0,1
B0241,temporary_stress,10,12086.0,6125.0,2441.0,0.271,61599.0,1
B0241,temporary_stress,11,12095.0,6227.0,2441.0,0.271,61599.0,1
B0241,temporary_stress,12,11893.0,6450.0,2441.0,0.271,61599.0,1
B0241,temporary_stress,13,11646.0,6406.0,2441.0,0.271,61599.0,1
B0241,temporary_stress,14,11842.0,6330.0,2441.0,0.271,61599.0,1
B0241,temporary_stress,15,7618.0,6497.0,2441.0,0.271,61599.0,0
B0241,temporary_stress,16,7661.0,6416.0,2441.0,0.271,61599.0,0
B0241,temporary_stress,17,7622.0,6164.0,2441.0,0.271,61599.0,0
B0241,temporary_stress,18,7784.0,6135.0,2441.0,0.271,61599.0,0
B0241,temporary_stress,19,7748.0,6407.0,2441.0,0.271,61599.0,0
B0241,temporary_stress,20,8917.0,6519.0,2441.0,0.271,61599.0,0
B0241,temporary_stress,21,9537.0,6392.0,2441.0,0.271,61599.0,1
B0241,temporary_stress,22,10007.0,6177.0,2441.0,0.271,61599.0,1
B0241,temporary_stress,23,10514.0,6035.0,2441.0,0.271,61599.0,1
B0241,temporary_stress,24,10976.0,6013.0,2441.0,0.271,61599.0,1
B0241,temporary_stress,25,11405.0,6181.0,2441.0,0.271,61599.0,1
B0241,temporary_stress,26,11853.0,6173.0,2441.0,0.271,61599.0,1
B0241,temporary_stress,27,11748.0,6062.0,2441.0,0.271,61599.0,1
B0241,temporary_stress,28,11604.0,6118.0,2441.0,0.271,61599.0,1
B0241,temporary_stress,29,11670.0,6196.0,2441.0,0.271,61599.0,1
B0241,temporary_stress,30,11859.0,6122.0,2441.0,0.271,61599.0,1
B0241,temporary_stress,31,11821.0,6100.0,2441.0,0.271,61599.0,1
B0241,temporary_stress,32,11998.0,6077.0,2441.0,0.271,61599.0,1
B0241,temporary_stress,33,12161.0,5881.0,2441.0,0.271,61599.0,1
B0241,temporary_stress,34,11989.0,6063.0,2441.0,0.271,61599.0,1
B0241,temporary_stress,35,11950.0,6170.0,2441.0,0.271,61599.0,1
B0241,temporary_stress,36,12123.0,6224.0,2441.0,0.271,61599.0,1
B0241,temporary_stress,37,12227.0,6093.0,2441.0,0.271,61599.0,1
B0241,temporary_stress,38,12182.0,6052.0,2441.0,0.271,61599.0,1
B0242,stable,0,16853.0,10151.0,3968.0,0.13,79050.0,1
B0242,stable,1,17044.0,10181.0,3968.0,0.13,79050.0,1
B0242,stable,2,17233.0,10352.0,3968.0,0.13,79050.0,1
B0242,stable,3,17074.0,10577.0,3968.0,0.13,79050.0,1
B0242,stable,4,16577.0,10265.0,3968.0,0.13,79050.0,1
B0242,stable,5,16600.0,10260.0,3968.0,0.13,79050.0,1
B0242,stable,6,16712.0,10392.0,3968.0,0.13,79050.0,1
B0242,stable,7,16877.0,10500.0,3968.0,0.13,79050.0,1
B0242,stable,8,17216.0,10263.0,3968.0,0.13,79050.0,1
B0242,stable,9,17691.0,10053.0,3968.0,0.13,79050.0,1
B0242,stable,10,17824.0,10031.0,3968.0,0.13,79050.0,1
B0242,stable,11,17818.0,10097.0,3968.0,0.13,79050.0,1
B0242,stable,12,17751.0,10130.0,3968.0,0.13,79050.0,1
B0242,stable,13,17922.0,9797.0,3968.0,0.13,79050.0,1
B0242,stable,14,17759.0,9541.0,3968.0,0.13,79050.0,1
B0242,stable,15,17685.0,9800.0,3968.0,0.13,79050.0,1
B0242,stable,16,17470.0,9851.0,3968.0,0.13,79050.0,1
B0242,stable,17,17437.0,9938.0,3968.0,0.13,79050.0,1
B0242,stable,18,17383.0,9989.0,3968.0,0.13,79050.0,1
B0242,stable,19,17259.0,10110.0,3968.0,0.13,79050.0,1
B0242,stable,20,17294.0,9968.0,3968.0,0.13,79050.0,1
B0242,stable,21,17047.0,9769.0,3968.0,0.13,79050.0,1
B0242,stable,22,17175.0,9995.0,3968.0,0.13,79050.0,1
B0242,stable,23,17266.0,10104.0,3968.0,0.13,79050.0,1
B0242,stable,24,17299.0,9906.0,3968.0,0.13,79050.0,1
B0242,stable,25,16912.0,9573.0,3968.0,0.13,79050.0,1
B0242,stable,26,16813.0,9780.0,3968.0,0.13,79050.0,1
B0242,stable,27,17160.0,10175.0,3968.0,0.13,79050.0,1
B0242,stable,28,17102.0,10532.0,3968.0,0.13,79050.0,1
B0242,stable,29,17634.0,10169.0,3968.0,0.13,79050.0,1
B0242,stable,30,18086.0,10128.0,3968.0,0.13,79050.0,1
B0242,stable,31,17948.0,9999.0,3968.0,0.13,79050.0,1
B0243,structural_decline,0,10285.0,5031.0,2255.0,0.29,35674.0,1
B0243,structural_decline,1,10406.0,5159.0,2255.0,0.29,35674.0,1
B0243,structural_decline,2,10339.0,5084.0,2255.0,0.29,35674.0,1
B0243,structural_decline,3,10281.0,5037.0,2255.0,0.29,35674.0,1
B0243,structural_decline,4,10256.0,5152.0,2255.0,0.29,35674.0,1
B0243,structural_decline,5,10379.0,5224.0,2255.0,0.29,35674.0,1
B0243,structural_decline,6,10356.0,5339.0,2255.0,0.29,35674.0,1
B0243,structural_decline,7,10280.0,5404.0,2255.0,0.29,35674.0,1
B0243,structural_decline,8,10359.0,5160.0,2255.0,0.29,35674.0,1
B0243,structural_decline,9,10236.0,5178.0,2255.0,0.29,35674.0,1
B0243,structural_decline,10,10290.0,5118.0,2255.0,0.29,35674.0,1
B0243,structural_decline,11,10407.0,5141.0,2255.0,0.29,35674.0,1
B0243,structural_decline,12,10487.0,5348.0,2255.0,0.29,35674.0,1
B0243,structural_decline,13,10225.0,5320.0,2255.0,0.29,35674.0,1
B0243,structural_decline,14,10191.0,5375.0,2255.0,0.29,35674.0,1
B0243,structural_decline,15,10222.0,5433.0,2255.0,0.29,35674.0,1
B0243,structural_decline,16,10098.0,5403.0,2255.0,0.29,35674.0,1
B0243,structural_decline,17,9921.0,5261.0,2255.0,0.29,35674.0,1
B0243,structural_decline,18,9763.0,5217.0,2255.0,0.29,35674.0,1
B0243,structural_decline,19,9536.0,5303.0,2255.0,0.29,35674.0,1
B0243,structural_decline,20,9498.0,5425.0,2255.0,0.29,35674.0,1
B0243,structural_decline,21,9253.0,5320.0,2255.0,0.29,35674.0,1
B0243,structural_decline,22,8911.0,5056.0,2255.0,0.29,35674.0,1
B0243,structural_decline,23,8935.0,5048.0,2255.0,0.29,35674.0,1
B0243,structural_decline,24,9056.0,5101.0,2255.0,0.29,35674.0,1
B0243,structural_decline,25,9040.0,5097.0,2255.0,0.29,35674.0,1
B0243,structural_decline,26,8957.0,5301.0,2255.0,0.29,35674.0,1
B0243,structural_decline,27,8529.0,5311.0,2255.0,0.29,35674.0,1
B0243,structural_decline,28,7461.0,5118.0,2255.0,0.29,35674.0,1
B0243,structural_decline,29,7490.0,5091.0,2255.0,0.29,35674.0,1
B0243,structural_decline,30,7337.0,5037.0,2255.0,0.29,35674.0,1
B0243,structural_decline,31,7301.0,4989.0,2255.0,0.29,35674.0,1
B0243,structural_decline,32,8004.0,5023.0,2255.0,0.29,35674.0,1
B0243,structural_decline,33,7659.0,5030.0,2255.0,0.29,35674.0,1
B0244,structural_decline,0,16917.0,8858.0,3859.0,0.12,66555.0,1
B0244,structural_decline,1,16901.0,8603.0,3859.0,0.12,66555.0,1
B0244,structural_decline,2,16735.0,8387.0,3859.0,0.12,66555.0,1
B0244,structural_decline,3,16437.0,8338.0,3859.0,0.12,66555.0,1
B0244,structural_decline,4,16573.0,8587.0,3859.0,0.12,66555.0,1
B0244,structural_decline,5,16520.0,8517.0,3859.0,0.12,66555.0,1
B0244,structural_decline,6,16604.0,8505.0,3859.0,0.12,66555.0,1
B0244,structural_decline,7,16876.0,8417.0,3859.0,0.12,66555.0,1
B0244,structural_decline,8,17189.0,8493.0,3859.0,0.12,66555.0,1
B0244,structural_decline,9,17126.0,8361.0,3859.0,0.12,66555.0,1
B0244,structural_decline,10,16666.0,8540.0,3859.0,0.12,66555.0,1
B0244,structural_decline,11,16639.0,8560.0,3859.0,0.12,66555.0,1
B0244,structural_decline,12,16876.0,8458.0,3859.0,0.12,66555.0,1
B0244,structural_decline,13,17009.0,8570.0,3859.0,0.12,66555.0,1
B0244,structural_decline,14,17008.0,8592.0,3859.0,0.12,66555.0,1
B0244,structural_decline,15,17008.0,8380.0,3859.0,0.12,66555.0,1
B0244,structural_decline,16,17147.0,8436.0,3859.0,0.12,66555.0,1
B0244,structural_decline,17,17071.0,8553.0,3859.0,0.12,66555.0,1
B0244,structural_decline,18,16936.0,8492.0,3859.0,0.12,66555.0,1
B0244,structural_decline,19,16628.0,8310.0,3859.0,0.12,66555.0,1
B0244,structural_decline,20,16567.0,8284.0,3859.0,0.12,66555.0,1
B0244,structural_decline,21,16780.0,8272.0,3859.0,0.12,66555.0,1
B0244,structural_decline,22,16457.0,8449.0,3859.0,0.12,66555.0,1
B0244,structural_decline,23,16013.0,8498.0,3859.0,0.12,66555.0,1
B0244,structural_decline,24,15732.0,8467.0,3859.0,0.12,66555.0,1
B0244,structural_decline,25,15666.0,8370.0,3859.0,0.12,66555.0,1
B0244,structural_decline,26,15417.0,8190.0,3859.0,0.12,66555.0,1
B0244,structural_decline,27,14934.0,8078.0,3859.0,0.12,66555.0,1
B0244,structural_decline,28,14424.0,8469.0,3859.0,0.12,66555.0,1
B0244,structural_decline,29,14048.0,8231.0,3859.0,0.12,66555.0,1
B0244,structural_decline,30,13782.0,8059.0,3859.0,0.12,66555.0,1
B0244,structural_decline,31,13713.0,8057.0,3859.0,0.12,66555.0,1
B0244,structural_decline,32,13574.0,8144.0,3859.0,0.12,66555.0,1
B0244,structural_decline,33,13329.0,8197.0,3859.0,0.12,66555.0,1
B0244,structural_decline,34,13000.0,8403.0,3859.0,0.12,66555.0,1
B0244,structural_decline,35,12711.0,8482.0,3859.0,0.12,66555.0,1
B0244,structural_decline,36,12339.0,8341.0,3859.0,0.12,66555.0,1
B0244,structural_decline,37,12217.0,8331.0,3859.0,0.12,66555.0,1
B0244,structural_decline,38,12003.0,8333.0,3859.0,0.12,66555.0,0
B0245,structural_decline,0,10738.0,5375.0,1685.0,0.12,37470.0,1
B0245,structural_decline,1,10773.0,5439.0,1685.0,0.12,37470.0,1
B0245,structural_decline,2,10794.0,5505.0,1685.0,0.12,37470.0,1
B0245,structural_decline,3,10572.0,5584.0,1685.0,0.12,37470.0,1
B0245,structural_decline,4,10515.0,5549.0,1685.0,0.12,37470.0,1
B0245,structural_decline,5,10635.0,5332.0,1685.0,0.12,37470.0,1
B0245,structural_decline,6,10534.0,5243.0,1685.0,0.12,37470.0,1
B0245,structural_decline,7,10577.0,5213.0,1685.0,0.12,37470.0,1
B0245,structural_decline,8,10588.0,5301.0,1685.0,0.12,37470.0,1
B0245,structural_decline,9,10647.0,5214.0,1685.0,0.12,37470.0,1
B0245,structural_decline,10,10695.0,5260.0,1685.0,0.12,37470.0,1
B0245,structural_decline,11,10582.0,5535.0,1685.0,0.12,37470.0,1
B0245,structural_decline,12,10458.0,5549.0,1685.0,0.12,37470.0,1
B0245,structural_decline,13,10514.0,5338.0,1685.0,0.12,37470.0,1
B0245,structural_decline,14,10644.0,5211.0,1685.0,0.12,37470.0,1
B0245,structural_decline,15,10600.0,5263.0,1685.0,0.12,37470.0,1
B0245,structural_decline,16,10551.0,5297.0,1685.0,0.12,37470.0,1
B0245,structural_decline,17,10304.0,5237.0,1685.0,0.12,37470.0,1
B0245,structural_decline,18,10005.0,5102.0,1685.0,0.12,37470.0,1
B0245,structural_decline,19,9771.0,5281.0,1685.0,0.12,37470.0,1
B0245,structural_decline,20,9726.0,5428.0,1685.0,0.12,37470.0,1
B0245,structural_decline,21,9609.0,5403.0,1685.0,0.12,37470.0,1
B0245,structural_decline,22,9352.0,5271.0,1685.0,0.12,37470.0,1
B0245,structural_decline,23,9121.0,5355.0,1685.0,0.12,37470.0,1
B0245,structural_decline,24,8989.0,5451.0,1685.0,0.12,37470.0,1
B0245,structural_decline,25,8843.0,5368.0,1685.0,0.12,37470.0,1
B0245,structural_decline,26,8487.0,5417.0,1685.0,0.12,37470.0,1
B0245,structural_decline,27,8436.0,5423.0,1685.0,0.12,37470.0,1
B0245,structural_decline,28,8287.0,5348.0,1685.0,0.12,37470.0,1
B0245,structural_decline,29,8020.0,5429.0,1685.0,0.12,37470.0,1
B0245,structural_decline,30,7757.0,5274.0,1685.0,0.12,37470.0,1
B0245,structural_decline,31,7625.0,5445.0,1685.0,0.12,37470.0,1
B0246,temporary_stress,0,16921.0,10087.0,2263.0,0.125,75408.0,1
B0246,temporary_stress,1,17171.0,10113.0,2263.0,0.125,75408.0,1
B0246,temporary_stress,2,17509.0,10062.0,2263.0,0.125,75408.0,1
B0246,temporary_stress,3,17918.0,9623.0,2263.0,0.125,75408.0,1
B0246,temporary_stress,4,17956.0,9475.0,2263.0,0.125,75408.0,1
B0246,temporary_stress,5,17898.0,9747.0,2263.0,0.125,75408.0,1
B0246,temporary_stress,6,17938.0,10128.0,2263.0,0.125,75408.0,1
B0246,temporary_stress,7,18035.0,10179.0,2263.0,0.125,75408.0,1
B0246,temporary_stress,8,18106.0,9877.0,2263.0,0.125,75408.0,1
B0246,temporary_stress,9,17876.0,9857.0,2263.0,0.125,75408.0,1
B0246,temporary_stress,10,17834.0,9930.0,2263.0,0.125,75408.0,1
B0246,temporary_stress,11,17527.0,9772.0,2263.0,0.125,75408.0,1
B0246,temporary_stress,12,7501.0,9532.0,2263.0,0.125,75408.0,0
B0246,temporary_stress,13,7462.0,9887.0,2263.0,0.125,75408.0,0
B0246,temporary_stress,14,7537.0,9981.0,2263.0,0.125,75408.0,0
B0246,temporary_stress,15,7591.0,10071.0,2263.0,0.125,75408.0,0
B0246,temporary_stress,16,7441.0,10202.0,2263.0,0.125,75408.0,0
B0246,temporary_stress,17,7489.0,9946.0,2263.0,0.125,75408.0,0
B0246,temporary_stress,18,10980.0,9782.0,2263.0,0.125,75408.0,0
B0246,temporary_stress,19,12104.0,9601.0,2263.0,0.125,75408.0,1
B0246,temporary_stress,20,12961.0,9718.0,2263.0,0.125,75408.0,1
B0246,temporary_stress,21,13987.0,9700.0,2263.0,0.125,75408.0,1
B0246,temporary_stress,22,14777.0,9965.0,2263.0,0.125,75408.0,1
B0246,temporary_stress,23,15966.0,9825.0,2263.0,0.125,75408.0,1
B0246,temporary_stress,24,16969.0,9910.0,2263.0,0.125,75408.0,1
B0246,temporary_stress,25,17757.0,9905.0,2263.0,0.125,75408.0,1
B0246,temporary_stress,26,17605.0,9642.0,2263.0,0.125,75408.0,1
B0246,temporary_stress,27,17556.0,9619.0,2263.0,0.125,75408.0,1
B0246,temporary_stress,28,17507.0,9673.0,2263.0,0.125,75408.0,1
B0246,temporary_stress,29,17316.0,9556.0,2263.0,0.125,75408.0,1
B0246,temporary_stress,30,17297.0,9736.0,2263.0,0.125,75408.0,1
B0246,temporary_stress,31,17324.0,9659.0,2263.0,0.125,75408.0,1
B0246,temporary_stress,32,17314.0,9814.0,2263.0,0.125,75408.0,1
B0246,temporary_stress,33,17282.0,10255.0,2263.0,0.125,75408.0,1
B0246,temporary_stress,34,17679.0,10051.0,2263.0,0.125,75408.0,1
B0246,temporary_stress,35,17910.0,9894.0,2263.0,0.125,75408.0,1
B0246,temporary_stress,36,17891.0,9602.0,2263.0,0.125,75408.0,1
B0246,temporary_stress,37,18023.0,9793.0,2263.0,0.125,75408.0,1
B0246,temporary_stress,38,18069.0,10098.0,2263.0,0.125,75408.0,1
B0247,structural_decline,0,12842.0,9259.0,2777.0,0.101,42230.0,1
B0247,structural_decline,1,12865.0,9153.0,2777.0,0.101,42230.0,1
B0247,structural_decline,2,12894.0,9453.0,2777.0,0.101,42230.0,1
B0247,structural_decline,3,12864.0,9453.0,2777.0,0.101,42230.0,1
B0247,structural_decline,4,12761.0,9263.0,2777.0,0.101,42230.0,1
B0247,structural_decline,5,12632.0,9287.0,2777.0,0.101,42230.0,1
B0247,structural_decline,6,12673.0,9291.0,2777.0,0.101,42230.0,1
B0247,structural_decline,7,12542.0,9287.0,2777.0,0.101,42230.0,1
B0247,structural_decline,8,12642.0,9430.0,2777.0,0.101,42230.0,1
B0247,structural_decline,9,12432.0,9564.0,2777.0,0.101,42230.0,1
B0247,structural_decline,10,12080.0,9295.0,2777.0,0.101,42230.0,1
B0247,structural_decline,11,12132.0,8890.0,2777.0,0.101,42230.0,1
B0247,structural_decline,12,9706.0,9039.0,2777.0,0.101,42230.0,0
B0247,structural_decline,13,9545.0,9252.0,2777.0,0.101,42230.0,0
B0247,structural_decline,14,9528.0,9213.0,2777.0,0.101,42230.0,0
B0247,structural_decline,15,11416.0,9080.0,2777.0,0.101,42230.0,0
B0247,structural_decline,16,11206.0,9084.0,2777.0,0.101,42230.0,0
B0247,structural_decline,17,10891.0,9004.0,2777.0,0.101,42230.0,0
B0247,structural_decline,18,10620.0,8819.0,2777.0,0.101,42230.0,0
B0247,structural_decline,19,10538.0,8821.0,2777.0,0.101,42230.0,0
B0247,structural_decline,20,10331.0,8916.0,2777.0,0.101,42230.0,0
B0247,structural_decline,21,10133.0,9186.0,2777.0,0.101,42230.0,0
B0247,structural_decline,22,10065.0,9367.0,2777.0,0.101,42230.0,0
B0247,structural_decline,23,9973.0,9361.0,2777.0,0.101,42230.0,0
B0247,structural_decline,24,9788.0,9425.0,2777.0,0.101,42230.0,0
B0247,structural_decline,25,9457.0,9665.0,2777.0,0.101,42230.0,0
B0247,structural_decline,26,9359.0,9300.0,2777.0,0.101,42230.0,0
B0247,structural_decline,27,9252.0,8938.0,2777.0,0.101,42230.0,0
B0247,structural_decline,28,9129.0,9013.0,2777.0,0.101,42230.0,0
B0247,structural_decline,29,8854.0,9556.0,2777.0,0.101,42230.0,0
B0247,structural_decline,30,8523.0,9468.0,2777.0,0.101,42230.0,0
B0247,structural_decline,31,8448.0,9358.0,2777.0,0.101,42230.0,0
B0247,structural_decline,32,8393.0,9424.0,2777.0,0.101,42230.0,0
B0247,structural_decline,33,8256.0,9610.0,2777.0,0.101,42230.0,0
B0247,structural_decline,34,8119.0,9633.0,2777.0,0.101,42230.0,0
B0248,structural_decline,0,19919.0,11177.0,3172.0,0.29,52093.0,1
B0248,structural_decline,1,19836.0,11483.0,3172.0,0.29,52093.0,1
B0248,structural_decline,2,19752.0,11444.0,3172.0,0.29,52093.0,1
B0248,structural_decline,3,19599.0,11254.0,3172.0,0.29,52093.0,1
B0248,structural_decline,4,19098.0,11825.0,3172.0,0.29,52093.0,1
B0248,structural_decline,5,18845.0,12104.0,3172.0,0.29,52093.0,1
B0248,structural_decline,6,18900.0,11781.0,3172.0,0.29,52093.0,1
B0248,structural_decline,7,19059.0,11765.0,3172.0,0.29,52093.0,1
B0248,structural_decline,8,19097.0,11473.0,3172.0,0.29,52093.0,1
B0248,structural_decline,9,19428.0,11652.0,3172.0,0.29,52093.0,1
B0248,structural_decline,10,19780.0,11564.0,3172.0,0.29,52093.0,1
B0248,structural_decline,11,19585.0,12017.0,3172.0,0.29,52093.0,1
B0248,structural_decline,12,19623.0,12163.0,3172.0,0.29,52093.0,1
B0248,structural_decline,13,19322.0,11550.0,3172.0,0.29,52093.0,1
B0248,structural_decline,14,19339.0,11550.0,3172.0,0.29,52093.0,1
B0248,structural_decline,15,18919.0,12228.0,3172.0,0.29,52093.0,1
B0248,structural_decline,16,18491.0,12429.0,3172.0,0.29,52093.0,1
B0248,structural_decline,17,18346.0,12411.0,3172.0,0.29,52093.0,1
B0248,structural_decline,18,17977.0,12096.0,3172.0,0.29,52093.0,1
B0248,structural_decline,19,17606.0,11988.0,3172.0,0.29,52093.0,1
B0248,structural_decline,20,17359.0,11657.0,3172.0,0.29,52093.0,1
B0248,structural_decline,21,17076.0,11866.0,3172.0,0.29,52093.0,1
B0248,structural_decline,22,16698.0,12047.0,3172.0,0.29,52093.0,1
B0248,structural_decline,23,16259.0,11982.0,3172.0,0.29,52093.0,1
B0248,structural_decline,24,15762.0,11652.0,3172.0,0.29,52093.0,1
B0248,structural_decline,25,15681.0,11665.0,3172.0,0.29,52093.0,1
B0248,structural_decline,26,15492.0,11889.0,3172.0,0.29,52093.0,1
B0248,structural_decline,27,15325.0,11807.0,3172.0,0.29,52093.0,1
B0248,structural_decline,28,15230.0,11364.0,3172.0,0.29,52093.0,1
B0248,structural_decline,29,14902.0,11390.0,3172.0,0.29,52093.0,1
B0248,structural_decline,30,14578.0,11606.0,3172.0,0.29,52093.0,0
B0248,structural_decline,31,14150.0,11492.0,3172.0,0.29,52093.0,0
B0248,structural_decline,32,13886.0,11417.0,3172.0,0.29,52093.0,0
B0248,structural_decline,33,13535.0,11279.0,3172.0,0.29,52093.0,0
B0248,structural_decline,34,13132.0,11574.0,3172.0,0.29,52093.0,0
B0248,structural_decline,35,12937.0,11894.0,3172.0,0.29,52093.0,0
B0249,stable,0,18349.0,9004.0,2240.0,0.159,51405.0,1
B0249,stable,1,18669.0,9348.0,2240.0,0.159,51405.0,1
B0249,stable,2,18931.0,9299.0,2240.0,0.159,51405.0,1
B0249,stable,3,18911.0,9360.0,2240.0,0.159,51405.0,1
B0249,stable,4,19142.0,9393.0,2240.0,0.159,51405.0,1
B0249,stable,5,18959.0,9327.0,2240.0,0.159,51405.0,1
B0249,stable,6,18907.0,9344.0,2240.0,0.159,51405.0,1
B0249,stable,7,19029.0,9212.0,2240.0,0.159,51405.0,1
B0249,stable,8,19186.0,9102.0,2240.0,0.159,51405.0,1
B0249,stable,9,19061.0,9325.0,2240.0,0.159,51405.0,1
B0249,stable,10,18923.0,9451.0,2240.0,0.159,51405.0,1
B0249,stable,11,19277.0,9329.0,2240.0,0.159,51405.0,1
B0249,stable,12,18920.0,9283.0,2240.0,0.159,51405.0,1
B0249,stable,13,18646.0,9397.0,2240.0,0.159,51405.0,1
B0249,stable,14,18488.0,9081.0,2240.0,0.159,51405.0,1
B0249,stable,15,18141.0,8865.0,2240.0,0.159,51405.0,1
B0249,stable,16,18186.0,8616.0,2240.0,0.159,51405.0,1
B0249,stable,17,18352.0,8949.0,2240.0,0.159,51405.0,1
B0249,stable,18,18334.0,9003.0,2240.0,0.159,51405.0,1
B0249,stable,19,18533.0,8787.0,2240.0,0.159,51405.0,1
B0249,stable,20,18760.0,8765.0,2240.0,0.159,51405.0,1
B0249,stable,21,18800.0,9091.0,2240.0,0.159,51405.0,1
B0249,stable,22,18644.0,9135.0,2240.0,0.159,51405.0,1
B0249,stable,23,18650.0,8863.0,2240.0,0.159,51405.0,1
B0249,stable,24,18856.0,8782.0,2240.0,0.159,51405.0,1
B0249,stable,25,19394.0,8800.0,2240.0,0.159,51405.0,1
B0249,stable,26,19381.0,9062.0,2240.0,0.159,51405.0,1
B0249,stable,27,19336.0,9167.0,2240.0,0.159,51405.0,1
B0249,stable,28,19066.0,9375.0,2240.0,0.159,51405.0,1
B0249,stable,29,18963.0,9262.0,2240.0,0.159,51405.0,1
B0249,stable,30,18938.0,9212.0,2240.0,0.159,51405.0,1
B0249,stable,31,18948.0,9477.0,2240.0,0.159,51405.0,1
B0249,stable,32,18692.0,9441.0,2240.0,0.159,51405.0,1
B0249,stable,33,18413.0,9344.0,2240.0,0.159,51405.0,1
B0249,stable,34,18153.0,9670.0,2240.0,0.159,51405.0,1
B0249,stable,35,18133.0,9656.0,2240.0,0.159,51405.0,1
B0249,stable,36,18311.0,9758.0,2240.0,0.159,51405.0,1
B0249,stable,37,18400.0,9434.0,2240.0,0.159,51405.0,1
B0249,stable,38,18375.0,9213.0,2240.0,0.159,51405.0,1
B0249,stable,39,18547.0,8974.0,2240.0,0.159,51405.0,1
B0249,stable,40,18528.0,8998.0,2240.0,0.159,51405.0,1
B0249,stable,41,18883.0,9036.0,2240.0,0.159,51405.0,1
B0250,structural_decline,0,12655.0,6761.0,1451.0,0.086,61705.0,1
B0250,structural_decline,1,12966.0,6622.0,1451.0,0.086,61705.0,1
B0250,structural_decline,2,13025.0,6494.0,1451.0,0.086,61705.0,1
B0250,structural_decline,3,12789.0,6299.0,1451.0,0.086,61705.0,1
B0250,structural_decline,4,12553.0,6265.0,1451.0,0.086,61705.0,1
B0250,structural_decline,5,12659.0,6191.0,1451.0,0.086,61705.0,1
B0250,structural_decline,6,12837.0,6093.0,1451.0,0.086,61705.0,1
B0250,structural_decline,7,12831.0,6263.0,1451.0,0.086,61705.0,1
B0250,structural_decline,8,12617.0,6196.0,1451.0,0.086,61705.0,1
B0250,structural_decline,9,12310.0,6246.0,1451.0,0.086,61705.0,1
B0250,structural_decline,10,12212.0,6479.0,1451.0,0.086,61705.0,1
B0250,structural_decline,11,12068.0,6585.0,1451.0,0.086,61705.0,1
B0250,structural_decline,12,12008.0,6569.0,1451.0,0.086,61705.0,1
B0250,structural_decline,13,11677.0,6366.0,1451.0,0.086,61705.0,1
B0250,structural_decline,14,11309.0,6318.0,1451.0,0.086,61705.0,1
B0250,structural_decline,15,11091.0,6495.0,1451.0,0.086,61705.0,1
B0250,structural_decline,16,11019.0,6359.0,1451.0,0.086,61705.0,1
B0250,structural_decline,17,10789.0,6213.0,1451.0,0.086,61705.0,1
B0250,structural_decline,18,10401.0,6318.0,1451.0,0.086,61705.0,1
B0250,structural_decline,19,10158.0,6466.0,1451.0,0.086,61705.0,1
B0250,structural_decline,20,10029.0,6455.0,1451.0,0.086,61705.0,1
B0250,structural_decline,21,9686.0,6658.0,1451.0,0.086,61705.0,1
B0250,structural_decline,22,9371.0,6603.0,1451.0,0.086,61705.0,1
B0250,structural_decline,23,9347.0,6411.0,1451.0,0.086,61705.0,1
B0250,structural_decline,24,9149.0,6220.0,1451.0,0.086,61705.0,1
B0250,structural_decline,25,9124.0,6555.0,1451.0,0.086,61705.0,1
B0250,structural_decline,26,9056.0,6824.0,1451.0,0.086,61705.0,1
B0250,structural_decline,27,8886.0,6696.0,1451.0,0.086,61705.0,1
B0250,structural_decline,28,8486.0,6403.0,1451.0,0.086,61705.0,1
B0250,structural_decline,29,8099.0,6623.0,1451.0,0.086,61705.0,1
B0251,structural_decline,0,10812.0,6548.0,2435.0,0.093,30271.0,1
B0251,structural_decline,1,10733.0,6268.0,2435.0,0.093,30271.0,1
B0251,structural_decline,2,10687.0,6240.0,2435.0,0.093,30271.0,1
B0251,structural_decline,3,10525.0,6548.0,2435.0,0.093,30271.0,1
B0251,structural_decline,4,10618.0,6534.0,2435.0,0.093,30271.0,1
B0251,structural_decline,5,10836.0,6552.0,2435.0,0.093,30271.0,1
B0251,structural_decline,6,10994.0,6661.0,2435.0,0.093,30271.0,1
B0251,structural_decline,7,11089.0,6717.0,2435.0,0.093,30271.0,1
B0251,structural_decline,8,11248.0,6575.0,2435.0,0.093,30271.0,1
B0251,structural_decline,9,11057.0,6335.0,2435.0,0.093,30271.0,1
B0251,structural_decline,10,10994.0,6343.0,2435.0,0.093,30271.0,1
B0251,structural_decline,11,10745.0,6311.0,2435.0,0.093,30271.0,1
B0251,structural_decline,12,10918.0,6388.0,2435.0,0.093,30271.0,1
B0251,structural_decline,13,10811.0,6401.0,2435.0,0.093,30271.0,1
B0251,structural_decline,14,10923.0,6256.0,2435.0,0.093,30271.0,1
B0251,structural_decline,15,10792.0,6240.0,2435.0,0.093,30271.0,1
B0251,structural_decline,16,10655.0,6334.0,2435.0,0.093,30271.0,1
B0251,structural_decline,17,10377.0,6379.0,2435.0,0.093,30271.0,1
B0251,structural_decline,18,10188.0,6265.0,2435.0,0.093,30271.0,1
B0251,structural_decline,19,9902.0,6193.0,2435.0,0.093,30271.0,1
B0251,structural_decline,20,8852.0,6075.0,2435.0,0.093,30271.0,1
B0251,structural_decline,21,8807.0,5979.0,2435.0,0.093,30271.0,1
B0251,structural_decline,22,8627.0,6207.0,2435.0,0.093,30271.0,0
B0251,structural_decline,23,9332.0,6357.0,2435.0,0.093,30271.0,1
B0251,structural_decline,24,9039.0,6393.0,2435.0,0.093,30271.0,1
B0251,structural_decline,25,8857.0,6144.0,2435.0,0.093,30271.0,1
B0251,structural_decline,26,8936.0,6156.0,2435.0,0.093,30271.0,1
B0251,structural_decline,27,8777.0,6345.0,2435.0,0.093,30271.0,0
B0251,structural_decline,28,8483.0,6247.0,2435.0,0.093,30271.0,0
B0251,structural_decline,29,8400.0,6234.0,2435.0,0.093,30271.0,0
B0251,structural_decline,30,8215.0,6241.0,2435.0,0.093,30271.0,0
B0251,structural_decline,31,8063.0,6092.0,2435.0,0.093,30271.0,0
B0251,structural_decline,32,7953.0,6066.0,2435.0,0.093,30271.0,0
B0252,structural_decline,0,19773.0,12294.0,3696.0,0.223,99677.0,1
B0252,structural_decline,1,19787.0,11962.0,3696.0,0.223,99677.0,1
B0252,structural_decline,2,19458.0,11756.0,3696.0,0.223,99677.0,1
B0252,structural_decline,3,19042.0,11466.0,3696.0,0.223,99677.0,1
B0252,structural_decline,4,19013.0,11441.0,3696.0,0.223,99677.0,1
B0252,structural_decline,5,19266.0,11536.0,3696.0,0.223,99677.0,1
B0252,structural_decline,6,19488.0,11899.0,3696.0,0.223,99677.0,1
B0252,structural_decline,7,19513.0,12118.0,3696.0,0.223,99677.0,1
B0252,structural_decline,8,19587.0,11704.0,3696.0,0.223,99677.0,1
B0252,structural_decline,9,19517.0,11721.0,3696.0,0.223,99677.0,1
B0252,structural_decline,10,19660.0,11880.0,3696.0,0.223,99677.0,1
B0252,structural_decline,11,19699.0,11831.0,3696.0,0.223,99677.0,1
B0252,structural_decline,12,19457.0,11752.0,3696.0,0.223,99677.0,1
B0252,structural_decline,13,19459.0,11305.0,3696.0,0.223,99677.0,1
B0252,structural_decline,14,19212.0,11149.0,3696.0,0.223,99677.0,1
B0252,structural_decline,15,19289.0,11247.0,3696.0,0.223,99677.0,1
B0252,structural_decline,16,19168.0,11476.0,3696.0,0.223,99677.0,1
B0252,structural_decline,17,19234.0,11851.0,3696.0,0.223,99677.0,1
B0252,structural_decline,18,19088.0,11999.0,3696.0,0.223,99677.0,1
B0252,structural_decline,19,19221.0,12249.0,3696.0,0.223,99677.0,1
B0252,structural_decline,20,19399.0,11812.0,3696.0,0.223,99677.0,1
B0252,structural_decline,21,19387.0,11275.0,3696.0,0.223,99677.0,1
B0252,structural_decline,22,19678.0,11253.0,3696.0,0.223,99677.0,1
B0252,structural_decline,23,19422.0,11297.0,3696.0,0.223,99677.0,1
B0252,structural_decline,24,18937.0,11253.0,3696.0,0.223,99677.0,1
B0252,structural_decline,25,18609.0,11671.0,3696.0,0.223,99677.0,1
B0252,structural_decline,26,18422.0,11833.0,3696.0,0.223,99677.0,1
B0252,structural_decline,27,18087.0,11802.0,3696.0,0.223,99677.0,1
B0252,structural_decline,28,17738.0,11963.0,3696.0,0.223,99677.0,1
B0252,structural_decline,29,17410.0,11628.0,3696.0,0.223,99677.0,1
B0252,structural_decline,30,17079.0,11590.0,3696.0,0.223,99677.0,1
B0252,structural_decline,31,17078.0,11915.0,3696.0,0.223,99677.0,1
B0252,structural_decline,32,17143.0,12079.0,3696.0,0.223,99677.0,1
B0252,structural_decline,33,14890.0,12355.0,3696.0,0.223,99677.0,0
B0252,structural_decline,34,14565.0,12461.0,3696.0,0.223,99677.0,0
B0252,structural_decline,35,14293.0,12267.0,3696.0,0.223,99677.0,0
B0252,structural_decline,36,13902.0,11829.0,3696.0,0.223,99677.0,0
B0252,structural_decline,37,15536.0,11537.0,3696.0,0.223,99677.0,1
B0252,structural_decline,38,15287.0,11436.0,3696.0,0.223,99677.0,1
B0252,structural_decline,39,14775.0,11538.0,3696.0,0.223,99677.0,0
B0253,stable,0,18300.0,11713.0,2344.0,0.224,61583.0,1
B0253,stable,1,18480.0,11752.0,2344.0,0.224,61583.0,1
B0253,stable,2,18617.0,11830.0,2344.0,0.224,61583.0,1
B0253,stable,3,18101.0,12226.0,2344.0,0.224,61583.0,1
B0253,stable,4,17890.0,12268.0,2344.0,0.224,61583.0,1
B0253,stable,5,18044.0,11922.0,2344.0,0.224,61583.0,1
B0253,stable,6,18099.0,11660.0,2344.0,0.224,61583.0,1
B0253,stable,7,18296.0,11333.0,2344.0,0.224,61583.0,1
B0253,stable,8,18412.0,11700.0,2344.0,0.224,61583.0,1
B0253,stable,9,18366.0,12055.0,2344.0,0.224,61583.0,1
B0253,stable,10,18210.0,12047.0,2344.0,0.224,61583.0,1
B0253,stable,11,18694.0,11763.0,2344.0,0.224,61583.0,1
B0253,stable,12,19260.0,12312.0,2344.0,0.224,61583.0,1
B0253,stable,13,19359.0,12391.0,2344.0,0.224,61583.0,1
B0253,stable,14,19393.0,12027.0,2344.0,0.224,61583.0,1
B0253,stable,15,19691.0,11771.0,2344.0,0.224,61583.0,1
B0253,stable,16,19267.0,11722.0,2344.0,0.224,61583.0,1
B0253,stable,17,18977.0,11996.0,2344.0,0.224,61583.0,1
B0253,stable,18,18899.0,11946.0,2344.0,0.224,61583.0,1
B0253,stable,19,19000.0,11647.0,2344.0,0.224,61583.0,1
B0253,stable,20,19270.0,11445.0,2344.0,0.224,61583.0,1
B0253,stable,21,19191.0,11566.0,2344.0,0.224,61583.0,1
B0253,stable,22,18730.0,11935.0,2344.0,0.224,61583.0,1
B0253,stable,23,18753.0,11916.0,2344.0,0.224,61583.0,1
B0253,stable,24,18720.0,11727.0,2344.0,0.224,61583.0,1
B0253,stable,25,18345.0,11453.0,2344.0,0.224,61583.0,1
B0253,stable,26,18269.0,11463.0,2344.0,0.224,61583.0,1
B0253,stable,27,18533.0,11615.0,2344.0,0.224,61583.0,1
B0253,stable,28,18776.0,11523.0,2344.0,0.224,61583.0,1
B0253,stable,29,19032.0,11401.0,2344.0,0.224,61583.0,1
B0253,stable,30,19094.0,11149.0,2344.0,0.224,61583.0,1
B0253,stable,31,19269.0,11255.0,2344.0,0.224,61583.0,1
B0253,stable,32,19170.0,11821.0,2344.0,0.224,61583.0,1
B0253,stable,33,19461.0,12039.0,2344.0,0.224,61583.0,1
B0253,stable,34,19695.0,12165.0,2344.0,0.224,61583.0,1
B0253,stable,35,19479.0,11690.0,2344.0,0.224,61583.0,1
B0254,structural_decline,0,16827.0,12726.0,2970.0,0.216,46082.0,1
B0254,structural_decline,1,16890.0,12441.0,2970.0,0.216,46082.0,1
B0254,structural_decline,2,16817.0,12756.0,2970.0,0.216,46082.0,1
B0254,structural_decline,3,16848.0,12660.0,2970.0,0.216,46082.0,1
B0254,structural_decline,4,16854.0,12237.0,2970.0,0.216,46082.0,1
B0254,structural_decline,5,16747.0,11656.0,2970.0,0.216,46082.0,1
B0254,structural_decline,6,16800.0,11695.0,2970.0,0.216,46082.0,1
B0254,structural_decline,7,16758.0,11661.0,2970.0,0.216,46082.0,1
B0254,structural_decline,8,16836.0,11571.0,2970.0,0.216,46082.0,1
B0254,structural_decline,9,17057.0,11785.0,2970.0,0.216,46082.0,1
B0254,structural_decline,10,16799.0,12008.0,2970.0,0.216,46082.0,1
B0254,structural_decline,11,16485.0,12122.0,2970.0,0.216,46082.0,1
B0254,structural_decline,12,16477.0,12205.0,2970.0,0.216,46082.0,1
B0254,structural_decline,13,16600.0,12039.0,2970.0,0.216,46082.0,1
B0254,structural_decline,14,16710.0,11943.0,2970.0,0.216,46082.0,1
B0254,structural_decline,15,16740.0,12131.0,2970.0,0.216,46082.0,1
B0254,structural_decline,16,16984.0,12071.0,2970.0,0.216,46082.0,1
B0254,structural_decline,17,16887.0,12088.0,2970.0,0.216,46082.0,1
B0254,structural_decline,18,16503.0,12028.0,2970.0,0.216,46082.0,1
B0254,structural_decline,19,15852.0,12580.0,2970.0,0.216,46082.0,1
B0254,structural_decline,20,15665.0,12629.0,2970.0,0.216,46082.0,1
B0254,structural_decline,21,15596.0,12239.0,2970.0,0.216,46082.0,1
B0254,structural_decline,22,13147.0,12279.0,2970.0,0.216,46082.0,0
B0254,structural_decline,23,12717.0,12625.0,2970.0,0.216,46082.0,0
B0254,structural_decline,24,12231.0,12609.0,2970.0,0.216,46082.0,0
B0254,structural_decline,25,14296.0,12244.0,2970.0,0.216,46082.0,0
B0254,structural_decline,26,14423.0,12458.0,2970.0,0.216,46082.0,0
B0254,structural_decline,27,14049.0,12806.0,2970.0,0.216,46082.0,0
B0254,structural_decline,28,13616.0,12418.0,2970.0,0.216,46082.0,0
B0254,structural_decline,29,13272.0,12107.0,2970.0,0.216,46082.0,0
B0254,structural_decline,30,13057.0,12167.0,2970.0,0.216,46082.0,0
B0254,structural_decline,31,12903.0,12383.0,2970.0,0.216,46082.0,0
B0254,structural_decline,32,12886.0,12175.0,2970.0,0.216,46082.0,0
B0254,structural_decline,33,12391.0,11990.0,2970.0,0.216,46082.0,0
B0254,structural_decline,34,11899.0,12381.0,2970.0,0.216,46082.0,0
B0254,structural_decline,35,11684.0,12204.0,2970.0,0.216,46082.0,0
B0254,structural_decline,36,11403.0,11784.0,2970.0,0.216,46082.0,0
B0254,structural_decline,37,11211.0,11601.0,2970.0,0.216,46082.0,0
B0254,structural_decline,38,11197.0,11766.0,2970.0,0.216,46082.0,0
B0254,structural_decline,39,11098.0,12227.0,2970.0,0.216,46082.0,0
B0254,structural_decline,40,10948.0,12035.0,2970.0,0.216,46082.0,0
B0254,structural_decline,41,10783.0,12345.0,2970.0,0.216,46082.0,0
B0255,stable,0,12694.0,8670.0,2007.0,0.223,31603.0,1
B0255,stable,1,12793.0,8706.0,2007.0,0.223,31603.0,1
B0255,stable,2,12928.0,8772.0,2007.0,0.223,31603.0,1
B0255,stable,3,12814.0,8594.0,2007.0,0.223,31603.0,1
B0255,stable,4,12888.0,8454.0,2007.0,0.223,31603.0,1
B0255,stable,5,12704.0,8365.0,2007.0,0.223,31603.0,1
B0255,stable,6,12646.0,8325.0,2007.0,0.223,31603.0,1
B0255,stable,7,12715.0,8579.0,2007.0,0.223,31603.0,1
B0255,stable,8,12765.0,8558.0,2007.0,0.223,31603.0,1
B0255,stable,9,12633.0,8826.0,2007.0,0.223,31603.0,1
B0255,stable,10,12461.0,8497.0,2007.0,0.223,31603.0,1
B0255,stable,11,12595.0,8433.0,2007.0,0.223,31603.0,1
B0255,stable,12,12588.0,8695.0,2007.0,0.223,31603.0,1
B0255,stable,13,12608.0,8791.0,2007.0,0.223,31603.0,1
B0255,stable,14,12924.0,8542.0,2007.0,0.223,31603.0,1
B0255,stable,15,13022.0,8418.0,2007.0,0.223,31603.0,1
B0255,stable,16,13134.0,8385.0,2007.0,0.223,31603.0,1
B0255,stable,17,13095.0,8350.0,2007.0,0.223,31603.0,1
B0255,stable,18,13052.0,8102.0,2007.0,0.223,31603.0,1
B0255,stable,19,13068.0,7972.0,2007.0,0.223,31603.0,1
B0255,stable,20,13191.0,8122.0,2007.0,0.223,31603.0,1
B0255,stable,21,13108.0,8234.0,2007.0,0.223,31603.0,1
B0255,stable,22,13213.0,8105.0,2007.0,0.223,31603.0,1
B0255,stable,23,13158.0,8241.0,2007.0,0.223,31603.0,1
B0255,stable,24,13223.0,8452.0,2007.0,0.223,31603.0,1
B0255,stable,25,13097.0,8307.0,2007.0,0.223,31603.0,1
B0255,stable,26,12808.0,8257.0,2007.0,0.223,31603.0,1
B0255,stable,27,12817.0,8304.0,2007.0,0.223,31603.0,1
B0255,stable,28,12921.0,8312.0,2007.0,0.223,31603.0,1
B0255,stable,29,12941.0,8171.0,2007.0,0.223,31603.0,1
B0255,stable,30,13025.0,8318.0,2007.0,0.223,31603.0,1
B0256,structural_decline,0,14714.0,9990.0,1658.0,0.247,50172.0,1
B0256,structural_decline,1,14786.0,10386.0,1658.0,0.247,50172.0,1
B0256,structural_decline,2,14620.0,10593.0,1658.0,0.247,50172.0,1
B0256,structural_decline,3,14644.0,10860.0,1658.0,0.247,50172.0,1
B0256,structural_decline,4,14716.0,10943.0,1658.0,0.247,50172.0,1
B0256,structural_decline,5,14733.0,10783.0,1658.0,0.247,50172.0,1
B0256,structural_decline,6,14691.0,10903.0,1658.0,0.247,50172.0,1
B0256,structural_decline,7,14621.0,11009.0,1658.0,0.247,50172.0,1
B0256,structural_decline,8,14509.0,11132.0,1658.0,0.247,50172.0,1
B0256,structural_decline,9,14437.0,11357.0,1658.0,0.247,50172.0,1
B0256,structural_decline,10,14631.0,11244.0,1658.0,0.247,50172.0,1
B0256,structural_decline,11,14714.0,10909.0,1658.0,0.247,50172.0,1
B0256,structural_decline,12,14361.0,10896.0,1658.0,0.247,50172.0,1
B0256,structural_decline,13,14201.0,10615.0,1658.0,0.247,50172.0,1
B0256,structural_decline,14,14394.0,10558.0,1658.0,0.247,50172.0,1
B0256,structural_decline,15,14484.0,11030.0,1658.0,0.247,50172.0,1
B0256,structural_decline,16,14652.0,11323.0,1658.0,0.247,50172.0,1
B0256,structural_decline,17,14766.0,11083.0,1658.0,0.247,50172.0,1
B0256,structural_decline,18,14632.0,10744.0,1658.0,0.247,50172.0,1
B0256,structural_decline,19,14381.0,10842.0,1658.0,0.247,50172.0,1
B0256,structural_decline,20,11410.0,10698.0,1658.0,0.247,50172.0,0
B0256,structural_decline,21,11110.0,10528.0,1658.0,0.247,50172.0,0
B0256,structural_decline,22,10959.0,10662.0,1658.0,0.247,50172.0,0
B0256,structural_decline,23,10722.0,10969.0,1658.0,0.247,50172.0,0
B0256,structural_decline,24,12765.0,10817.0,1658.0,0.247,50172.0,1
B0256,structural_decline,25,12481.0,10755.0,1658.0,0.247,50172.0,1
B0256,structural_decline,26,12414.0,11097.0,1658.0,0.247,50172.0,0
B0256,structural_decline,27,12168.0,10776.0,1658.0,0.247,50172.0,0
B0256,structural_decline,28,11892.0,10871.0,1658.0,0.247,50172.0,0
B0256,structural_decline,29,11521.0,10849.0,1658.0,0.247,50172.0,0
B0256,structural_decline,30,11385.0,10434.0,1658.0,0.247,50172.0,0
B0256,structural_decline,31,11032.0,10214.0,1658.0,0.247,50172.0,0
B0256,structural_decline,32,10772.0,10356.0,1658.0,0.247,50172.0,0
B0257,structural_decline,0,19216.0,11388.0,3413.0,0.126,95908.0,1
B0257,structural_decline,1,19048.0,11250.0,3413.0,0.126,95908.0,1
B0257,structural_decline,2,18938.0,11221.0,3413.0,0.126,95908.0,1
B0257,structural_decline,3,19063.0,11233.0,3413.0,0.126,95908.0,1
B0257,structural_decline,4,19034.0,11408.0,3413.0,0.126,95908.0,1
B0257,structural_decline,5,19120.0,11684.0,3413.0,0.126,95908.0,1
B0257,structural_decline,6,19184.0,11578.0,3413.0,0.126,95908.0,1
B0257,structural_decline,7,19127.0,11439.0,3413.0,0.126,95908.0,1
B0257,structural_decline,8,19089.0,11093.0,3413.0,0.126,95908.0,1
B0257,structural_decline,9,19014.0,11043.0,3413.0,0.126,95908.0,1
B0257,structural_decline,10,19049.0,11369.0,3413.0,0.126,95908.0,1
B0257,structural_decline,11,19214.0,11731.0,3413.0,0.126,95908.0,1
B0257,structural_decline,12,19364.0,11720.0,3413.0,0.126,95908.0,1
B0257,structural_decline,13,19261.0,11714.0,3413.0,0.126,95908.0,1
B0257,structural_decline,14,18803.0,11662.0,3413.0,0.126,95908.0,1
B0257,structural_decline,15,18316.0,11835.0,3413.0,0.126,95908.0,1
B0257,structural_decline,16,17979.0,11936.0,3413.0,0.126,95908.0,1
B0257,structural_decline,17,17757.0,12187.0,3413.0,0.126,95908.0,1
B0257,structural_decline,18,17463.0,11998.0,3413.0,0.126,95908.0,1
B0257,structural_decline,19,17203.0,11666.0,3413.0,0.126,95908.0,1
B0257,structural_decline,20,16944.0,11696.0,3413.0,0.126,95908.0,1
B0257,structural_decline,21,16740.0,11861.0,3413.0,0.126,95908.0,1
B0257,structural_decline,22,16659.0,11791.0,3413.0,0.126,95908.0,1
B0257,structural_decline,23,16431.0,11571.0,3413.0,0.126,95908.0,1
B0257,structural_decline,24,16297.0,11687.0,3413.0,0.126,95908.0,1
B0257,structural_decline,25,16045.0,11796.0,3413.0,0.126,95908.0,1
B0257,structural_decline,26,15677.0,11602.0,3413.0,0.126,95908.0,1
B0257,structural_decline,27,15609.0,11195.0,3413.0,0.126,95908.0,1
B0257,structural_decline,28,15322.0,11097.0,3413.0,0.126,95908.0,1
B0257,structural_decline,29,15139.0,11164.0,3413.0,0.126,95908.0,1
B0257,structural_decline,30,14868.0,11113.0,3413.0,0.126,95908.0,1
B0257,structural_decline,31,14555.0,11464.0,3413.0,0.126,95908.0,0
B0257,structural_decline,32,14361.0,11655.0,3413.0,0.126,95908.0,0
B0257,structural_decline,33,14318.0,11749.0,3413.0,0.126,95908.0,0
B0257,structural_decline,34,14132.0,11285.0,3413.0,0.126,95908.0,0
B0257,structural_decline,35,13660.0,11296.0,3413.0,0.126,95908.0,0
B0257,structural_decline,36,13337.0,11262.0,3413.0,0.126,95908.0,0
B0257,structural_decline,37,13118.0,10756.0,3413.0,0.126,95908.0,0
B0257,structural_decline,38,12737.0,11038.0,3413.0,0.126,95908.0,0
B0258,stable,0,15231.0,11527.0,1889.0,0.208,41437.0,1
B0258,stable,1,15275.0,11304.0,1889.0,0.208,41437.0,1
B0258,stable,2,15210.0,11246.0,1889.0,0.208,41437.0,1
B0258,stable,3,15194.0,11529.0,1889.0,0.208,41437.0,1
B0258,stable,4,15126.0,11727.0,1889.0,0.208,41437.0,1
B0258,stable,5,15113.0,11204.0,1889.0,0.208,41437.0,1
B0258,stable,6,15182.0,11244.0,1889.0,0.208,41437.0,1
B0258,stable,7,15202.0,11509.0,1889.0,0.208,41437.0,1
B0258,stable,8,14882.0,11484.0,1889.0,0.208,41437.0,1
B0258,stable,9,14625.0,11258.0,1889.0,0.208,41437.0,1
B0258,stable,10,14963.0,11334.0,1889.0,0.208,41437.0,1
B0258,stable,11,15352.0,11366.0,1889.0,0.208,41437.0,1
B0258,stable,12,15370.0,11286.0,1889.0,0.208,41437.0,1
B0258,stable,13,15503.0,11463.0,1889.0,0.208,41437.0,1
B0258,stable,14,15790.0,11440.0,1889.0,0.208,41437.0,1
B0258,stable,15,16025.0,11561.0,1889.0,0.208,41437.0,1
B0258,stable,16,15951.0,11424.0,1889.0,0.208,41437.0,1
B0258,stable,17,15980.0,11424.0,1889.0,0.208,41437.0,1
B0258,stable,18,16069.0,11200.0,1889.0,0.208,41437.0,1
B0258,stable,19,16209.0,11072.0,1889.0,0.208,41437.0,1
B0258,stable,20,16355.0,10643.0,1889.0,0.208,41437.0,1
B0258,stable,21,16360.0,10788.0,1889.0,0.208,41437.0,1
B0258,stable,22,15971.0,10957.0,1889.0,0.208,41437.0,1
B0258,stable,23,15666.0,11359.0,1889.0,0.208,41437.0,1
B0258,stable,24,15553.0,11378.0,1889.0,0.208,41437.0,1
B0258,stable,25,15053.0,11169.0,1889.0,0.208,41437.0,1
B0258,stable,26,14921.0,10903.0,1889.0,0.208,41437.0,1
B0258,stable,27,15207.0,11180.0,1889.0,0.208,41437.0,1
B0258,stable,28,15426.0,11190.0,1889.0,0.208,41437.0,1
B0258,stable,29,15398.0,10928.0,1889.0,0.208,41437.0,1
B0259,stable,0,14138.0,9355.0,3299.0,0.118,55636.0,1
B0259,stable,1,14398.0,9031.0,3299.0,0.118,55636.0,1
B0259,stable,2,14382.0,9430.0,3299.0,0.118,55636.0,1
B0259,stable,3,14665.0,9765.0,3299.0,0.118,55636.0,1
B0259,stable,4,14699.0,10024.0,3299.0,0.118,55636.0,1
B0259,stable,5,14730.0,9955.0,3299.0,0.118,55636.0,1
B0259,stable,6,14797.0,9734.0,3299.0,0.118,55636.0,1
B0259,stable,7,14841.0,9398.0,3299.0,0.118,55636.0,1
B0259,stable,8,15052.0,9365.0,3299.0,0.118,55636.0,1
B0259,stable,9,14924.0,9262.0,3299.0,0.118,55636.0,1
B0259,stable,10,15079.0,9299.0,3299.0,0.118,55636.0,1
B0259,stable,11,14743.0,9561.0,3299.0,0.118,55636.0,1
B0259,stable,12,14388.0,9609.0,3299.0,0.118,55636.0,1
B0259,stable,13,14355.0,9317.0,3299.0,0.118,55636.0,1
B0259,stable,14,14379.0,9081.0,3299.0,0.118,55636.0,1
B0259,stable,15,14297.0,9332.0,3299.0,0.118,55636.0,1
B0259,stable,16,14199.0,9504.0,3299.0,0.118,55636.0,1
B0259,stable,17,14532.0,9364.0,3299.0,0.118,55636.0,1
B0259,stable,18,14878.0,9284.0,3299.0,0.118,55636.0,1
B0259,stable,19,14618.0,9373.0,3299.0,0.118,55636.0,1
B0259,stable,20,14839.0,9436.0,3299.0,0.118,55636.0,1
B0259,stable,21,15155.0,9484.0,3299.0,0.118,55636.0,1
B0259,stable,22,15303.0,9452.0,3299.0,0.118,55636.0,1
B0259,stable,23,15447.0,9672.0,3299.0,0.118,55636.0,1
B0259,stable,24,15414.0,9712.0,3299.0,0.118,55636.0,1
B0259,stable,25,15603.0,9393.0,3299.0,0.118,55636.0,1
B0259,stable,26,15689.0,9418.0,3299.0,0.118,55636.0,1
B0259,stable,27,15584.0,9528.0,3299.0,0.118,55636.0,1
B0259,stable,28,15374.0,9663.0,3299.0,0.118,55636.0,1
B0259,stable,29,15639.0,9424.0,3299.0,0.118,55636.0,1
B0259,stable,30,15855.0,9337.0,3299.0,0.118,55636.0,1
B0259,stable,31,15503.0,9314.0,3299.0,0.118,55636.0,1
B0259,stable,32,15263.0,9506.0,3299.0,0.118,55636.0,1
B0259,stable,33,15635.0,9587.0,3299.0,0.118,55636.0,1
B0260,stable,0,14388.0,7532.0,3294.0,0.235,48369.0,1
B0260,stable,1,14209.0,7777.0,3294.0,0.235,48369.0,1
B0260,stable,2,14223.0,7642.0,3294.0,0.235,48369.0,1
B0260,stable,3,14141.0,7318.0,3294.0,0.235,48369.0,1
B0260,stable,4,14159.0,7505.0,3294.0,0.235,48369.0,1
B0260,stable,5,14342.0,7711.0,3294.0,0.235,48369.0,1
B0260,stable,6,14221.0,7716.0,3294.0,0.235,48369.0,1
B0260,stable,7,14107.0,7548.0,3294.0,0.235,48369.0,1
B0260,stable,8,13943.0,7173.0,3294.0,0.235,48369.0,1
B0260,stable,9,13963.0,7102.0,3294.0,0.235,48369.0,1
B0260,stable,10,13949.0,7596.0,3294.0,0.235,48369.0,1
B0260,stable,11,13859.0,7840.0,3294.0,0.235,48369.0,1
B0260,stable,12,14087.0,7620.0,3294.0,0.235,48369.0,1
B0260,stable,13,14366.0,7410.0,3294.0,0.235,48369.0,1
B0260,stable,14,14809.0,7432.0,3294.0,0.235,48369.0,1
B0260,stable,15,14851.0,7300.0,3294.0,0.235,48369.0,1
B0260,stable,16,15124.0,7397.0,3294.0,0.235,48369.0,1
B0260,stable,17,15246.0,7608.0,3294.0,0.235,48369.0,1
B0260,stable,18,15101.0,7314.0,3294.0,0.235,48369.0,1
B0260,stable,19,15051.0,7630.0,3294.0,0.235,48369.0,1
B0260,stable,20,15041.0,7810.0,3294.0,0.235,48369.0,1
B0260,stable,21,15207.0,7535.0,3294.0,0.235,48369.0,1
B0260,stable,22,15295.0,7753.0,3294.0,0.235,48369.0,1
B0260,stable,23,15035.0,7527.0,3294.0,0.235,48369.0,1
B0260,stable,24,14919.0,7443.0,3294.0,0.235,48369.0,1
B0260,stable,25,15007.0,7801.0,3294.0,0.235,48369.0,1
B0260,stable,26,14646.0,7585.0,3294.0,0.235,48369.0,1
B0260,stable,27,14924.0,7576.0,3294.0,0.235,48369.0,1
B0260,stable,28,15054.0,7545.0,3294.0,0.235,48369.0,1
B0260,stable,29,14747.0,7524.0,3294.0,0.235,48369.0,1
B0260,stable,30,14525.0,7676.0,3294.0,0.235,48369.0,1
B0260,stable,31,14815.0,7715.0,3294.0,0.235,48369.0,1
B0260,stable,32,15269.0,7814.0,3294.0,0.235,48369.0,1
B0260,stable,33,15553.0,7407.0,3294.0,0.235,48369.0,1
B0260,stable,34,15583.0,7251.0,3294.0,0.235,48369.0,1
B0260,stable,35,15553.0,7226.0,3294.0,0.235,48369.0,1
B0260,stable,36,15491.0,7227.0,3294.0,0.235,48369.0,1
B0260,stable,37,15614.0,7232.0,3294.0,0.235,48369.0,1
B0260,stable,38,15964.0,7406.0,3294.0,0.235,48369.0,1
B0260,stable,39,16119.0,7443.0,3294.0,0.235,48369.0,1
B0260,stable,40,15821.0,7521.0,3294.0,0.235,48369.0,1
B0261,structural_decline,0,14392.0,7416.0,3383.0,0.159,66395.0,1
B0261,structural_decline,1,14456.0,7556.0,3383.0,0.159,66395.0,1
B0261,structural_decline,2,14537.0,7330.0,3383.0,0.159,66395.0,1
B0261,structural_decline,3,14623.0,7460.0,3383.0,0.159,66395.0,1
B0261,structural_decline,4,14604.0,7289.0,3383.0,0.159,66395.0,1
B0261,structural_decline,5,14618.0,7069.0,3383.0,0.159,66395.0,1
B0261,structural_decline,6,14715.0,7056.0,3383.0,0.159,66395.0,1
B0261,structural_decline,7,14757.0,7066.0,3383.0,0.159,66395.0,1
B0261,structural_decline,8,14728.0,7048.0,3383.0,0.159,66395.0,1
B0261,structural_decline,9,14490.0,7154.0,3383.0,0.159,66395.0,1
B0261,structural_decline,10,14211.0,7075.0,3383.0,0.159,66395.0,1
B0261,structural_decline,11,13961.0,6843.0,3383.0,0.159,66395.0,1
B0261,structural_decline,12,13886.0,6891.0,3383.0,0.159,66395.0,1
B0261,structural_decline,13,13570.0,6876.0,3383.0,0.159,66395.0,1
B0261,structural_decline,14,13436.0,7047.0,3383.0,0.159,66395.0,1
B0261,structural_decline,15,13322.0,7184.0,3383.0,0.159,66395.0,1
B0261,structural_decline,16,12869.0,7256.0,3383.0,0.159,66395.0,1
B0261,structural_decline,17,12382.0,7208.0,3383.0,0.159,66395.0,1
B0261,structural_decline,18,12150.0,7207.0,3383.0,0.159,66395.0,1
B0261,structural_decline,19,11940.0,6948.0,3383.0,0.159,66395.0,1
B0261,structural_decline,20,11644.0,6811.0,3383.0,0.159,66395.0,1
B0261,structural_decline,21,11269.0,7063.0,3383.0,0.159,66395.0,1
B0261,structural_decline,22,11176.0,7130.0,3383.0,0.159,66395.0,1
B0261,structural_decline,23,10879.0,7123.0,3383.0,0.159,66395.0,1
B0261,structural_decline,24,10717.0,7257.0,3383.0,0.159,66395.0,1
B0261,structural_decline,25,8821.0,6990.0,3383.0,0.159,66395.0,0
B0261,structural_decline,26,8698.0,6987.0,3383.0,0.159,66395.0,0
B0261,structural_decline,27,10290.0,6899.0,3383.0,0.159,66395.0,1
B0261,structural_decline,28,9881.0,6876.0,3383.0,0.159,66395.0,0
B0261,structural_decline,29,9679.0,7021.0,3383.0,0.159,66395.0,0
B0261,structural_decline,30,9512.0,7101.0,3383.0,0.159,66395.0,0
B0261,structural_decline,31,9339.0,7334.0,3383.0,0.159,66395.0,0
B0261,structural_decline,32,9015.0,7173.0,3383.0,0.159,66395.0,0
B0261,structural_decline,33,8874.0,7227.0,3383.0,0.159,66395.0,0
B0261,structural_decline,34,8542.0,7300.0,3383.0,0.159,66395.0,0
B0261,structural_decline,35,8176.0,7211.0,3383.0,0.159,66395.0,0
B0262,temporary_stress,0,14460.0,8416.0,3218.0,0.123,62997.0,1
B0262,temporary_stress,1,14569.0,8466.0,3218.0,0.123,62997.0,1
B0262,temporary_stress,2,14748.0,8801.0,3218.0,0.123,62997.0,1
B0262,temporary_stress,3,14711.0,8941.0,3218.0,0.123,62997.0,1
B0262,temporary_stress,4,14687.0,8665.0,3218.0,0.123,62997.0,1
B0262,temporary_stress,5,14636.0,8593.0,3218.0,0.123,62997.0,1
B0262,temporary_stress,6,14970.0,8550.0,3218.0,0.123,62997.0,1
B0262,temporary_stress,7,14805.0,8559.0,3218.0,0.123,62997.0,1
B0262,temporary_stress,8,14605.0,8960.0,3218.0,0.123,62997.0,1
B0262,temporary_stress,9,14633.0,8672.0,3218.0,0.123,62997.0,1
B0262,temporary_stress,10,14623.0,8369.0,3218.0,0.123,62997.0,1
B0262,temporary_stress,11,14330.0,8540.0,3218.0,0.123,62997.0,1
B0262,temporary_stress,12,7289.0,8735.0,3218.0,0.123,62997.0,0
B0262,temporary_stress,13,7329.0,8730.0,3218.0,0.123,62997.0,0
B0262,temporary_stress,14,7133.0,8948.0,3218.0,0.123,62997.0,0
B0262,temporary_stress,15,7317.0,8908.0,3218.0,0.123,62997.0,0
B0262,temporary_stress,16,8661.0,9306.0,3218.0,0.123,62997.0,0
B0262,temporary_stress,17,9639.0,9112.0,3218.0,0.123,62997.0,0
B0262,temporary_stress,18,10617.0,8956.0,3218.0,0.123,62997.0,0
B0262,temporary_stress,19,11854.0,9050.0,3218.0,0.123,62997.0,0
B0262,temporary_stress,20,12998.0,8974.0,3218.0,0.123,62997.0,1
B0262,temporary_stress,21,14083.0,8945.0,3218.0,0.123,62997.0,1
B0262,temporary_stress,22,14936.0,8886.0,3218.0,0.123,62997.0,1
B0262,temporary_stress,23,14632.0,9073.0,3218.0,0.123,62997.0,1
B0262,temporary_stress,24,14483.0,9077.0,3218.0,0.123,62997.0,1
B0262,temporary_stress,25,14422.0,8978.0,3218.0,0.123,62997.0,1
B0262,temporary_stress,26,14109.0,8749.0,3218.0,0.123,62997.0,1
B0262,temporary_stress,27,14073.0,8576.0,3218.0,0.123,62997.0,1
B0262,temporary_stress,28,14362.0,8351.0,3218.0,0.123,62997.0,1
B0262,temporary_stress,29,14253.0,8628.0,3218.0,0.123,62997.0,1
B0262,temporary_stress,30,14236.0,8677.0,3218.0,0.123,62997.0,1
B0262,temporary_stress,31,14563.0,8891.0,3218.0,0.123,62997.0,1
B0263,temporary_stress,0,20007.0,13127.0,3738.0,0.203,65775.0,1
B0263,temporary_stress,1,19921.0,12936.0,3738.0,0.203,65775.0,1
B0263,temporary_stress,2,19914.0,12646.0,3738.0,0.203,65775.0,1
B0263,temporary_stress,3,20161.0,12250.0,3738.0,0.203,65775.0,1
B0263,temporary_stress,4,20295.0,12258.0,3738.0,0.203,65775.0,1
B0263,temporary_stress,5,19702.0,12735.0,3738.0,0.203,65775.0,1
B0263,temporary_stress,6,19584.0,12354.0,3738.0,0.203,65775.0,1
B0263,temporary_stress,7,19506.0,12738.0,3738.0,0.203,65775.0,1
B0263,temporary_stress,8,19131.0,12434.0,3738.0,0.203,65775.0,1
B0263,temporary_stress,9,19041.0,12026.0,3738.0,0.203,65775.0,1
B0263,temporary_stress,10,18954.0,12689.0,3738.0,0.203,65775.0,1
B0263,temporary_stress,11,11705.0,13506.0,3738.0,0.203,65775.0,0
B0263,temporary_stress,12,11788.0,12908.0,3738.0,0.203,65775.0,0
B0263,temporary_stress,13,11983.0,12257.0,3738.0,0.203,65775.0,0
B0263,temporary_stress,14,12010.0,12040.0,3738.0,0.203,65775.0,0
B0263,temporary_stress,15,14335.0,12450.0,3738.0,0.203,65775.0,0
B0263,temporary_stress,16,16106.0,12502.0,3738.0,0.203,65775.0,0
B0263,temporary_stress,17,17959.0,12634.0,3738.0,0.203,65775.0,1
B0263,temporary_stress,18,19826.0,12429.0,3738.0,0.203,65775.0,1
B0263,temporary_stress,19,19885.0,12261.0,3738.0,0.203,65775.0,1
B0263,temporary_stress,20,20022.0,11439.0,3738.0,0.203,65775.0,1
B0263,temporary_stress,21,20088.0,11163.0,3738.0,0.203,65775.0,1
B0263,temporary_stress,22,19908.0,11497.0,3738.0,0.203,65775.0,1
B0263,temporary_stress,23,19834.0,12248.0,3738.0,0.203,65775.0,1
B0263,temporary_stress,24,19865.0,12272.0,3738.0,0.203,65775.0,1
B0263,temporary_stress,25,19954.0,11376.0,3738.0,0.203,65775.0,1
B0263,temporary_stress,26,19784.0,12345.0,3738.0,0.203,65775.0,1
B0263,temporary_stress,27,19130.0,12535.0,3738.0,0.203,65775.0,1
B0263,temporary_stress,28,19124.0,12120.0,3738.0,0.203,65775.0,1
B0263,temporary_stress,29,19449.0,12428.0,3738.0,0.203,65775.0,1
B0263,temporary_stress,30,19611.0,12725.0,3738.0,0.203,65775.0,1
B0263,temporary_stress,31,19651.0,11969.0,3738.0,0.203,65775.0,1
B0263,temporary_stress,32,19420.0,11744.0,3738.0,0.203,65775.0,1
B0263,temporary_stress,33,19582.0,12253.0,3738.0,0.203,65775.0,1
B0264,stable,0,11945.0,7754.0,2283.0,0.101,46644.0,1
B0264,stable,1,12069.0,7750.0,2283.0,0.101,46644.0,1
B0264,stable,2,12028.0,7423.0,2283.0,0.101,46644.0,1
B0264,stable,3,12094.0,7634.0,2283.0,0.101,46644.0,1
B0264,stable,4,12229.0,7824.0,2283.0,0.101,46644.0,1
B0264,stable,5,12184.0,7662.0,2283.0,0.101,46644.0,1
B0264,stable,6,12400.0,7769.0,2283.0,0.101,46644.0,1
B0264,stable,7,12455.0,7715.0,2283.0,0.101,46644.0,1
B0264,stable,8,12589.0,7739.0,2283.0,0.101,46644.0,1
B0264,stable,9,12806.0,7752.0,2283.0,0.101,46644.0,1
B0264,stable,10,12840.0,7596.0,2283.0,0.101,46644.0,1
B0264,stable,11,12734.0,7598.0,2283.0,0.101,46644.0,1
B0264,stable,12,12845.0,8037.0,2283.0,0.101,46644.0,1
B0264,stable,13,13078.0,8128.0,2283.0,0.101,46644.0,1
B0264,stable,14,13140.0,8043.0,2283.0,0.101,46644.0,1
B0264,stable,15,13218.0,7978.0,2283.0,0.101,46644.0,1
B0264,stable,16,13099.0,7954.0,2283.0,0.101,46644.0,1
B0264,stable,17,12911.0,7885.0,2283.0,0.101,46644.0,1
B0264,stable,18,12645.0,7997.0,2283.0,0.101,46644.0,1
B0264,stable,19,12444.0,8261.0,2283.0,0.101,46644.0,1
B0264,stable,20,12699.0,8163.0,2283.0,0.101,46644.0,1
B0264,stable,21,12752.0,7835.0,2283.0,0.101,46644.0,1
B0264,stable,22,12895.0,7731.0,2283.0,0.101,46644.0,1
B0264,stable,23,12945.0,7879.0,2283.0,0.101,46644.0,1
B0264,stable,24,12924.0,8264.0,2283.0,0.101,46644.0,1
B0264,stable,25,12947.0,8319.0,2283.0,0.101,46644.0,1
B0264,stable,26,13116.0,7941.0,2283.0,0.101,46644.0,1
B0264,stable,27,13125.0,7944.0,2283.0,0.101,46644.0,1
B0264,stable,28,12832.0,7727.0,2283.0,0.101,46644.0,1
B0264,stable,29,13221.0,7648.0,2283.0,0.101,46644.0,1
B0264,stable,30,13523.0,7807.0,2283.0,0.101,46644.0,1
B0264,stable,31,13641.0,8300.0,2283.0,0.101,46644.0,1
B0264,stable,32,13807.0,8285.0,2283.0,0.101,46644.0,1
B0264,stable,33,13659.0,7872.0,2283.0,0.101,46644.0,1
B0264,stable,34,13651.0,7666.0,2283.0,0.101,46644.0,1
B0264,stable,35,13580.0,7589.0,2283.0,0.101,46644.0,1
B0265,temporary_stress,0,17847.0,12718.0,3690.0,0.158,88793.0,1
B0265,temporary_stress,1,17760.0,12318.0,3690.0,0.158,88793.0,1
B0265,temporary_stress,2,17717.0,12486.0,3690.0,0.158,88793.0,1
B0265,temporary_stress,3,17917.0,12866.0,3690.0,0.158,88793.0,1
B0265,temporary_stress,4,18286.0,12502.0,3690.0,0.158,88793.0,1
B0265,temporary_stress,5,18042.0,12416.0,3690.0,0.158,88793.0,1
B0265,temporary_stress,6,17729.0,12329.0,3690.0,0.158,88793.0,1
B0265,temporary_stress,7,17432.0,12530.0,3690.0,0.158,88793.0,1
B0265,temporary_stress,8,17614.0,12758.0,3690.0,0.158,88793.0,1
B0265,temporary_stress,9,17552.0,12120.0,3690.0,0.158,88793.0,1
B0265,temporary_stress,10,7448.0,11936.0,3690.0,0.158,88793.0,0
B0265,temporary_stress,11,7585.0,11957.0,3690.0,0.158,88793.0,0
B0265,temporary_stress,12,7486.0,12227.0,3690.0,0.158,88793.0,0
B0265,temporary_stress,13,7931.0,12246.0,3690.0,0.158,88793.0,0
B0265,temporary_stress,14,9729.0,11855.0,3690.0,0.158,88793.0,0
B0265,temporary_stress,15,11732.0,11817.0,3690.0,0.158,88793.0,0
B0265,temporary_stress,16,13833.0,12090.0,3690.0,0.158,88793.0,0
B0265,temporary_stress,17,15969.0,12176.0,3690.0,0.158,88793.0,1
B0265,temporary_stress,18,18052.0,11881.0,3690.0,0.158,88793.0,1
B0265,temporary_stress,19,18011.0,11837.0,3690.0,0.158,88793.0,1
B0265,temporary_stress,20,18035.0,11725.0,3690.0,0.158,88793.0,1
B0265,temporary_stress,21,18126.0,11644.0,3690.0,0.158,88793.0,1
B0265,temporary_stress,22,18059.0,11797.0,3690.0,0.158,88793.0,1
B0265,temporary_stress,23,17884.0,11685.0,3690.0,0.158,88793.0,1
B0265,temporary_stress,24,17887.0,12053.0,3690.0,0.158,88793.0,1
B0265,temporary_stress,25,17678.0,12287.0,3690.0,0.158,88793.0,1
B0265,temporary_stress,26,17361.0,12473.0,3690.0,0.158,88793.0,1
B0265,temporary_stress,27,17263.0,12379.0,3690.0,0.158,88793.0,1
B0265,temporary_stress,28,17342.0,12170.0,3690.0,0.158,88793.0,1
B0265,temporary_stress,29,17198.0,12245.0,3690.0,0.158,88793.0,1
B0265,temporary_stress,30,17368.0,12206.0,3690.0,0.158,88793.0,1
B0266,stable,0,10938.0,5941.0,1706.0,0.185,52496.0,1
B0266,stable,1,11235.0,6101.0,1706.0,0.185,52496.0,1
B0266,stable,2,11385.0,6161.0,1706.0,0.185,52496.0,1
B0266,stable,3,11447.0,6016.0,1706.0,0.185,52496.0,1
B0266,stable,4,11359.0,5943.0,1706.0,0.185,52496.0,1
B0266,stable,5,11391.0,5846.0,1706.0,0.185,52496.0,1
B0266,stable,6,11475.0,5773.0,1706.0,0.185,52496.0,1
B0266,stable,7,11683.0,5946.0,1706.0,0.185,52496.0,1
B0266,stable,8,11736.0,5961.0,1706.0,0.185,52496.0,1
B0266,stable,9,11723.0,5638.0,1706.0,0.185,52496.0,1
B0266,stable,10,11699.0,5601.0,1706.0,0.185,52496.0,1
B0266,stable,11,11605.0,5859.0,1706.0,0.185,52496.0,1
B0266,stable,12,11435.0,5809.0,1706.0,0.185,52496.0,1
B0266,stable,13,11251.0,5877.0,1706.0,0.185,52496.0,1
B0266,stable,14,11411.0,5877.0,1706.0,0.185,52496.0,1
B0266,stable,15,11412.0,5684.0,1706.0,0.185,52496.0,1
B0266,stable,16,11241.0,5724.0,1706.0,0.185,52496.0,1
B0266,stable,17,11308.0,5914.0,1706.0,0.185,52496.0,1
B0266,stable,18,11147.0,6012.0,1706.0,0.185,52496.0,1
B0266,stable,19,11076.0,5980.0,1706.0,0.185,52496.0,1
B0266,stable,20,11044.0,5810.0,1706.0,0.185,52496.0,1
B0266,stable,21,11215.0,5942.0,1706.0,0.185,52496.0,1
B0266,stable,22,11346.0,6018.0,1706.0,0.185,52496.0,1
B0266,stable,23,11599.0,6063.0,1706.0,0.185,52496.0,1
B0266,stable,24,11741.0,6066.0,1706.0,0.185,52496.0,1
B0266,stable,25,11785.0,6072.0,1706.0,0.185,52496.0,1
B0266,stable,26,11818.0,6165.0,1706.0,0.185,52496.0,1
B0266,stable,27,11927.0,6198.0,1706.0,0.185,52496.0,1
B0266,stable,28,11998.0,6271.0,1706.0,0.185,52496.0,1
B0266,stable,29,11899.0,6002.0,1706.0,0.185,52496.0,1
B0266,stable,30,11962.0,5847.0,1706.0,0.185,52496.0,1
B0266,stable,31,11853.0,5973.0,1706.0,0.185,52496.0,1
B0266,stable,32,11690.0,5935.0,1706.0,0.185,52496.0,1
B0266,stable,33,11698.0,5879.0,1706.0,0.185,52496.0,1
B0267,temporary_stress,0,16302.0,11212.0,1823.0,0.163,69788.0,1
B0267,temporary_stress,1,16419.0,10901.0,1823.0,0.163,69788.0,1
B0267,temporary_stress,2,16635.0,10585.0,1823.0,0.163,69788.0,1
B0267,temporary_stress,3,16742.0,10514.0,1823.0,0.163,69788.0,1
B0267,temporary_stress,4,16685.0,10520.0,1823.0,0.163,69788.0,1
B0267,temporary_stress,5,16460.0,10758.0,1823.0,0.163,69788.0,1
B0267,temporary_stress,6,16270.0,11154.0,1823.0,0.163,69788.0,1
B0267,temporary_stress,7,16423.0,11581.0,1823.0,0.163,69788.0,1
B0267,temporary_stress,8,16487.0,11013.0,1823.0,0.163,69788.0,1
B0267,temporary_stress,9,16335.0,10685.0,1823.0,0.163,69788.0,1
B0267,temporary_stress,10,7792.0,10606.0,1823.0,0.163,69788.0,0
B0267,temporary_stress,11,7793.0,10777.0,1823.0,0.163,69788.0,0
B0267,temporary_stress,12,7793.0,10865.0,1823.0,0.163,69788.0,0
B0267,temporary_stress,13,7727.0,11136.0,1823.0,0.163,69788.0,0
B0267,temporary_stress,14,9225.0,11105.0,1823.0,0.163,69788.0,0
B0267,temporary_stress,15,10489.0,10758.0,1823.0,0.163,69788.0,0
B0267,temporary_stress,16,11329.0,10746.0,1823.0,0.163,69788.0,0
B0267,temporary_stress,17,12563.0,11028.0,1823.0,0.163,69788.0,0
B0267,temporary_stress,18,13669.0,11077.0,1823.0,0.163,69788.0,1
B0267,temporary_stress,19,14892.0,10617.0,1823.0,0.163,69788.0,1
B0267,temporary_stress,20,15982.0,10841.0,1823.0,0.163,69788.0,1
B0267,temporary_stress,21,16937.0,10618.0,1823.0,0.163,69788.0,1
B0267,temporary_stress,22,16491.0,10527.0,1823.0,0.163,69788.0,1
B0267,temporary_stress,23,16156.0,10499.0,1823.0,0.163,69788.0,1
B0267,temporary_stress,24,16133.0,11031.0,1823.0,0.163,69788.0,1
B0267,temporary_stress,25,16192.0,11163.0,1823.0,0.163,69788.0,1
B0267,temporary_stress,26,16171.0,10973.0,1823.0,0.163,69788.0,1
B0267,temporary_stress,27,16316.0,11183.0,1823.0,0.163,69788.0,1
B0267,temporary_stress,28,16268.0,10961.0,1823.0,0.163,69788.0,1
B0267,temporary_stress,29,16090.0,10747.0,1823.0,0.163,69788.0,1
B0267,temporary_stress,30,16073.0,10535.0,1823.0,0.163,69788.0,1
B0267,temporary_stress,31,16042.0,10514.0,1823.0,0.163,69788.0,1
B0267,temporary_stress,32,16451.0,10579.0,1823.0,0.163,69788.0,1
B0267,temporary_stress,33,16683.0,10819.0,1823.0,0.163,69788.0,1
B0267,temporary_stress,34,16761.0,11109.0,1823.0,0.163,69788.0,1
B0268,structural_decline,0,16861.0,11318.0,3147.0,0.189,71887.0,1
B0268,structural_decline,1,16869.0,11714.0,3147.0,0.189,71887.0,1
B0268,structural_decline,2,16609.0,11535.0,3147.0,0.189,71887.0,1
B0268,structural_decline,3,16532.0,10980.0,3147.0,0.189,71887.0,1
B0268,structural_decline,4,16595.0,11176.0,3147.0,0.189,71887.0,1
B0268,structural_decline,5,16604.0,11547.0,3147.0,0.189,71887.0,1
B0268,structural_decline,6,16771.0,11164.0,3147.0,0.189,71887.0,1
B0268,structural_decline,7,16829.0,11047.0,3147.0,0.189,71887.0,1
B0268,structural_decline,8,16737.0,10923.0,3147.0,0.189,71887.0,1
B0268,structural_decline,9,16576.0,11259.0,3147.0,0.189,71887.0,1
B0268,structural_decline,10,16599.0,11450.0,3147.0,0.189,71887.0,1
B0268,structural_decline,11,16645.0,11534.0,3147.0,0.189,71887.0,1
B0268,structural_decline,12,16646.0,11270.0,3147.0,0.189,71887.0,1
B0268,structural_decline,13,16645.0,10720.0,3147.0,0.189,71887.0,1
B0268,structural_decline,14,16520.0,10708.0,3147.0,0.189,71887.0,1
B0268,structural_decline,15,16546.0,10952.0,3147.0,0.189,71887.0,1
B0268,structural_decline,16,16540.0,10972.0,3147.0,0.189,71887.0,1
B0268,structural_decline,17,16579.0,10898.0,3147.0,0.189,71887.0,1
B0268,structural_decline,18,16861.0,10870.0,3147.0,0.189,71887.0,1
B0268,structural_decline,19,17044.0,11250.0,3147.0,0.189,71887.0,1
B0268,structural_decline,20,16978.0,11334.0,3147.0,0.189,71887.0,1
B0268,structural_decline,21,16286.0,10859.0,3147.0,0.189,71887.0,1
B0268,structural_decline,22,15649.0,10905.0,3147.0,0.189,71887.0,1
B0268,structural_decline,23,15348.0,11184.0,3147.0,0.189,71887.0,1
B0268,structural_decline,24,15194.0,11374.0,3147.0,0.189,71887.0,1
B0268,structural_decline,25,14878.0,11360.0,3147.0,0.189,71887.0,1
B0268,structural_decline,26,14612.0,11307.0,3147.0,0.189,71887.0,1
B0268,structural_decline,27,14538.0,11086.0,3147.0,0.189,71887.0,1
B0268,structural_decline,28,13947.0,11159.0,3147.0,0.189,71887.0,0
B0268,structural_decline,29,13580.0,11556.0,3147.0,0.189,71887.0,0
B0268,structural_decline,30,13609.0,11918.0,3147.0,0.189,71887.0,0
B0268,structural_decline,31,13279.0,12190.0,3147.0,0.189,71887.0,0
B0268,structural_decline,32,13034.0,11897.0,3147.0,0.189,71887.0,0
B0268,structural_decline,33,12742.0,11506.0,3147.0,0.189,71887.0,0
B0268,structural_decline,34,12448.0,11290.0,3147.0,0.189,71887.0,0
B0268,structural_decline,35,11985.0,11260.0,3147.0,0.189,71887.0,0
B0268,structural_decline,36,11853.0,11088.0,3147.0,0.189,71887.0,0
B0268,structural_decline,37,11735.0,11233.0,3147.0,0.189,71887.0,0
B0268,structural_decline,38,11514.0,11512.0,3147.0,0.189,71887.0,0
B0268,structural_decline,39,11221.0,11414.0,3147.0,0.189,71887.0,0
B0268,structural_decline,40,11118.0,11224.0,3147.0,0.189,71887.0,0
B0268,structural_decline,41,10993.0,10678.0,3147.0,0.189,71887.0,0
B0269,temporary_stress,0,11704.0,7876.0,1494.0,0.087,31078.0,1
B0269,temporary_stress,1,11775.0,7879.0,1494.0,0.087,31078.0,1
B0269,temporary_stress,2,11657.0,7969.0,1494.0,0.087,31078.0,1
B0269,temporary_stress,3,11542.0,8150.0,1494.0,0.087,31078.0,1
B0269,temporary_stress,4,11809.0,8235.0,1494.0,0.087,31078.0,1
B0269,temporary_stress,5,12156.0,7963.0,1494.0,0.087,31078.0,1
B0269,temporary_stress,6,11997.0,7861.0,1494.0,0.087,31078.0,1
B0269,temporary_stress,7,12231.0,7962.0,1494.0,0.087,31078.0,1
B0269,temporary_stress,8,12395.0,8091.0,1494.0,0.087,31078.0,1
B0269,temporary_stress,9,12214.0,8050.0,1494.0,0.087,31078.0,1
B0269,temporary_stress,10,12067.0,7794.0,1494.0,0.087,31078.0,1
B0269,temporary_stress,11,11858.0,7797.0,1494.0,0.087,31078.0,1
B0269,temporary_stress,12,11847.0,7872.0,1494.0,0.087,31078.0,1
B0269,temporary_stress,13,11840.0,8098.0,1494.0,0.087,31078.0,1
B0269,temporary_stress,14,11874.0,8072.0,1494.0,0.087,31078.0,1
B0269,temporary_stress,15,11701.0,7957.0,1494.0,0.087,31078.0,1
B0269,temporary_stress,16,11606.0,7725.0,1494.0,0.087,31078.0,1
B0269,temporary_stress,17,11756.0,7616.0,1494.0,0.087,31078.0,1
B0269,temporary_stress,18,11876.0,7717.0,1494.0,0.087,31078.0,1
B0269,temporary_stress,19,12016.0,7903.0,1494.0,0.087,31078.0,1
B0269,temporary_stress,20,12089.0,8205.0,1494.0,0.087,31078.0,1
B0269,temporary_stress,21,12122.0,8071.0,1494.0,0.087,31078.0,1
B0269,temporary_stress,22,12218.0,8072.0,1494.0,0.087,31078.0,1
B0269,temporary_stress,23,5964.0,8051.0,1494.0,0.087,31078.0,0
B0269,temporary_stress,24,5886.0,8100.0,1494.0,0.087,31078.0,0
B0269,temporary_stress,25,5906.0,8177.0,1494.0,0.087,31078.0,0
B0269,temporary_stress,26,5878.0,8047.0,1494.0,0.087,31078.0,0
B0269,temporary_stress,27,5816.0,7907.0,1494.0,0.087,31078.0,0
B0269,temporary_stress,28,5766.0,8255.0,1494.0,0.087,31078.0,0
B0269,temporary_stress,29,6532.0,8154.0,1494.0,0.087,31078.0,0
B0269,temporary_stress,30,7309.0,7858.0,1494.0,0.087,31078.0,0
B0269,temporary_stress,31,8224.0,7774.0,1494.0,0.087,31078.0,0
B0269,temporary_stress,32,9081.0,7882.0,1494.0,0.087,31078.0,0
B0269,temporary_stress,33,9959.0,8009.0,1494.0,0.087,31078.0,1
B0269,temporary_stress,34,10960.0,8251.0,1494.0,0.087,31078.0,1
B0269,temporary_stress,35,11929.0,8220.0,1494.0,0.087,31078.0,1
B0269,temporary_stress,36,11974.0,8071.0,1494.0,0.087,31078.0,1
B0269,temporary_stress,37,11898.0,8020.0,1494.0,0.087,31078.0,1
B0269,temporary_stress,38,11816.0,7683.0,1494.0,0.087,31078.0,1
B0269,temporary_stress,39,11756.0,7604.0,1494.0,0.087,31078.0,1
B0269,temporary_stress,40,11834.0,7845.0,1494.0,0.087,31078.0,1
B0270,temporary_stress,0,16197.0,12681.0,3414.0,0.223,70801.0,1
B0270,temporary_stress,1,16261.0,12088.0,3414.0,0.223,70801.0,1
B0270,temporary_stress,2,16245.0,12161.0,3414.0,0.223,70801.0,1
B0270,temporary_stress,3,16063.0,12293.0,3414.0,0.223,70801.0,1
B0270,temporary_stress,4,16280.0,12215.0,3414.0,0.223,70801.0,1
B0270,temporary_stress,5,16192.0,12213.0,3414.0,0.223,70801.0,1
B0270,temporary_stress,6,16019.0,11747.0,3414.0,0.223,70801.0,1
B0270,temporary_stress,7,15960.0,11820.0,3414.0,0.223,70801.0,1
B0270,temporary_stress,8,15876.0,12168.0,3414.0,0.223,70801.0,1
B0270,temporary_stress,9,15417.0,11873.0,3414.0,0.223,70801.0,1
B0270,temporary_stress,10,9895.0,11559.0,3414.0,0.223,70801.0,0
B0270,temporary_stress,11,10111.0,11749.0,3414.0,0.223,70801.0,0
B0270,temporary_stress,12,10045.0,11338.0,3414.0,0.223,70801.0,0
B0270,temporary_stress,13,11296.0,11260.0,3414.0,0.223,70801.0,0
B0270,temporary_stress,14,12454.0,11713.0,3414.0,0.223,70801.0,0
B0270,temporary_stress,15,13378.0,11923.0,3414.0,0.223,70801.0,0
B0270,temporary_stress,16,14221.0,11997.0,3414.0,0.223,70801.0,0
B0270,temporary_stress,17,15220.0,12049.0,3414.0,0.223,70801.0,0
B0270,temporary_stress,18,16247.0,12113.0,3414.0,0.223,70801.0,1
B0270,temporary_stress,19,16313.0,12219.0,3414.0,0.223,70801.0,1
B0270,temporary_stress,20,16324.0,11985.0,3414.0,0.223,70801.0,1
B0270,temporary_stress,21,16217.0,11770.0,3414.0,0.223,70801.0,1
B0270,temporary_stress,22,16002.0,11826.0,3414.0,0.223,70801.0,1
B0270,temporary_stress,23,16211.0,11520.0,3414.0,0.223,70801.0,1
B0270,temporary_stress,24,16225.0,11268.0,3414.0,0.223,70801.0,1
B0270,temporary_stress,25,15888.0,11820.0,3414.0,0.223,70801.0,1
B0270,temporary_stress,26,15653.0,12340.0,3414.0,0.223,70801.0,0
B0270,temporary_stress,27,15683.0,11954.0,3414.0,0.223,70801.0,1
B0270,temporary_stress,28,15650.0,11901.0,3414.0,0.223,70801.0,1
B0270,temporary_stress,29,15893.0,12126.0,3414.0,0.223,70801.0,1
B0270,temporary_stress,30,15969.0,12390.0,3414.0,0.223,70801.0,1
B0270,temporary_stress,31,16100.0,12634.0,3414.0,0.223,70801.0,1
B0270,temporary_stress,32,15995.0,12804.0,3414.0,0.223,70801.0,0
B0271,temporary_stress,0,12013.0,7470.0,1792.0,0.094,61244.0,1
B0271,temporary_stress,1,12024.0,7538.0,1792.0,0.094,61244.0,1
B0271,temporary_stress,2,11914.0,7398.0,1792.0,0.094,61244.0,1
B0271,temporary_stress,3,11866.0,7416.0,1792.0,0.094,61244.0,1
B0271,temporary_stress,4,11747.0,7667.0,1792.0,0.094,61244.0,1
B0271,temporary_stress,5,11603.0,7718.0,1792.0,0.094,61244.0,1
B0271,temporary_stress,6,11421.0,7516.0,1792.0,0.094,61244.0,1
B0271,temporary_stress,7,11520.0,7521.0,1792.0,0.094,61244.0,1
B0271,temporary_stress,8,11610.0,7790.0,1792.0,0.094,61244.0,1
B0271,temporary_stress,9,11447.0,7848.0,1792.0,0.094,61244.0,1
B0271,temporary_stress,10,11430.0,7550.0,1792.0,0.094,61244.0,1
B0271,temporary_stress,11,11748.0,7794.0,1792.0,0.094,61244.0,1
B0271,temporary_stress,12,5835.0,7903.0,1792.0,0.094,61244.0,0
B0271,temporary_stress,13,5896.0,7929.0,1792.0,0.094,61244.0,0
B0271,temporary_stress,14,5948.0,8025.0,1792.0,0.094,61244.0,0
B0271,temporary_stress,15,5919.0,8192.0,1792.0,0.094,61244.0,0
B0271,temporary_stress,16,6950.0,8238.0,1792.0,0.094,61244.0,0
B0271,temporary_stress,17,7980.0,8198.0,1792.0,0.094,61244.0,0
B0271,temporary_stress,18,8911.0,7980.0,1792.0,0.094,61244.0,0
B0271,temporary_stress,19,9811.0,7731.0,1792.0,0.094,61244.0,1
B0271,temporary_stress,20,10728.0,7743.0,1792.0,0.094,61244.0,1
B0271,temporary_stress,21,11535.0,8021.0,1792.0,0.094,61244.0,1
B0271,temporary_stress,22,11687.0,8157.0,1792.0,0.094,61244.0,1
B0271,temporary_stress,23,11785.0,8183.0,1792.0,0.094,61244.0,1
B0271,temporary_stress,24,11730.0,7916.0,1792.0,0.094,61244.0,1
B0271,temporary_stress,25,11850.0,7799.0,1792.0,0.094,61244.0,1
B0271,temporary_stress,26,11632.0,7629.0,1792.0,0.094,61244.0,1
B0271,temporary_stress,27,11729.0,7908.0,1792.0,0.094,61244.0,1
B0271,temporary_stress,28,11998.0,7897.0,1792.0,0.094,61244.0,1
B0271,temporary_stress,29,12039.0,7709.0,1792.0,0.094,61244.0,1
B0271,temporary_stress,30,11904.0,7847.0,1792.0,0.094,61244.0,1
B0271,temporary_stress,31,11955.0,8016.0,1792.0,0.094,61244.0,1
B0271,temporary_stress,32,12024.0,8040.0,1792.0,0.094,61244.0,1
B0271,temporary_stress,33,11655.0,7804.0,1792.0,0.094,61244.0,1
B0272,stable,0,12368.0,5905.0,2443.0,0.234,50345.0,1
B0272,stable,1,12322.0,5834.0,2443.0,0.234,50345.0,1
B0272,stable,2,12530.0,5957.0,2443.0,0.234,50345.0,1
B0272,stable,3,12528.0,5974.0,2443.0,0.234,50345.0,1
B0272,stable,4,12610.0,6096.0,2443.0,0.234,50345.0,1
B0272,stable,5,12619.0,6186.0,2443.0,0.234,50345.0,1
B0272,stable,6,12785.0,6278.0,2443.0,0.234,50345.0,1
B0272,stable,7,13167.0,6113.0,2443.0,0.234,50345.0,1
B0272,stable,8,13283.0,6069.0,2443.0,0.234,50345.0,1
B0272,stable,9,13249.0,6110.0,2443.0,0.234,50345.0,1
B0272,stable,10,12970.0,6294.0,2443.0,0.234,50345.0,1
B0272,stable,11,13005.0,6345.0,2443.0,0.234,50345.0,1
B0272,stable,12,13354.0,6183.0,2443.0,0.234,50345.0,1
B0272,stable,13,13375.0,6040.0,2443.0,0.234,50345.0,1
B0272,stable,14,13269.0,6111.0,2443.0,0.234,50345.0,1
B0272,stable,15,12916.0,5821.0,2443.0,0.234,50345.0,1
B0272,stable,16,12725.0,5780.0,2443.0,0.234,50345.0,1
B0272,stable,17,12885.0,5780.0,2443.0,0.234,50345.0,1
B0272,stable,18,12846.0,5824.0,2443.0,0.234,50345.0,1
B0272,stable,19,12785.0,5904.0,2443.0,0.234,50345.0,1
B0272,stable,20,12722.0,6088.0,2443.0,0.234,50345.0,1
B0272,stable,21,12861.0,6172.0,2443.0,0.234,50345.0,1
B0272,stable,22,13177.0,6069.0,2443.0,0.234,50345.0,1
B0272,stable,23,13041.0,5958.0,2443.0,0.234,50345.0,1
B0272,stable,24,13001.0,6069.0,2443.0,0.234,50345.0,1
B0272,stable,25,13327.0,6193.0,2443.0,0.234,50345.0,1
B0272,stable,26,13565.0,6084.0,2443.0,0.234,50345.0,1
B0272,stable,27,13735.0,5873.0,2443.0,0.234,50345.0,1
B0272,stable,28,14043.0,5911.0,2443.0,0.234,50345.0,1
B0272,stable,29,14162.0,6027.0,2443.0,0.234,50345.0,1
B0272,stable,30,14098.0,6158.0,2443.0,0.234,50345.0,1
B0272,stable,31,14024.0,6079.0,2443.0,0.234,50345.0,1
B0272,stable,32,13770.0,5956.0,2443.0,0.234,50345.0,1
B0272,stable,33,13329.0,5985.0,2443.0,0.234,50345.0,1
B0272,stable,34,13379.0,6325.0,2443.0,0.234,50345.0,1
B0272,stable,35,13601.0,6422.0,2443.0,0.234,50345.0,1
B0273,temporary_stress,0,13783.0,9794.0,3028.0,0.188,52816.0,1
B0273,temporary_stress,1,13758.0,10149.0,3028.0,0.188,52816.0,1
B0273,temporary_stress,2,13890.0,10112.0,3028.0,0.188,52816.0,1
B0273,temporary_stress,3,13958.0,9877.0,3028.0,0.188,52816.0,1
B0273,temporary_stress,4,13703.0,9920.0,3028.0,0.188,52816.0,1
B0273,temporary_stress,5,13597.0,10049.0,3028.0,0.188,52816.0,1
B0273,temporary_stress,6,13315.0,10008.0,3028.0,0.188,52816.0,1
B0273,temporary_stress,7,13271.0,9838.0,3028.0,0.188,52816.0,1
B0273,temporary_stress,8,13343.0,9901.0,3028.0,0.188,52816.0,1
B0273,temporary_stress,9,13609.0,10132.0,3028.0,0.188,52816.0,1
B0273,temporary_stress,10,13686.0,10165.0,3028.0,0.188,52816.0,1
B0273,temporary_stress,11,13633.0,10084.0,3028.0,0.188,52816.0,1
B0273,temporary_stress,12,13423.0,10040.0,3028.0,0.188,52816.0,1
B0273,temporary_stress,13,13350.0,10454.0,3028.0,0.188,52816.0,0
B0273,temporary_stress,14,13705.0,10509.0,3028.0,0.188,52816.0,1
B0273,temporary_stress,15,8569.0,10543.0,3028.0,0.188,52816.0,0
B0273,temporary_stress,16,8536.0,10584.0,3028.0,0.188,52816.0,0
B0273,temporary_stress,17,8559.0,10386.0,3028.0,0.188,52816.0,0
B0273,temporary_stress,18,8422.0,10501.0,3028.0,0.188,52816.0,0
B0273,temporary_stress,19,8327.0,10224.0,3028.0,0.188,52816.0,0
B0273,temporary_stress,20,9776.0,10071.0,3028.0,0.188,52816.0,0
B0273,temporary_stress,21,10246.0,10290.0,3028.0,0.188,52816.0,0
B0273,temporary_stress,22,10696.0,10370.0,3028.0,0.188,52816.0,0
B0273,temporary_stress,23,11319.0,10176.0,3028.0,0.188,52816.0,0
B0273,temporary_stress,24,11717.0,10100.0,3028.0,0.188,52816.0,0
B0273,temporary_stress,25,12174.0,10134.0,3028.0,0.188,52816.0,0
B0273,temporary_stress,26,12716.0,10487.0,3028.0,0.188,52816.0,0
B0273,temporary_stress,27,13444.0,10621.0,3028.0,0.188,52816.0,0
B0273,temporary_stress,28,13881.0,10366.0,3028.0,0.188,52816.0,1
B0273,temporary_stress,29,14126.0,10046.0,3028.0,0.188,52816.0,1
B0273,temporary_stress,30,14038.0,9684.0,3028.0,0.188,52816.0,1
B0273,temporary_stress,31,13922.0,9917.0,3028.0,0.188,52816.0,1
B0273,temporary_stress,32,13806.0,9561.0,3028.0,0.188,52816.0,1
B0273,temporary_stress,33,13910.0,9610.0,3028.0,0.188,52816.0,1
B0273,temporary_stress,34,14230.0,9842.0,3028.0,0.188,52816.0,1
B0273,temporary_stress,35,13955.0,10129.0,3028.0,0.188,52816.0,1
B0273,temporary_stress,36,13848.0,10062.0,3028.0,0.188,52816.0,1
B0273,temporary_stress,37,13559.0,10064.0,3028.0,0.188,52816.0,1
B0273,temporary_stress,38,13124.0,10529.0,3028.0,0.188,52816.0,0
B0274,structural_decline,0,13746.0,9733.0,3235.0,0.18,69989.0,1
B0274,structural_decline,1,13720.0,9861.0,3235.0,0.18,69989.0,1
B0274,structural_decline,2,13501.0,9890.0,3235.0,0.18,69989.0,1
B0274,structural_decline,3,13514.0,9950.0,3235.0,0.18,69989.0,1
B0274,structural_decline,4,13638.0,10015.0,3235.0,0.18,69989.0,1
B0274,structural_decline,5,13723.0,9788.0,3235.0,0.18,69989.0,1
B0274,structural_decline,6,13681.0,9528.0,3235.0,0.18,69989.0,1
B0274,structural_decline,7,13579.0,9586.0,3235.0,0.18,69989.0,1
B0274,structural_decline,8,13836.0,9712.0,3235.0,0.18,69989.0,1
B0274,structural_decline,9,13735.0,9817.0,3235.0,0.18,69989.0,1
B0274,structural_decline,10,13749.0,9829.0,3235.0,0.18,69989.0,1
B0274,structural_decline,11,13976.0,10027.0,3235.0,0.18,69989.0,1
B0274,structural_decline,12,13711.0,10018.0,3235.0,0.18,69989.0,1
B0274,structural_decline,13,13622.0,9917.0,3235.0,0.18,69989.0,1
B0274,structural_decline,14,13749.0,9794.0,3235.0,0.18,69989.0,1
B0274,structural_decline,15,13594.0,9591.0,3235.0,0.18,69989.0,1
B0274,structural_decline,16,13351.0,9268.0,3235.0,0.18,69989.0,1
B0274,structural_decline,17,13044.0,9687.0,3235.0,0.18,69989.0,1
B0274,structural_decline,18,12644.0,9724.0,3235.0,0.18,69989.0,0
B0274,structural_decline,19,12515.0,9879.0,3235.0,0.18,69989.0,0
B0274,structural_decline,20,12105.0,9997.0,3235.0,0.18,69989.0,0
B0274,structural_decline,21,11794.0,9843.0,3235.0,0.18,69989.0,0
B0274,structural_decline,22,11561.0,9741.0,3235.0,0.18,69989.0,0
B0274,structural_decline,23,11422.0,9850.0,3235.0,0.18,69989.0,0
B0274,structural_decline,24,11483.0,9810.0,3235.0,0.18,69989.0,0
B0274,structural_decline,25,10865.0,9758.0,3235.0,0.18,69989.0,0
B0274,structural_decline,26,10511.0,9829.0,3235.0,0.18,69989.0,0
B0274,structural_decline,27,10379.0,9859.0,3235.0,0.18,69989.0,0
B0274,structural_decline,28,10113.0,10138.0,3235.0,0.18,69989.0,0
B0274,structural_decline,29,9735.0,9629.0,3235.0,0.18,69989.0,0
B0274,structural_decline,30,9550.0,9712.0,3235.0,0.18,69989.0,0
B0274,structural_decline,31,9402.0,9574.0,3235.0,0.18,69989.0,0
B0274,structural_decline,32,9177.0,9698.0,3235.0,0.18,69989.0,0
B0275,structural_decline,0,17928.0,12470.0,3705.0,0.224,53518.0,1
B0275,structural_decline,1,18020.0,13385.0,3705.0,0.224,53518.0,1
B0275,structural_decline,2,18043.0,13540.0,3705.0,0.224,53518.0,1
B0275,structural_decline,3,18344.0,13340.0,3705.0,0.224,53518.0,1
B0275,structural_decline,4,18406.0,12877.0,3705.0,0.224,53518.0,1
B0275,structural_decline,5,18421.0,12823.0,3705.0,0.224,53518.0,1
B0275,structural_decline,6,18198.0,12788.0,3705.0,0.224,53518.0,1
B0275,structural_decline,7,17988.0,12832.0,3705.0,0.224,53518.0,1
B0275,structural_decline,8,18222.0,13145.0,3705.0,0.224,53518.0,1
B0275,structural_decline,9,18326.0,13197.0,3705.0,0.224,53518.0,1
B0275,structural_decline,10,18297.0,12909.0,3705.0,0.224,53518.0,1
B0275,structural_decline,11,18387.0,12775.0,3705.0,0.224,53518.0,1
B0275,structural_decline,12,18316.0,12752.0,3705.0,0.224,53518.0,1
B0275,structural_decline,13,18182.0,13268.0,3705.0,0.224,53518.0,1
B0275,structural_decline,14,18350.0,13425.0,3705.0,0.224,53518.0,1
B0275,structural_decline,15,18537.0,13306.0,3705.0,0.224,53518.0,1
B0275,structural_decline,16,18523.0,13226.0,3705.0,0.224,53518.0,1
B0275,structural_decline,17,18377.0,13069.0,3705.0,0.224,53518.0,1
B0275,structural_decline,18,18193.0,13291.0,3705.0,0.224,53518.0,1
B0275,structural_decline,19,17752.0,13390.0,3705.0,0.224,53518.0,1
B0275,structural_decline,20,17754.0,12950.0,3705.0,0.224,53518.0,1
B0275,structural_decline,21,18056.0,12718.0,3705.0,0.224,53518.0,1
B0275,structural_decline,22,18363.0,13458.0,3705.0,0.224,53518.0,1
B0275,structural_decline,23,18400.0,13673.0,3705.0,0.224,53518.0,1
B0275,structural_decline,24,18124.0,13097.0,3705.0,0.224,53518.0,1
B0275,structural_decline,25,17958.0,13092.0,3705.0,0.224,53518.0,1
B0275,structural_decline,26,17513.0,13040.0,3705.0,0.224,53518.0,1
B0275,structural_decline,27,13455.0,12778.0,3705.0,0.224,53518.0,0
B0275,structural_decline,28,13109.0,13064.0,3705.0,0.224,53518.0,0
B0275,structural_decline,29,16530.0,13215.0,3705.0,0.224,53518.0,0
B0275,structural_decline,30,16377.0,12881.0,3705.0,0.224,53518.0,0
B0275,structural_decline,31,16109.0,12438.0,3705.0,0.224,53518.0,0
B0275,structural_decline,32,15955.0,13163.0,3705.0,0.224,53518.0,0
B0275,structural_decline,33,15692.0,12879.0,3705.0,0.224,53518.0,0
B0275,structural_decline,34,15489.0,12806.0,3705.0,0.224,53518.0,0
B0275,structural_decline,35,14871.0,13051.0,3705.0,0.224,53518.0,0
B0275,structural_decline,36,14677.0,12774.0,3705.0,0.224,53518.0,0
B0275,structural_decline,37,14296.0,12237.0,3705.0,0.224,53518.0,0
B0276,temporary_stress,0,11717.0,9089.0,2612.0,0.22,40017.0,1
B0276,temporary_stress,1,11959.0,8926.0,2612.0,0.22,40017.0,1
B0276,temporary_stress,2,11981.0,8710.0,2612.0,0.22,40017.0,1
B0276,temporary_stress,3,11963.0,8645.0,2612.0,0.22,40017.0,1
B0276,temporary_stress,4,12053.0,8841.0,2612.0,0.22,40017.0,1
B0276,temporary_stress,5,12092.0,8906.0,2612.0,0.22,40017.0,1
B0276,temporary_stress,6,12126.0,8898.0,2612.0,0.22,40017.0,1
B0276,temporary_stress,7,12008.0,9079.0,2612.0,0.22,40017.0,1
B0276,temporary_stress,8,12063.0,8904.0,2612.0,0.22,40017.0,1
B0276,temporary_stress,9,12115.0,8783.0,2612.0,0.22,40017.0,1
B0276,temporary_stress,10,11891.0,8504.0,2612.0,0.22,40017.0,1
B0276,temporary_stress,11,11916.0,8607.0,2612.0,0.22,40017.0,1
B0276,temporary_stress,12,11785.0,8669.0,2612.0,0.22,40017.0,1
B0276,temporary_stress,13,11344.0,8613.0,2612.0,0.22,40017.0,1
B0276,temporary_stress,14,6676.0,8716.0,2612.0,0.22,40017.0,0
B0276,temporary_stress,15,6729.0,8995.0,2612.0,0.22,40017.0,0
B0276,temporary_stress,16,6826.0,9106.0,2612.0,0.22,40017.0,0
B0276,temporary_stress,17,8361.0,9104.0,2612.0,0.22,40017.0,0
B0276,temporary_stress,18,9168.0,8786.0,2612.0,0.22,40017.0,0
B0276,temporary_stress,19,9753.0,8692.0,2612.0,0.22,40017.0,0
B0276,temporary_stress,20,10227.0,9123.0,2612.0,0.22,40017.0,0
B0276,temporary_stress,21,10724.0,8820.0,2612.0,0.22,40017.0,0
B0276,temporary_stress,22,11327.0,8505.0,2612.0,0.22,40017.0,1
B0276,temporary_stress,23,12064.0,8637.0,2612.0,0.22,40017.0,1
B0276,temporary_stress,24,11985.0,8616.0,2612.0,0.22,40017.0,1
B0276,temporary_stress,25,11879.0,9165.0,2612.0,0.22,40017.0,1
B0276,temporary_stress,26,11797.0,8959.0,2612.0,0.22,40017.0,1
B0276,temporary_stress,27,11672.0,8750.0,2612.0,0.22,40017.0,1
B0276,temporary_stress,28,11707.0,9002.0,2612.0,0.22,40017.0,1
B0276,temporary_stress,29,11723.0,9048.0,2612.0,0.22,40017.0,1
B0276,temporary_stress,30,11494.0,8815.0,2612.0,0.22,40017.0,1
B0276,temporary_stress,31,11526.0,8850.0,2612.0,0.22,40017.0,1
B0276,temporary_stress,32,11610.0,9074.0,2612.0,0.22,40017.0,0
B0276,temporary_stress,33,11567.0,9261.0,2612.0,0.22,40017.0,0
B0276,temporary_stress,34,11808.0,9061.0,2612.0,0.22,40017.0,1
B0276,temporary_stress,35,12033.0,8842.0,2612.0,0.22,40017.0,1
B0277,temporary_stress,0,12105.0,8661.0,1348.0,0.183,35282.0,1
B0277,temporary_stress,1,12160.0,8310.0,1348.0,0.183,35282.0,1
B0277,temporary_stress,2,12344.0,8274.0,1348.0,0.183,35282.0,1
B0277,temporary_stress,3,12220.0,8383.0,1348.0,0.183,35282.0,1
B0277,temporary_stress,4,12261.0,8516.0,1348.0,0.183,35282.0,1
B0277,temporary_stress,5,12191.0,8746.0,1348.0,0.183,35282.0,1
B0277,temporary_stress,6,12272.0,8632.0,1348.0,0.183,35282.0,1
B0277,temporary_stress,7,12227.0,8412.0,1348.0,0.183,35282.0,1
B0277,temporary_stress,8,12142.0,8440.0,1348.0,0.183,35282.0,1
B0277,temporary_stress,9,12069.0,8630.0,1348.0,0.183,35282.0,1
B0277,temporary_stress,10,12248.0,8590.0,1348.0,0.183,35282.0,1
B0277,temporary_stress,11,11878.0,8216.0,1348.0,0.183,35282.0,1
B0277,temporary_stress,12,11629.0,8144.0,1348.0,0.183,35282.0,1
B0277,temporary_stress,13,11809.0,8307.0,1348.0,0.183,35282.0,1
B0277,temporary_stress,14,12014.0,8427.0,1348.0,0.183,35282.0,1
B0277,temporary_stress,15,11956.0,8245.0,1348.0,0.183,35282.0,1
B0277,temporary_stress,16,11859.0,8056.0,1348.0,0.183,35282.0,1
B0277,temporary_stress,17,6585.0,8193.0,1348.0,0.183,35282.0,0
B0277,temporary_stress,18,6619.0,8191.0,1348.0,0.183,35282.0,0
B0277,temporary_stress,19,6676.0,8269.0,1348.0,0.183,35282.0,0
B0277,temporary_stress,20,6737.0,8219.0,1348.0,0.183,35282.0,0
B0277,temporary_stress,21,6799.0,8160.0,1348.0,0.183,35282.0,0
B0277,temporary_stress,22,8403.0,8189.0,1348.0,0.183,35282.0,0
B0277,temporary_stress,23,8895.0,8182.0,1348.0,0.183,35282.0,0
B0277,temporary_stress,24,9649.0,8273.0,1348.0,0.183,35282.0,1
B0277,temporary_stress,25,10221.0,8363.0,1348.0,0.183,35282.0,1
B0277,temporary_stress,26,10682.0,8475.0,1348.0,0.183,35282.0,1
B0277,temporary_stress,27,11316.0,8305.0,1348.0,0.183,35282.0,1
B0277,temporary_stress,28,11948.0,8224.0,1348.0,0.183,35282.0,1
B0277,temporary_stress,29,11859.0,8190.0,1348.0,0.183,35282.0,1
B0277,temporary_stress,30,11804.0,8014.0,1348.0,0.183,35282.0,1
B0277,temporary_stress,31,11948.0,8274.0,1348.0,0.183,35282.0,1
B0277,temporary_stress,32,12019.0,8757.0,1348.0,0.183,35282.0,1
B0277,temporary_stress,33,12233.0,8573.0,1348.0,0.183,35282.0,1
B0277,temporary_stress,34,12320.0,8641.0,1348.0,0.183,35282.0,1
B0277,temporary_stress,35,12628.0,8508.0,1348.0,0.183,35282.0,1
B0278,stable,0,16738.0,10485.0,3503.0,0.163,70496.0,1
B0278,stable,1,17186.0,10071.0,3503.0,0.163,70496.0,1
B0278,stable,2,17147.0,9946.0,3503.0,0.163,70496.0,1
B0278,stable,3,17009.0,10263.0,3503.0,0.163,70496.0,1
B0278,stable,4,17276.0,10373.0,3503.0,0.163,70496.0,1
B0278,stable,5,17390.0,10903.0,3503.0,0.163,70496.0,1
B0278,stable,6,17496.0,10639.0,3503.0,0.163,70496.0,1
B0278,stable,7,17413.0,10332.0,3503.0,0.163,70496.0,1
B0278,stable,8,17647.0,10258.0,3503.0,0.163,70496.0,1
B0278,stable,9,17946.0,10636.0,3503.0,0.163,70496.0,1
B0278,stable,10,17873.0,10311.0,3503.0,0.163,70496.0,1
B0278,stable,11,17887.0,10128.0,3503.0,0.163,70496.0,1
B0278,stable,12,17983.0,10566.0,3503.0,0.163,70496.0,1
B0278,stable,13,18326.0,10686.0,3503.0,0.163,70496.0,1
B0278,stable,14,18049.0,10483.0,3503.0,0.163,70496.0,1
B0278,stable,15,17706.0,10433.0,3503.0,0.163,70496.0,1
B0278,stable,16,17602.0,10524.0,3503.0,0.163,70496.0,1
B0278,stable,17,17519.0,10477.0,3503.0,0.163,70496.0,1
B0278,stable,18,17505.0,10934.0,3503.0,0.163,70496.0,1
B0278,stable,19,17538.0,10990.0,3503.0,0.163,70496.0,1
B0278,stable,20,16941.0,10979.0,3503.0,0.163,70496.0,1
B0278,stable,21,17027.0,10634.0,3503.0,0.163,70496.0,1
B0278,stable,22,17329.0,10749.0,3503.0,0.163,70496.0,1
B0278,stable,23,17699.0,10724.0,3503.0,0.163,70496.0,1
B0278,stable,24,17725.0,10572.0,3503.0,0.163,70496.0,1
B0278,stable,25,17746.0,10505.0,3503.0,0.163,70496.0,1
B0278,stable,26,17626.0,10597.0,3503.0,0.163,70496.0,1
B0278,stable,27,17620.0,10438.0,3503.0,0.163,70496.0,1
B0278,stable,28,17797.0,10357.0,3503.0,0.163,70496.0,1
B0278,stable,29,17982.0,10399.0,3503.0,0.163,70496.0,1
B0278,stable,30,18308.0,10467.0,3503.0,0.163,70496.0,1
B0278,stable,31,18191.0,10673.0,3503.0,0.163,70496.0,1
B0278,stable,32,18042.0,10489.0,3503.0,0.163,70496.0,1
B0279,structural_decline,0,18161.0,12249.0,3853.0,0.254,77274.0,1
B0279,structural_decline,1,17714.0,12073.0,3853.0,0.254,77274.0,1
B0279,structural_decline,2,17439.0,12233.0,3853.0,0.254,77274.0,1
B0279,structural_decline,3,17609.0,12193.0,3853.0,0.254,77274.0,1
B0279,structural_decline,4,17813.0,12017.0,3853.0,0.254,77274.0,1
B0279,structural_decline,5,17733.0,11828.0,3853.0,0.254,77274.0,1
B0279,structural_decline,6,17662.0,12195.0,3853.0,0.254,77274.0,1
B0279,structural_decline,7,17668.0,12395.0,3853.0,0.254,77274.0,1
B0279,structural_decline,8,17870.0,12080.0,3853.0,0.254,77274.0,1
B0279,structural_decline,9,17556.0,12048.0,3853.0,0.254,77274.0,1
B0279,structural_decline,10,17562.0,11909.0,3853.0,0.254,77274.0,1
B0279,structural_decline,11,17778.0,11565.0,3853.0,0.254,77274.0,1
B0279,structural_decline,12,17745.0,11087.0,3853.0,0.254,77274.0,1
B0279,structural_decline,13,17512.0,11456.0,3853.0,0.254,77274.0,1
B0279,structural_decline,14,17400.0,11855.0,3853.0,0.254,77274.0,1
B0279,structural_decline,15,17053.0,11900.0,3853.0,0.254,77274.0,1
B0279,structural_decline,16,16211.0,11810.0,3853.0,0.254,77274.0,1
B0279,structural_decline,17,15684.0,11648.0,3853.0,0.254,77274.0,1
B0279,structural_decline,18,15411.0,11729.0,3853.0,0.254,77274.0,0
B0279,structural_decline,19,15552.0,12054.0,3853.0,0.254,77274.0,0
B0279,structural_decline,20,15176.0,12350.0,3853.0,0.254,77274.0,0
B0279,structural_decline,21,14896.0,11874.0,3853.0,0.254,77274.0,0
B0279,structural_decline,22,14432.0,11616.0,3853.0,0.254,77274.0,0
B0279,structural_decline,23,14159.0,11707.0,3853.0,0.254,77274.0,0
B0279,structural_decline,24,13747.0,11900.0,3853.0,0.254,77274.0,0
B0279,structural_decline,25,13471.0,12019.0,3853.0,0.254,77274.0,0
B0279,structural_decline,26,13295.0,12041.0,3853.0,0.254,77274.0,0
B0279,structural_decline,27,12918.0,12172.0,3853.0,0.254,77274.0,0
B0279,structural_decline,28,12595.0,11719.0,3853.0,0.254,77274.0,0
B0279,structural_decline,29,12337.0,11817.0,3853.0,0.254,77274.0,0
B0279,structural_decline,30,12086.0,12261.0,3853.0,0.254,77274.0,0
B0279,structural_decline,31,11971.0,12226.0,3853.0,0.254,77274.0,0
B0279,structural_decline,32,11571.0,11951.0,3853.0,0.254,77274.0,0
B0279,structural_decline,33,11188.0,12615.0,3853.0,0.254,77274.0,0
B0279,structural_decline,34,10886.0,12276.0,3853.0,0.254,77274.0,0
B0279,structural_decline,35,10839.0,11988.0,3853.0,0.254,77274.0,0
B0279,structural_decline,36,10757.0,11473.0,3853.0,0.254,77274.0,0
B0279,structural_decline,37,10474.0,11355.0,3853.0,0.254,77274.0,0
B0279,structural_decline,38,9971.0,11580.0,3853.0,0.254,77274.0,0
B0279,structural_decline,39,9947.0,11587.0,3853.0,0.254,77274.0,0
B0280,stable,0,17973.0,10987.0,2616.0,0.188,73259.0,1
B0280,stable,1,18009.0,11529.0,2616.0,0.188,73259.0,1
B0280,stable,2,17903.0,11818.0,2616.0,0.188,73259.0,1
B0280,stable,3,17849.0,11278.0,2616.0,0.188,73259.0,1
B0280,stable,4,18001.0,11198.0,2616.0,0.188,73259.0,1
B0280,stable,5,17988.0,11326.0,2616.0,0.188,73259.0,1
B0280,stable,6,18214.0,11411.0,2616.0,0.188,73259.0,1
B0280,stable,7,18099.0,11449.0,2616.0,0.188,73259.0,1
B0280,stable,8,17724.0,11348.0,2616.0,0.188,73259.0,1
B0280,stable,9,17530.0,11187.0,2616.0,0.188,73259.0,1
B0280,stable,10,17404.0,11241.0,2616.0,0.188,73259.0,1
B0280,stable,11,17901.0,11167.0,2616.0,0.188,73259.0,1
B0280,stable,12,17691.0,11637.0,2616.0,0.188,73259.0,1
B0280,stable,13,17159.0,11216.0,2616.0,0.188,73259.0,1
B0280,stable,14,17034.0,11090.0,2616.0,0.188,73259.0,1
B0280,stable,15,17000.0,11320.0,2616.0,0.188,73259.0,1
B0280,stable,16,16795.0,11403.0,2616.0,0.188,73259.0,1
B0280,stable,17,17106.0,11111.0,2616.0,0.188,73259.0,1
B0280,stable,18,17396.0,11269.0,2616.0,0.188,73259.0,1
B0280,stable,19,17700.0,11494.0,2616.0,0.188,73259.0,1
B0280,stable,20,17918.0,11036.0,2616.0,0.188,73259.0,1
B0280,stable,21,17713.0,11031.0,2616.0,0.188,73259.0,1
B0280,stable,22,17755.0,11172.0,2616.0,0.188,73259.0,1
B0280,stable,23,18263.0,11088.0,2616.0,0.188,73259.0,1
B0280,stable,24,18327.0,11041.0,2616.0,0.188,73259.0,1
B0280,stable,25,18190.0,10960.0,2616.0,0.188,73259.0,1
B0280,stable,26,17866.0,11222.0,2616.0,0.188,73259.0,1
B0280,stable,27,17684.0,11143.0,2616.0,0.188,73259.0,1
B0280,stable,28,17149.0,11159.0,2616.0,0.188,73259.0,1
B0280,stable,29,17078.0,11229.0,2616.0,0.188,73259.0,1
B0280,stable,30,17355.0,11370.0,2616.0,0.188,73259.0,1
B0280,stable,31,17482.0,11669.0,2616.0,0.188,73259.0,1
B0280,stable,32,17208.0,11220.0,2616.0,0.188,73259.0,1
B0280,stable,33,17189.0,10978.0,2616.0,0.188,73259.0,1
B0280,stable,34,17275.0,11316.0,2616.0,0.188,73259.0,1
B0280,stable,35,17509.0,11410.0,2616.0,0.188,73259.0,1
B0280,stable,36,17640.0,11565.0,2616.0,0.188,73259.0,1
B0280,stable,37,17459.0,11522.0,2616.0,0.188,73259.0,1
B0280,stable,38,17430.0,11312.0,2616.0,0.188,73259.0,1
B0280,stable,39,17551.0,11502.0,2616.0,0.188,73259.0,1
B0280,stable,40,17994.0,11886.0,2616.0,0.188,73259.0,1
B0281,temporary_stress,0,12977.0,6919.0,1847.0,0.209,45043.0,1
B0281,temporary_stress,1,13033.0,6912.0,1847.0,0.209,45043.0,1
B0281,temporary_stress,2,13190.0,6912.0,1847.0,0.209,45043.0,1
B0281,temporary_stress,3,13180.0,6930.0,1847.0,0.209,45043.0,1
B0281,temporary_stress,4,13074.0,6892.0,1847.0,0.209,45043.0,1
B0281,temporary_stress,5,13032.0,6844.0,1847.0,0.209,45043.0,1
B0281,temporary_stress,6,13209.0,6617.0,1847.0,0.209,45043.0,1
B0281,temporary_stress,7,13303.0,6456.0,1847.0,0.209,45043.0,1
B0281,temporary_stress,8,13284.0,6604.0,1847.0,0.209,45043.0,1
B0281,temporary_stress,9,13405.0,6635.0,1847.0,0.209,45043.0,1
B0281,temporary_stress,10,13564.0,6889.0,1847.0,0.209,45043.0,1
B0281,temporary_stress,11,13446.0,6795.0,1847.0,0.209,45043.0,1
B0281,temporary_stress,12,13264.0,6763.0,1847.0,0.209,45043.0,1
B0281,temporary_stress,13,13254.0,6794.0,1847.0,0.209,45043.0,1
B0281,temporary_stress,14,13241.0,6819.0,1847.0,0.209,45043.0,1
B0281,temporary_stress,15,13329.0,7001.0,1847.0,0.209,45043.0,1
B0281,temporary_stress,16,13345.0,7043.0,1847.0,0.209,45043.0,1
B0281,temporary_stress,17,13079.0,7290.0,1847.0,0.209,45043.0,1
B0281,temporary_stress,18,13040.0,7127.0,1847.0,0.209,45043.0,1
B0281,temporary_stress,19,13043.0,7064.0,1847.0,0.209,45043.0,1
B0281,temporary_stress,20,7285.0,6937.0,1847.0,0.209,45043.0,0
B0281,temporary_stress,21,7409.0,6741.0,1847.0,0.209,45043.0,0
B0281,temporary_stress,22,7465.0,6782.0,1847.0,0.209,45043.0,0
B0281,temporary_stress,23,7559.0,7263.0,1847.0,0.209,45043.0,0
B0281,temporary_stress,24,7632.0,7413.0,1847.0,0.209,45043.0,0
B0281,temporary_stress,25,7832.0,7262.0,1847.0,0.209,45043.0,0
B0281,temporary_stress,26,9102.0,7326.0,1847.0,0.209,45043.0,0
B0281,temporary_stress,27,10165.0,7189.0,1847.0,0.209,45043.0,1
B0281,temporary_stress,28,11232.0,7079.0,1847.0,0.209,45043.0,1
B0281,temporary_stress,29,12237.0,7214.0,1847.0,0.209,45043.0,1
B0281,temporary_stress,30,13454.0,6917.0,1847.0,0.209,45043.0,1
B0281,temporary_stress,31,13439.0,6890.0,1847.0,0.209,45043.0,1
B0281,temporary_stress,32,13402.0,6963.0,1847.0,0.209,45043.0,1
B0281,temporary_stress,33,13166.0,6891.0,1847.0,0.209,45043.0,1
B0281,temporary_stress,34,12863.0,6946.0,1847.0,0.209,45043.0,1
B0281,temporary_stress,35,12900.0,6912.0,1847.0,0.209,45043.0,1
B0281,temporary_stress,36,12892.0,6670.0,1847.0,0.209,45043.0,1
B0281,temporary_stress,37,13020.0,6677.0,1847.0,0.209,45043.0,1
B0281,temporary_stress,38,13127.0,6590.0,1847.0,0.209,45043.0,1
B0282,stable,0,11740.0,8039.0,1558.0,0.267,37907.0,1
B0282,stable,1,11696.0,7746.0,1558.0,0.267,37907.0,1
B0282,stable,2,11419.0,7754.0,1558.0,0.267,37907.0,1
B0282,stable,3,11366.0,7853.0,1558.0,0.267,37907.0,1
B0282,stable,4,11263.0,7682.0,1558.0,0.267,37907.0,1
B0282,stable,5,11174.0,7591.0,1558.0,0.267,37907.0,1
B0282,stable,6,11090.0,7827.0,1558.0,0.267,37907.0,1
B0282,stable,7,11261.0,8100.0,1558.0,0.267,37907.0,1
B0282,stable,8,11452.0,8055.0,1558.0,0.267,37907.0,1
B0282,stable,9,11273.0,8046.0,1558.0,0.267,37907.0,1
B0282,stable,10,11069.0,7836.0,1558.0,0.267,37907.0,1
B0282,stable,11,11135.0,7576.0,1558.0,0.267,37907.0,1
B0282,stable,12,11066.0,7719.0,1558.0,0.267,37907.0,1
B0282,stable,13,11129.0,7743.0,1558.0,0.267,37907.0,1
B0282,stable,14,11377.0,7756.0,1558.0,0.267,37907.0,1
B0282,stable,15,11505.0,7858.0,1558.0,0.267,37907.0,1
B0282,stable,16,11600.0,7827.0,1558.0,0.267,37907.0,1
B0282,stable,17,11754.0,7792.0,1558.0,0.267,37907.0,1
B0282,stable,18,11937.0,8032.0,1558.0,0.267,37907.0,1
B0282,stable,19,11969.0,7933.0,1558.0,0.267,37907.0,1
B0282,stable,20,11922.0,7801.0,1558.0,0.267,37907.0,1
B0282,stable,21,11843.0,7793.0,1558.0,0.267,37907.0,1
B0282,stable,22,11997.0,7925.0,1558.0,0.267,37907.0,1
B0282,stable,23,11945.0,7839.0,1558.0,0.267,37907.0,1
B0282,stable,24,11692.0,8046.0,1558.0,0.267,37907.0,1
B0282,stable,25,11735.0,7967.0,1558.0,0.267,37907.0,1
B0282,stable,26,11993.0,7605.0,1558.0,0.267,37907.0,1
B0282,stable,27,11904.0,7460.0,1558.0,0.267,37907.0,1
B0282,stable,28,11595.0,7589.0,1558.0,0.267,37907.0,1
B0282,stable,29,11582.0,7611.0,1558.0,0.267,37907.0,1
B0282,stable,30,11748.0,7356.0,1558.0,0.267,37907.0,1
B0282,stable,31,11708.0,7742.0,1558.0,0.267,37907.0,1
B0282,stable,32,11683.0,7950.0,1558.0,0.267,37907.0,1
B0282,stable,33,11632.0,8014.0,1558.0,0.267,37907.0,1
B0282,stable,34,11918.0,7828.0,1558.0,0.267,37907.0,1
B0282,stable,35,12147.0,7785.0,1558.0,0.267,37907.0,1
B0282,stable,36,12177.0,7885.0,1558.0,0.267,37907.0,1
B0282,stable,37,12298.0,8015.0,1558.0,0.267,37907.0,1
B0282,stable,38,12256.0,7853.0,1558.0,0.267,37907.0,1
B0282,stable,39,12343.0,7638.0,1558.0,0.267,37907.0,1
B0282,stable,40,12650.0,7598.0,1558.0,0.267,37907.0,1
B0282,stable,41,12606.0,7850.0,1558.0,0.267,37907.0,1
B0283,stable,0,15592.0,9243.0,2127.0,0.249,48497.0,1
B0283,stable,1,15663.0,9199.0,2127.0,0.249,48497.0,1
B0283,stable,2,15559.0,8658.0,2127.0,0.249,48497.0,1
B0283,stable,3,15688.0,8609.0,2127.0,0.249,48497.0,1
B0283,stable,4,15694.0,8852.0,2127.0,0.249,48497.0,1
B0283,stable,5,15874.0,8920.0,2127.0,0.249,48497.0,1
B0283,stable,6,15846.0,8944.0,2127.0,0.249,48497.0,1
B0283,stable,7,15872.0,8954.0,2127.0,0.249,48497.0,1
B0283,stable,8,15840.0,8723.0,2127.0,0.249,48497.0,1
B0283,stable,9,15853.0,8576.0,2127.0,0.249,48497.0,1
B0283,stable,10,15842.0,8888.0,2127.0,0.249,48497.0,1
B0283,stable,11,15749.0,8827.0,2127.0,0.249,48497.0,1
B0283,stable,12,15795.0,8668.0,2127.0,0.249,48497.0,1
B0283,stable,13,15853.0,8568.0,2127.0,0.249,48497.0,1
B0283,stable,14,15727.0,8814.0,2127.0,0.249,48497.0,1
B0283,stable,15,15484.0,8904.0,2127.0,0.249,48497.0,1
B0283,stable,16,15600.0,8804.0,2127.0,0.249,48497.0,1
B0283,stable,17,15506.0,8735.0,2127.0,0.249,48497.0,1
B0283,stable,18,15385.0,8996.0,2127.0,0.249,48497.0,1
B0283,stable,19,15325.0,8876.0,2127.0,0.249,48497.0,1
B0283,stable,20,15602.0,9017.0,2127.0,0.249,48497.0,1
B0283,stable,21,15789.0,9135.0,2127.0,0.249,48497.0,1
B0283,stable,22,15741.0,8886.0,2127.0,0.249,48497.0,1
B0283,stable,23,15854.0,8883.0,2127.0,0.249,48497.0,1
B0283,stable,24,15996.0,9098.0,2127.0,0.249,48497.0,1
B0283,stable,25,16164.0,9242.0,2127.0,0.249,48497.0,1
B0283,stable,26,16258.0,9127.0,2127.0,0.249,48497.0,1
B0283,stable,27,16334.0,8798.0,2127.0,0.249,48497.0,1
B0283,stable,28,16302.0,8980.0,2127.0,0.249,48497.0,1
B0283,stable,29,16356.0,8897.0,2127.0,0.249,48497.0,1
B0283,stable,30,16262.0,8472.0,2127.0,0.249,48497.0,1
B0284,structural_decline,0,14094.0,8737.0,1869.0,0.227,67850.0,1
B0284,structural_decline,1,14133.0,9233.0,1869.0,0.227,67850.0,1
B0284,structural_decline,2,13932.0,9641.0,1869.0,0.227,67850.0,1
B0284,structural_decline,3,13835.0,9818.0,1869.0,0.227,67850.0,1
B0284,structural_decline,4,13884.0,9954.0,1869.0,0.227,67850.0,1
B0284,structural_decline,5,13800.0,9897.0,1869.0,0.227,67850.0,1
B0284,structural_decline,6,13637.0,9925.0,1869.0,0.227,67850.0,1
B0284,structural_decline,7,13707.0,9622.0,1869.0,0.227,67850.0,1
B0284,structural_decline,8,13982.0,9629.0,1869.0,0.227,67850.0,1
B0284,structural_decline,9,13551.0,9733.0,1869.0,0.227,67850.0,1
B0284,structural_decline,10,13287.0,9680.0,1869.0,0.227,67850.0,1
B0284,structural_decline,11,13089.0,9587.0,1869.0,0.227,67850.0,1
B0284,structural_decline,12,10989.0,9338.0,1869.0,0.227,67850.0,0
B0284,structural_decline,13,10793.0,9429.0,1869.0,0.227,67850.0,0
B0284,structural_decline,14,10794.0,9484.0,1869.0,0.227,67850.0,0
B0284,structural_decline,15,10652.0,9445.0,1869.0,0.227,67850.0,0
B0284,structural_decline,16,12227.0,9347.0,1869.0,0.227,67850.0,1
B0284,structural_decline,17,12078.0,9607.0,1869.0,0.227,67850.0,1
B0284,structural_decline,18,11804.0,9481.0,1869.0,0.227,67850.0,1
B0284,structural_decline,19,11469.0,9266.0,1869.0,0.227,67850.0,1
B0284,structural_decline,20,11341.0,9459.0,1869.0,0.227,67850.0,1
B0284,structural_decline,21,11149.0,9463.0,1869.0,0.227,67850.0,0
B0284,structural_decline,22,11072.0,9567.0,1869.0,0.227,67850.0,0
B0284,structural_decline,23,10696.0,9543.0,1869.0,0.227,67850.0,0
B0284,structural_decline,24,10446.0,9267.0,1869.0,0.227,67850.0,0
B0284,structural_decline,25,10196.0,9257.0,1869.0,0.227,67850.0,0
B0284,structural_decline,26,10163.0,9360.0,1869.0,0.227,67850.0,0
B0284,structural_decline,27,10177.0,9692.0,1869.0,0.227,67850.0,0
B0284,structural_decline,28,10008.0,9676.0,1869.0,0.227,67850.0,0
B0284,structural_decline,29,9586.0,9700.0,1869.0,0.227,67850.0,0
B0284,structural_decline,30,9473.0,9689.0,1869.0,0.227,67850.0,0
B0284,structural_decline,31,9356.0,9528.0,1869.0,0.227,67850.0,0
B0284,structural_decline,32,9180.0,9557.0,1869.0,0.227,67850.0,0
B0284,structural_decline,33,9037.0,9614.0,1869.0,0.227,67850.0,0
B0284,structural_decline,34,8767.0,9536.0,1869.0,0.227,67850.0,0
B0284,structural_decline,35,8524.0,9469.0,1869.0,0.227,67850.0,0
B0284,structural_decline,36,8415.0,9449.0,1869.0,0.227,67850.0,0
B0285,stable,0,10334.0,5229.0,2393.0,0.251,50368.0,1
B0285,stable,1,10305.0,4998.0,2393.0,0.251,50368.0,1
B0285,stable,2,10226.0,4926.0,2393.0,0.251,50368.0,1
B0285,stable,3,10434.0,5086.0,2393.0,0.251,50368.0,1
B0285,stable,4,10268.0,5201.0,2393.0,0.251,50368.0,1
B0285,stable,5,10154.0,5116.0,2393.0,0.251,50368.0,1
B0285,stable,6,10171.0,5128.0,2393.0,0.251,50368.0,1
B0285,stable,7,10075.0,5068.0,2393.0,0.251,50368.0,1
B0285,stable,8,9971.0,5180.0,2393.0,0.251,50368.0,1
B0285,stable,9,9953.0,5259.0,2393.0,0.251,50368.0,1
B0285,stable,10,9920.0,5134.0,2393.0,0.251,50368.0,1
B0285,stable,11,9820.0,4947.0,2393.0,0.251,50368.0,1
B0285,stable,12,9863.0,4973.0,2393.0,0.251,50368.0,1
B0285,stable,13,9886.0,4977.0,2393.0,0.251,50368.0,1
B0285,stable,14,9984.0,4833.0,2393.0,0.251,50368.0,1
B0285,stable,15,10068.0,4760.0,2393.0,0.251,50368.0,1
B0285,stable,16,10013.0,4906.0,2393.0,0.251,50368.0,1
B0285,stable,17,10202.0,4956.0,2393.0,0.251,50368.0,1
B0285,stable,18,10329.0,5005.0,2393.0,0.251,50368.0,1
B0285,stable,19,10271.0,5156.0,2393.0,0.251,50368.0,1
B0285,stable,20,10136.0,5206.0,2393.0,0.251,50368.0,1
B0285,stable,21,10249.0,5230.0,2393.0,0.251,50368.0,1
B0285,stable,22,10371.0,5126.0,2393.0,0.251,50368.0,1
B0285,stable,23,10304.0,4873.0,2393.0,0.251,50368.0,1
B0285,stable,24,10054.0,4796.0,2393.0,0.251,50368.0,1
B0285,stable,25,9826.0,5036.0,2393.0,0.251,50368.0,1
B0285,stable,26,9792.0,5238.0,2393.0,0.251,50368.0,1
B0285,stable,27,9687.0,5219.0,2393.0,0.251,50368.0,1
B0285,stable,28,9724.0,5146.0,2393.0,0.251,50368.0,1
B0285,stable,29,9693.0,5153.0,2393.0,0.251,50368.0,1
B0285,stable,30,9712.0,5094.0,2393.0,0.251,50368.0,1
B0285,stable,31,9692.0,5223.0,2393.0,0.251,50368.0,1
B0285,stable,32,9826.0,5331.0,2393.0,0.251,50368.0,1
B0285,stable,33,9864.0,5291.0,2393.0,0.251,50368.0,1
B0285,stable,34,9816.0,5269.0,2393.0,0.251,50368.0,1
B0286,temporary_stress,0,10634.0,6926.0,2360.0,0.24,51519.0,1
B0286,temporary_stress,1,10506.0,7211.0,2360.0,0.24,51519.0,1
B0286,temporary_stress,2,10462.0,7243.0,2360.0,0.24,51519.0,1
B0286,temporary_stress,3,10519.0,7490.0,2360.0,0.24,51519.0,1
B0286,temporary_stress,4,10545.0,7522.0,2360.0,0.24,51519.0,1
B0286,temporary_stress,5,10539.0,7468.0,2360.0,0.24,51519.0,1
B0286,temporary_stress,6,10478.0,7612.0,2360.0,0.24,51519.0,1
B0286,temporary_stress,7,10234.0,7602.0,2360.0,0.24,51519.0,1
B0286,temporary_stress,8,10341.0,7497.0,2360.0,0.24,51519.0,1
B0286,temporary_stress,9,10354.0,7392.0,2360.0,0.24,51519.0,1
B0286,temporary_stress,10,10407.0,7542.0,2360.0,0.24,51519.0,1
B0286,temporary_stress,11,10610.0,7396.0,2360.0,0.24,51519.0,1
B0286,temporary_stress,12,10544.0,7184.0,2360.0,0.24,51519.0,1
B0286,temporary_stress,13,10607.0,6955.0,2360.0,0.24,51519.0,1
B0286,temporary_stress,14,10739.0,6809.0,2360.0,0.24,51519.0,1
B0286,temporary_stress,15,10687.0,6960.0,2360.0,0.24,51519.0,1
B0286,temporary_stress,16,10563.0,7111.0,2360.0,0.24,51519.0,1
B0286,temporary_stress,17,10595.0,7224.0,2360.0,0.24,51519.0,1
B0286,temporary_stress,18,10671.0,7184.0,2360.0,0.24,51519.0,1
B0286,temporary_stress,19,10478.0,7077.0,2360.0,0.24,51519.0,1
B0286,temporary_stress,20,5579.0,7241.0,2360.0,0.24,51519.0,0
B0286,temporary_stress,21,5514.0,7263.0,2360.0,0.24,51519.0,0
B0286,temporary_stress,22,5550.0,7061.0,2360.0,0.24,51519.0,0
B0286,temporary_stress,23,5533.0,7138.0,2360.0,0.24,51519.0,0
B0286,temporary_stress,24,5585.0,7104.0,2360.0,0.24,51519.0,0
B0286,temporary_stress,25,7350.0,7079.0,2360.0,0.24,51519.0,0
B0286,temporary_stress,26,7689.0,6959.0,2360.0,0.24,51519.0,0
B0286,temporary_stress,27,8201.0,6858.0,2360.0,0.24,51519.0,0
B0286,temporary_stress,28,8840.0,7015.0,2360.0,0.24,51519.0,0
B0286,temporary_stress,29,9450.0,7298.0,2360.0,0.24,51519.0,0
B0286,temporary_stress,30,10090.0,7141.0,2360.0,0.24,51519.0,1
B0286,temporary_stress,31,10690.0,7347.0,2360.0,0.24,51519.0,1
B0286,temporary_stress,32,10906.0,7586.0,2360.0,0.24,51519.0,1
B0286,temporary_stress,33,10786.0,7626.0,2360.0,0.24,51519.0,1
B0286,temporary_stress,34,10784.0,7428.0,2360.0,0.24,51519.0,1
B0286,temporary_stress,35,10865.0,7504.0,2360.0,0.24,51519.0,1
B0286,temporary_stress,36,10604.0,7975.0,2360.0,0.24,51519.0,1
B0286,temporary_stress,37,10306.0,7492.0,2360.0,0.24,51519.0,1
B0286,temporary_stress,38,10171.0,7140.0,2360.0,0.24,51519.0,1
B0286,temporary_stress,39,10238.0,7525.0,2360.0,0.24,51519.0,1
B0286,temporary_stress,40,10135.0,7381.0,2360.0,0.24,51519.0,1
B0286,temporary_stress,41,10193.0,7043.0,2360.0,0.24,51519.0,1
B0287,stable,0,11581.0,8570.0,1822.0,0.115,36940.0,1
B0287,stable,1,11414.0,8640.0,1822.0,0.115,36940.0,1
B0287,stable,2,11625.0,8726.0,1822.0,0.115,36940.0,1
B0287,stable,3,11761.0,8834.0,1822.0,0.115,36940.0,1
B0287,stable,4,11946.0,8628.0,1822.0,0.115,36940.0,1
B0287,stable,5,12166.0,8601.0,1822.0,0.115,36940.0,1
B0287,stable,6,12159.0,8461.0,1822.0,0.115,36940.0,1
B0287,stable,7,12081.0,8385.0,1822.0,0.115,36940.0,1
B0287,stable,8,12056.0,8455.0,1822.0,0.115,36940.0,1
B0287,stable,9,12065.0,8582.0,1822.0,0.115,36940.0,1
B0287,stable,10,12314.0,8206.0,1822.0,0.115,36940.0,1
B0287,stable,11,12331.0,8455.0,1822.0,0.115,36940.0,1
B0287,stable,12,12227.0,8727.0,1822.0,0.115,36940.0,1
B0287,stable,13,11854.0,8618.0,1822.0,0.115,36940.0,1
B0287,stable,14,11828.0,8797.0,1822.0,0.115,36940.0,1
B0287,stable,15,11661.0,8464.0,1822.0,0.115,36940.0,1
B0287,stable,16,11575.0,8163.0,1822.0,0.115,36940.0,1
B0287,stable,17,11676.0,8017.0,1822.0,0.115,36940.0,1
B0287,stable,18,11716.0,8291.0,1822.0,0.115,36940.0,1
B0287,stable,19,11792.0,8715.0,1822.0,0.115,36940.0,1
B0287,stable,20,11898.0,8950.0,1822.0,0.115,36940.0,1
B0287,stable,21,12060.0,8516.0,1822.0,0.115,36940.0,1
B0287,stable,22,12119.0,8346.0,1822.0,0.115,36940.0,1
B0287,stable,23,12285.0,8550.0,1822.0,0.115,36940.0,1
B0287,stable,24,12281.0,8616.0,1822.0,0.115,36940.0,1
B0287,stable,25,12285.0,8612.0,1822.0,0.115,36940.0,1
B0287,stable,26,12359.0,8736.0,1822.0,0.115,36940.0,1
B0287,stable,27,12137.0,8535.0,1822.0,0.115,36940.0,1
B0287,stable,28,12071.0,8126.0,1822.0,0.115,36940.0,1
B0287,stable,29,12041.0,8722.0,1822.0,0.115,36940.0,1
B0287,stable,30,12123.0,8821.0,1822.0,0.115,36940.0,1
B0288,stable,0,17841.0,11121.0,4020.0,0.121,67156.0,1
B0288,stable,1,17692.0,11150.0,4020.0,0.121,67156.0,1
B0288,stable,2,17863.0,11407.0,4020.0,0.121,67156.0,1
B0288,stable,3,17844.0,11128.0,4020.0,0.121,67156.0,1
B0288,stable,4,18279.0,10932.0,4020.0,0.121,67156.0,1
B0288,stable,5,18626.0,10876.0,4020.0,0.121,67156.0,1
B0288,stable,6,18639.0,10540.0,4020.0,0.121,67156.0,1
B0288,stable,7,18438.0,10771.0,4020.0,0.121,67156.0,1
B0288,stable,8,18387.0,11020.0,4020.0,0.121,67156.0,1
B0288,stable,9,18507.0,11036.0,4020.0,0.121,67156.0,1
B0288,stable,10,18602.0,11106.0,4020.0,0.121,67156.0,1
B0288,stable,11,18945.0,11093.0,4020.0,0.121,67156.0,1
B0288,stable,12,18964.0,10717.0,4020.0,0.121,67156.0,1
B0288,stable,13,19112.0,11070.0,4020.0,0.121,67156.0,1
B0288,stable,14,19228.0,11428.0,4020.0,0.121,67156.0,1
B0288,stable,15,18899.0,10945.0,4020.0,0.121,67156.0,1
B0288,stable,16,18833.0,10716.0,4020.0,0.121,67156.0,1
B0288,stable,17,19084.0,11095.0,4020.0,0.121,67156.0,1
B0288,stable,18,18847.0,11286.0,4020.0,0.121,67156.0,1
B0288,stable,19,18866.0,10679.0,4020.0,0.121,67156.0,1
B0288,stable,20,18690.0,10918.0,4020.0,0.121,67156.0,1
B0288,stable,21,18495.0,10704.0,4020.0,0.121,67156.0,1
B0288,stable,22,18480.0,10788.0,4020.0,0.121,67156.0,1
B0288,stable,23,18819.0,10912.0,4020.0,0.121,67156.0,1
B0288,stable,24,19004.0,10842.0,4020.0,0.121,67156.0,1
B0288,stable,25,18860.0,11016.0,4020.0,0.121,67156.0,1
B0288,stable,26,18929.0,10747.0,4020.0,0.121,67156.0,1
B0288,stable,27,19344.0,10817.0,4020.0,0.121,67156.0,1
B0288,stable,28,19432.0,11343.0,4020.0,0.121,67156.0,1
B0288,stable,29,19558.0,11583.0,4020.0,0.121,67156.0,1
B0288,stable,30,19956.0,11435.0,4020.0,0.121,67156.0,1
B0288,stable,31,20061.0,11225.0,4020.0,0.121,67156.0,1
B0288,stable,32,20176.0,11112.0,4020.0,0.121,67156.0,1
B0288,stable,33,20145.0,11148.0,4020.0,0.121,67156.0,1
B0289,temporary_stress,0,16245.0,8879.0,2232.0,0.26,56718.0,1
B0289,temporary_stress,1,16787.0,8511.0,2232.0,0.26,56718.0,1
B0289,temporary_stress,2,16741.0,8282.0,2232.0,0.26,56718.0,1
B0289,temporary_stress,3,16535.0,8415.0,2232.0,0.26,56718.0,1
B0289,temporary_stress,4,16432.0,8316.0,2232.0,0.26,56718.0,1
B0289,temporary_stress,5,16409.0,8178.0,2232.0,0.26,56718.0,1
B0289,temporary_stress,6,16430.0,8226.0,2232.0,0.26,56718.0,1
B0289,temporary_stress,7,16333.0,8591.0,2232.0,0.26,56718.0,1
B0289,temporary_stress,8,16556.0,8599.0,2232.0,0.26,56718.0,1
B0289,temporary_stress,9,16544.0,8730.0,2232.0,0.26,56718.0,1
B0289,temporary_stress,10,16316.0,8880.0,2232.0,0.26,56718.0,1
B0289,temporary_stress,11,16142.0,8485.0,2232.0,0.26,56718.0,1
B0289,temporary_stress,12,16291.0,8556.0,2232.0,0.26,56718.0,1
B0289,temporary_stress,13,16515.0,8840.0,2232.0,0.26,56718.0,1
B0289,temporary_stress,14,16675.0,8961.0,2232.0,0.26,56718.0,1
B0289,temporary_stress,15,16749.0,8896.0,2232.0,0.26,56718.0,1
B0289,temporary_stress,16,16800.0,8733.0,2232.0,0.26,56718.0,1
B0289,temporary_stress,17,16889.0,8922.0,2232.0,0.26,56718.0,1
B0289,temporary_stress,18,16928.0,8504.0,2232.0,0.26,56718.0,1
B0289,temporary_stress,19,16659.0,8731.0,2232.0,0.26,56718.0,1
B0289,temporary_stress,20,16500.0,9063.0,2232.0,0.26,56718.0,1
B0289,temporary_stress,21,9356.0,9333.0,2232.0,0.26,56718.0,0
B0289,temporary_stress,22,9241.0,8997.0,2232.0,0.26,56718.0,0
B0289,temporary_stress,23,9162.0,9016.0,2232.0,0.26,56718.0,0
B0289,temporary_stress,24,9146.0,8995.0,2232.0,0.26,56718.0,0
B0289,temporary_stress,25,9136.0,8803.0,2232.0,0.26,56718.0,0
B0289,temporary_stress,26,9190.0,8726.0,2232.0,0.26,56718.0,0
B0289,temporary_stress,27,9677.0,8647.0,2232.0,0.26,56718.0,0
B0289,temporary_stress,28,10808.0,8706.0,2232.0,0.26,56718.0,0
B0289,temporary_stress,29,11986.0,8596.0,2232.0,0.26,56718.0,1
B0289,temporary_stress,30,13178.0,8537.0,2232.0,0.26,56718.0,1
B0289,temporary_stress,31,14353.0,8659.0,2232.0,0.26,56718.0,1
B0289,temporary_stress,32,15462.0,8443.0,2232.0,0.26,56718.0,1
B0289,temporary_stress,33,16557.0,8105.0,2232.0,0.26,56718.0,1
B0289,temporary_stress,34,16526.0,8106.0,2232.0,0.26,56718.0,1
B0289,temporary_stress,35,16587.0,8451.0,2232.0,0.26,56718.0,1
B0289,temporary_stress,36,16628.0,8923.0,2232.0,0.26,56718.0,1
B0289,temporary_stress,37,16487.0,8805.0,2232.0,0.26,56718.0,1
B0289,temporary_stress,38,16327.0,8472.0,2232.0,0.26,56718.0,1
B0289,temporary_stress,39,16190.0,8568.0,2232.0,0.26,56718.0,1
B0289,temporary_stress,40,16120.0,8795.0,2232.0,0.26,56718.0,1
B0289,temporary_stress,41,16109.0,8650.0,2232.0,0.26,56718.0,1
B0290,structural_decline,0,16222.0,9450.0,2355.0,0.205,70486.0,1
B0290,structural_decline,1,16093.0,9744.0,2355.0,0.205,70486.0,1
B0290,structural_decline,2,16256.0,9702.0,2355.0,0.205,70486.0,1
B0290,structural_decline,3,16165.0,9308.0,2355.0,0.205,70486.0,1
B0290,structural_decline,4,16315.0,9281.0,2355.0,0.205,70486.0,1
B0290,structural_decline,5,16394.0,9480.0,2355.0,0.205,70486.0,1
B0290,structural_decline,6,16400.0,9825.0,2355.0,0.205,70486.0,1
B0290,structural_decline,7,16440.0,10049.0,2355.0,0.205,70486.0,1
B0290,structural_decline,8,16322.0,9892.0,2355.0,0.205,70486.0,1
B0290,structural_decline,9,16424.0,9598.0,2355.0,0.205,70486.0,1
B0290,structural_decline,10,16071.0,9363.0,2355.0,0.205,70486.0,1
B0290,structural_decline,11,16122.0,9234.0,2355.0,0.205,70486.0,1
B0290,structural_decline,12,16512.0,9152.0,2355.0,0.205,70486.0,1
B0290,structural_decline,13,16409.0,9161.0,2355.0,0.205,70486.0,1
B0290,structural_decline,14,16107.0,9233.0,2355.0,0.205,70486.0,1
B0290,structural_decline,15,16227.0,9573.0,2355.0,0.205,70486.0,1
B0290,structural_decline,16,16347.0,9741.0,2355.0,0.205,70486.0,1
B0290,structural_decline,17,15964.0,9797.0,2355.0,0.205,70486.0,1
B0290,structural_decline,18,15364.0,9882.0,2355.0,0.205,70486.0,1
B0290,structural_decline,19,15127.0,9749.0,2355.0,0.205,70486.0,1
B0290,structural_decline,20,15083.0,9888.0,2355.0,0.205,70486.0,1
B0290,structural_decline,21,14918.0,9759.0,2355.0,0.205,70486.0,1
B0290,structural_decline,22,14608.0,9625.0,2355.0,0.205,70486.0,1
B0290,structural_decline,23,14355.0,9529.0,2355.0,0.205,70486.0,1
B0290,structural_decline,24,14086.0,9532.0,2355.0,0.205,70486.0,1
B0290,structural_decline,25,13848.0,9406.0,2355.0,0.205,70486.0,1
B0290,structural_decline,26,13466.0,9505.0,2355.0,0.205,70486.0,1
B0290,structural_decline,27,13377.0,9559.0,2355.0,0.205,70486.0,1
B0290,structural_decline,28,13266.0,9716.0,2355.0,0.205,70486.0,1
B0290,structural_decline,29,13045.0,9827.0,2355.0,0.205,70486.0,1
B0290,structural_decline,30,12717.0,9812.0,2355.0,0.205,70486.0,1
B0290,structural_decline,31,12421.0,9763.0,2355.0,0.205,70486.0,1
B0291,temporary_stress,0,11010.0,6849.0,1569.0,0.208,36225.0,1
B0291,temporary_stress,1,11069.0,6927.0,1569.0,0.208,36225.0,1
B0291,temporary_stress,2,11201.0,7043.0,1569.0,0.208,36225.0,1
B0291,temporary_stress,3,11355.0,6959.0,1569.0,0.208,36225.0,1
B0291,temporary_stress,4,11426.0,6773.0,1569.0,0.208,36225.0,1
B0291,temporary_stress,5,11284.0,6602.0,1569.0,0.208,36225.0,1
B0291,temporary_stress,6,11325.0,6585.0,1569.0,0.208,36225.0,1
B0291,temporary_stress,7,11260.0,6525.0,1569.0,0.208,36225.0,1
B0291,temporary_stress,8,11453.0,6412.0,1569.0,0.208,36225.0,1
B0291,temporary_stress,9,11346.0,6456.0,1569.0,0.208,36225.0,1
B0291,temporary_stress,10,11032.0,6474.0,1569.0,0.208,36225.0,1
B0291,temporary_stress,11,11184.0,6546.0,1569.0,0.208,36225.0,1
B0291,temporary_stress,12,11082.0,6621.0,1569.0,0.208,36225.0,1
B0291,temporary_stress,13,10790.0,6722.0,1569.0,0.208,36225.0,1
B0291,temporary_stress,14,10742.0,6706.0,1569.0,0.208,36225.0,1
B0291,temporary_stress,15,10905.0,6551.0,1569.0,0.208,36225.0,1
B0291,temporary_stress,16,11161.0,6703.0,1569.0,0.208,36225.0,1
B0291,temporary_stress,17,5458.0,6702.0,1569.0,0.208,36225.0,0
B0291,temporary_stress,18,5391.0,6670.0,1569.0,0.208,36225.0,0
B0291,temporary_stress,19,5517.0,6648.0,1569.0,0.208,36225.0,0
B0291,temporary_stress,20,5485.0,6608.0,1569.0,0.208,36225.0,0
B0291,temporary_stress,21,5559.0,6612.0,1569.0,0.208,36225.0,0
B0291,temporary_stress,22,5657.0,6684.0,1569.0,0.208,36225.0,0
B0291,temporary_stress,23,7466.0,6656.0,1569.0,0.208,36225.0,0
B0291,temporary_stress,24,8194.0,6768.0,1569.0,0.208,36225.0,0
B0291,temporary_stress,25,8919.0,6695.0,1569.0,0.208,36225.0,1
B0291,temporary_stress,26,9490.0,6793.0,1569.0,0.208,36225.0,1
B0291,temporary_stress,27,10365.0,6644.0,1569.0,0.208,36225.0,1
B0291,temporary_stress,28,11202.0,6562.0,1569.0,0.208,36225.0,1
B0291,temporary_stress,29,11066.0,6429.0,1569.0,0.208,36225.0,1
B0291,temporary_stress,30,11214.0,6562.0,1569.0,0.208,36225.0,1
B0291,temporary_stress,31,11023.0,6732.0,1569.0,0.208,36225.0,1
B0291,temporary_stress,32,10805.0,6662.0,1569.0,0.208,36225.0,1
B0291,temporary_stress,33,10824.0,6610.0,1569.0,0.208,36225.0,1
B0291,temporary_stress,34,10871.0,6503.0,1569.0,0.208,36225.0,1
B0291,temporary_stress,35,11088.0,6410.0,1569.0,0.208,36225.0,1
B0291,temporary_stress,36,11089.0,6710.0,1569.0,0.208,36225.0,1
B0292,temporary_stress,0,13191.0,6410.0,2507.0,0.194,48802.0,1
B0292,temporary_stress,1,12847.0,6572.0,2507.0,0.194,48802.0,1
B0292,temporary_stress,2,12843.0,6568.0,2507.0,0.194,48802.0,1
B0292,temporary_stress,3,12889.0,6509.0,2507.0,0.194,48802.0,1
B0292,temporary_stress,4,12891.0,6268.0,2507.0,0.194,48802.0,1
B0292,temporary_stress,5,13024.0,6326.0,2507.0,0.194,48802.0,1
B0292,temporary_stress,6,12813.0,6381.0,2507.0,0.194,48802.0,1
B0292,temporary_stress,7,12698.0,6286.0,2507.0,0.194,48802.0,1
B0292,temporary_stress,8,12788.0,6240.0,2507.0,0.194,48802.0,1
B0292,temporary_stress,9,12831.0,6316.0,2507.0,0.194,48802.0,1
B0292,temporary_stress,10,12999.0,6202.0,2507.0,0.194,48802.0,1
B0292,temporary_stress,11,12941.0,6162.0,2507.0,0.194,48802.0,1
B0292,temporary_stress,12,12711.0,6396.0,2507.0,0.194,48802.0,1
B0292,temporary_stress,13,6344.0,6333.0,2507.0,0.194,48802.0,0
B0292,temporary_stress,14,6313.0,6528.0,2507.0,0.194,48802.0,0
B0292,temporary_stress,15,6338.0,6698.0,2507.0,0.194,48802.0,0
B0292,temporary_stress,16,6368.0,6599.0,2507.0,0.194,48802.0,0
B0292,temporary_stress,17,6267.0,6323.0,2507.0,0.194,48802.0,0
B0292,temporary_stress,18,7429.0,6342.0,2507.0,0.194,48802.0,0
B0292,temporary_stress,19,8799.0,6547.0,2507.0,0.194,48802.0,0
B0292,temporary_stress,20,10118.0,6592.0,2507.0,0.194,48802.0,1
B0292,temporary_stress,21,11369.0,6263.0,2507.0,0.194,48802.0,1
B0292,temporary_stress,22,12360.0,6286.0,2507.0,0.194,48802.0,1
B0292,temporary_stress,23,12609.0,6382.0,2507.0,0.194,48802.0,1
B0292,temporary_stress,24,12869.0,6422.0,2507.0,0.194,48802.0,1
B0292,temporary_stress,25,12909.0,6225.0,2507.0,0.194,48802.0,1
B0292,temporary_stress,26,12923.0,6150.0,2507.0,0.194,48802.0,1
B0292,temporary_stress,27,12972.0,6457.0,2507.0,0.194,48802.0,1
B0292,temporary_stress,28,13157.0,6603.0,2507.0,0.194,48802.0,1
B0292,temporary_stress,29,13274.0,6513.0,2507.0,0.194,48802.0,1
B0292,temporary_stress,30,13331.0,6334.0,2507.0,0.194,48802.0,1
B0293,stable,0,12163.0,6610.0,2624.0,0.2,61493.0,1
B0293,stable,1,12124.0,6634.0,2624.0,0.2,61493.0,1
B0293,stable,2,12256.0,6647.0,2624.0,0.2,61493.0,1
B0293,stable,3,12307.0,6682.0,2624.0,0.2,61493.0,1
B0293,stable,4,12331.0,6635.0,2624.0,0.2,61493.0,1
B0293,stable,5,12210.0,6588.0,2624.0,0.2,61493.0,1
B0293,stable,6,12117.0,6678.0,2624.0,0.2,61493.0,1
B0293,stable,7,11813.0,6620.0,2624.0,0.2,61493.0,1
B0293,stable,8,11974.0,6598.0,2624.0,0.2,61493.0,1
B0293,stable,9,11891.0,6762.0,2624.0,0.2,61493.0,1
B0293,stable,10,11936.0,6612.0,2624.0,0.2,61493.0,1
B0293,stable,11,12061.0,6563.0,2624.0,0.2,61493.0,1
B0293,stable,12,11932.0,6547.0,2624.0,0.2,61493.0,1
B0293,stable,13,12190.0,6545.0,2624.0,0.2,61493.0,1
B0293,stable,14,12200.0,6628.0,2624.0,0.2,61493.0,1
B0293,stable,15,12162.0,6658.0,2624.0,0.2,61493.0,1
B0293,stable,16,12265.0,6493.0,2624.0,0.2,61493.0,1
B0293,stable,17,12384.0,6366.0,2624.0,0.2,61493.0,1
B0293,stable,18,12566.0,6325.0,2624.0,0.2,61493.0,1
B0293,stable,19,12530.0,6310.0,2624.0,0.2,61493.0,1
B0293,stable,20,12576.0,6407.0,2624.0,0.2,61493.0,1
B0293,stable,21,12874.0,6655.0,2624.0,0.2,61493.0,1
B0293,stable,22,13000.0,6529.0,2624.0,0.2,61493.0,1
B0293,stable,23,12908.0,6391.0,2624.0,0.2,61493.0,1
B0293,stable,24,13058.0,6567.0,2624.0,0.2,61493.0,1
B0293,stable,25,12891.0,6610.0,2624.0,0.2,61493.0,1
B0293,stable,26,12686.0,6724.0,2624.0,0.2,61493.0,1
B0293,stable,27,12843.0,6708.0,2624.0,0.2,61493.0,1
B0293,stable,28,12682.0,6598.0,2624.0,0.2,61493.0,1
B0293,stable,29,12525.0,6562.0,2624.0,0.2,61493.0,1
B0293,stable,30,12340.0,6751.0,2624.0,0.2,61493.0,1
B0293,stable,31,12413.0,6632.0,2624.0,0.2,61493.0,1
B0293,stable,32,12565.0,6474.0,2624.0,0.2,61493.0,1
B0293,stable,33,12623.0,6319.0,2624.0,0.2,61493.0,1
B0294,stable,0,17897.0,11246.0,1941.0,0.087,64792.0,1
B0294,stable,1,17806.0,11599.0,1941.0,0.087,64792.0,1
B0294,stable,2,17920.0,11373.0,1941.0,0.087,64792.0,1
B0294,stable,3,17941.0,11240.0,1941.0,0.087,64792.0,1
B0294,stable,4,18038.0,11096.0,1941.0,0.087,64792.0,1
B0294,stable,5,17795.0,11439.0,1941.0,0.087,64792.0,1
B0294,stable,6,17699.0,11466.0,1941.0,0.087,64792.0,1
B0294,stable,7,17306.0,11214.0,1941.0,0.087,64792.0,1
B0294,stable,8,17044.0,11276.0,1941.0,0.087,64792.0,1
B0294,stable,9,16943.0,11353.0,1941.0,0.087,64792.0,1
B0294,stable,10,17361.0,10982.0,1941.0,0.087,64792.0,1
B0294,stable,11,17286.0,11357.0,1941.0,0.087,64792.0,1
B0294,stable,12,17232.0,11712.0,1941.0,0.087,64792.0,1
B0294,stable,13,17258.0,11292.0,1941.0,0.087,64792.0,1
B0294,stable,14,17368.0,10988.0,1941.0,0.087,64792.0,1
B0294,stable,15,17600.0,11562.0,1941.0,0.087,64792.0,1
B0294,stable,16,17893.0,11782.0,1941.0,0.087,64792.0,1
B0294,stable,17,18013.0,11733.0,1941.0,0.087,64792.0,1
B0294,stable,18,18301.0,11742.0,1941.0,0.087,64792.0,1
B0294,stable,19,18442.0,11653.0,1941.0,0.087,64792.0,1
B0294,stable,20,18509.0,11964.0,1941.0,0.087,64792.0,1
B0294,stable,21,18422.0,12122.0,1941.0,0.087,64792.0,1
B0294,stable,22,18312.0,11823.0,1941.0,0.087,64792.0,1
B0294,stable,23,18448.0,11496.0,1941.0,0.087,64792.0,1
B0294,stable,24,18297.0,11541.0,1941.0,0.087,64792.0,1
B0294,stable,25,18168.0,11263.0,1941.0,0.087,64792.0,1
B0294,stable,26,18259.0,11299.0,1941.0,0.087,64792.0,1
B0294,stable,27,18253.0,11435.0,1941.0,0.087,64792.0,1
B0294,stable,28,18146.0,11536.0,1941.0,0.087,64792.0,1
B0294,stable,29,17775.0,11563.0,1941.0,0.087,64792.0,1
B0294,stable,30,17699.0,11299.0,1941.0,0.087,64792.0,1
B0294,stable,31,17588.0,11314.0,1941.0,0.087,64792.0,1
B0294,stable,32,17512.0,11421.0,1941.0,0.087,64792.0,1
B0294,stable,33,17946.0,11571.0,1941.0,0.087,64792.0,1
B0295,structural_decline,0,18640.0,11631.0,2662.0,0.238,67863.0,1
B0295,structural_decline,1,18519.0,11418.0,2662.0,0.238,67863.0,1
B0295,structural_decline,2,18680.0,11414.0,2662.0,0.238,67863.0,1
B0295,structural_decline,3,18555.0,11217.0,2662.0,0.238,67863.0,1
B0295,structural_decline,4,18367.0,11040.0,2662.0,0.238,67863.0,1
B0295,structural_decline,5,18514.0,10773.0,2662.0,0.238,67863.0,1
B0295,structural_decline,6,18631.0,11064.0,2662.0,0.238,67863.0,1
B0295,structural_decline,7,18487.0,11013.0,2662.0,0.238,67863.0,1
B0295,structural_decline,8,18454.0,11214.0,2662.0,0.238,67863.0,1
B0295,structural_decline,9,18740.0,11167.0,2662.0,0.238,67863.0,1
B0295,structural_decline,10,18642.0,11199.0,2662.0,0.238,67863.0,1
B0295,structural_decline,11,18076.0,11181.0,2662.0,0.238,67863.0,1
B0295,structural_decline,12,18142.0,10606.0,2662.0,0.238,67863.0,1
B0295,structural_decline,13,18586.0,10884.0,2662.0,0.238,67863.0,1
B0295,structural_decline,14,18590.0,11043.0,2662.0,0.238,67863.0,1
B0295,structural_decline,15,17752.0,11078.0,2662.0,0.238,67863.0,1
B0295,structural_decline,16,17441.0,10816.0,2662.0,0.238,67863.0,1
B0295,structural_decline,17,14679.0,10724.0,2662.0,0.238,67863.0,1
B0295,structural_decline,18,14436.0,10803.0,2662.0,0.238,67863.0,1
B0295,structural_decline,19,14279.0,11078.0,2662.0,0.238,67863.0,1
B0295,structural_decline,20,14029.0,11088.0,2662.0,0.238,67863.0,1
B0295,structural_decline,21,15975.0,10903.0,2662.0,0.238,67863.0,1
B0295,structural_decline,22,15592.0,10994.0,2662.0,0.238,67863.0,1
B0295,structural_decline,23,15392.0,11352.0,2662.0,0.238,67863.0,1
B0295,structural_decline,24,15094.0,11445.0,2662.0,0.238,67863.0,1
B0295,structural_decline,25,15106.0,10974.0,2662.0,0.238,67863.0,1
B0295,structural_decline,26,14877.0,10770.0,2662.0,0.238,67863.0,1
B0295,structural_decline,27,14539.0,10872.0,2662.0,0.238,67863.0,1
B0295,structural_decline,28,14247.0,11028.0,2662.0,0.238,67863.0,1
B0295,structural_decline,29,13999.0,10567.0,2662.0,0.238,67863.0,1
B0295,structural_decline,30,13650.0,10645.0,2662.0,0.238,67863.0,1
B0295,structural_decline,31,13175.0,10999.0,2662.0,0.238,67863.0,0
B0296,temporary_stress,0,15242.0,8649.0,3221.0,0.261,79429.0,1
B0296,temporary_stress,1,15183.0,8456.0,3221.0,0.261,79429.0,1
B0296,temporary_stress,2,15415.0,8600.0,3221.0,0.261,79429.0,1
B0296,temporary_stress,3,15722.0,8945.0,3221.0,0.261,79429.0,1
B0296,temporary_stress,4,15695.0,9019.0,3221.0,0.261,79429.0,1
B0296,temporary_stress,5,15670.0,8832.0,3221.0,0.261,79429.0,1
B0296,temporary_stress,6,15848.0,8866.0,3221.0,0.261,79429.0,1
B0296,temporary_stress,7,15420.0,9016.0,3221.0,0.261,79429.0,1
B0296,temporary_stress,8,15135.0,9018.0,3221.0,0.261,79429.0,1
B0296,temporary_stress,9,15298.0,8930.0,3221.0,0.261,79429.0,1
B0296,temporary_stress,10,15115.0,8977.0,3221.0,0.261,79429.0,1
B0296,temporary_stress,11,9497.0,9154.0,3221.0,0.261,79429.0,0
B0296,temporary_stress,12,9571.0,9167.0,3221.0,0.261,79429.0,0
B0296,temporary_stress,13,9710.0,9139.0,3221.0,0.261,79429.0,0
B0296,temporary_stress,14,9788.0,9104.0,3221.0,0.261,79429.0,0
B0296,temporary_stress,15,9787.0,8725.0,3221.0,0.261,79429.0,0
B0296,temporary_stress,16,9798.0,9010.0,3221.0,0.261,79429.0,0
B0296,temporary_stress,17,10456.0,8810.0,3221.0,0.261,79429.0,0
B0296,temporary_stress,18,11479.0,8850.0,3221.0,0.261,79429.0,0
B0296,temporary_stress,19,12683.0,8863.0,3221.0,0.261,79429.0,1
B0296,temporary_stress,20,13575.0,8802.0,3221.0,0.261,79429.0,1
B0296,temporary_stress,21,14603.0,8665.0,3221.0,0.261,79429.0,1
B0296,temporary_stress,22,15438.0,8673.0,3221.0,0.261,79429.0,1
B0296,temporary_stress,23,15173.0,8741.0,3221.0,0.261,79429.0,1
B0296,temporary_stress,24,15000.0,8859.0,3221.0,0.261,79429.0,1
B0296,temporary_stress,25,14888.0,8655.0,3221.0,0.261,79429.0,1
B0296,temporary_stress,26,15168.0,8819.0,3221.0,0.261,79429.0,1
B0296,temporary_stress,27,15176.0,8715.0,3221.0,0.261,79429.0,1
B0296,temporary_stress,28,15083.0,8777.0,3221.0,0.261,79429.0,1
B0296,temporary_stress,29,15054.0,9043.0,3221.0,0.261,79429.0,1
B0296,temporary_stress,30,15292.0,9251.0,3221.0,0.261,79429.0,1
B0297,stable,0,20520.0,11504.0,3387.0,0.247,75447.0,1
B0297,stable,1,20329.0,11388.0,3387.0,0.247,75447.0,1
B0297,stable,2,20026.0,11299.0,3387.0,0.247,75447.0,1
B0297,stable,3,19938.0,11099.0,3387.0,0.247,75447.0,1
B0297,stable,4,19794.0,11077.0,3387.0,0.247,75447.0,1
B0297,stable,5,19392.0,10870.0,3387.0,0.247,75447.0,1
B0297,stable,6,19737.0,10717.0,3387.0,0.247,75447.0,1
B0297,stable,7,19720.0,10645.0,3387.0,0.247,75447.0,1
B0297,stable,8,19778.0,10747.0,3387.0,0.247,75447.0,1
B0297,stable,9,19579.0,10686.0,3387.0,0.247,75447.0,1
B0297,stable,10,19639.0,10765.0,3387.0,0.247,75447.0,1
B0297,stable,11,19874.0,11218.0,3387.0,0.247,75447.0,1
B0297,stable,12,20271.0,11209.0,3387.0,0.247,75447.0,1
B0297,stable,13,20710.0,10960.0,3387.0,0.247,75447.0,1
B0297,stable,14,20753.0,11107.0,3387.0,0.247,75447.0,1
B0297,stable,15,21413.0,11048.0,3387.0,0.247,75447.0,1
B0297,stable,16,21663.0,11180.0,3387.0,0.247,75447.0,1
B0297,stable,17,21276.0,11348.0,3387.0,0.247,75447.0,1
B0297,stable,18,21350.0,11298.0,3387.0,0.247,75447.0,1
B0297,stable,19,21218.0,11215.0,3387.0,0.247,75447.0,1
B0297,stable,20,21160.0,11492.0,3387.0,0.247,75447.0,1
B0297,stable,21,21053.0,11396.0,3387.0,0.247,75447.0,1
B0297,stable,22,21238.0,11116.0,3387.0,0.247,75447.0,1
B0297,stable,23,21269.0,10829.0,3387.0,0.247,75447.0,1
B0297,stable,24,21157.0,11109.0,3387.0,0.247,75447.0,1
B0297,stable,25,21035.0,11518.0,3387.0,0.247,75447.0,1
B0297,stable,26,20694.0,11620.0,3387.0,0.247,75447.0,1
B0297,stable,27,20539.0,11548.0,3387.0,0.247,75447.0,1
B0297,stable,28,20755.0,11154.0,3387.0,0.247,75447.0,1
B0297,stable,29,20636.0,11307.0,3387.0,0.247,75447.0,1
B0297,stable,30,20957.0,11465.0,3387.0,0.247,75447.0,1
B0297,stable,31,21451.0,11241.0,3387.0,0.247,75447.0,1
B0297,stable,32,21704.0,11165.0,3387.0,0.247,75447.0,1
B0297,stable,33,21829.0,10844.0,3387.0,0.247,75447.0,1
B0298,structural_decline,0,13201.0,8433.0,2646.0,0.284,58780.0,1
B0298,structural_decline,1,12912.0,8654.0,2646.0,0.284,58780.0,1
B0298,structural_decline,2,12714.0,8541.0,2646.0,0.284,58780.0,1
B0298,structural_decline,3,12781.0,8624.0,2646.0,0.284,58780.0,1
B0298,structural_decline,4,12814.0,8792.0,2646.0,0.284,58780.0,1
B0298,structural_decline,5,12834.0,8694.0,2646.0,0.284,58780.0,1
B0298,structural_decline,6,12803.0,8833.0,2646.0,0.284,58780.0,1
B0298,structural_decline,7,12798.0,8685.0,2646.0,0.284,58780.0,1
B0298,structural_decline,8,12866.0,9008.0,2646.0,0.284,58780.0,1
B0298,structural_decline,9,12857.0,9113.0,2646.0,0.284,58780.0,1
B0298,structural_decline,10,12679.0,9103.0,2646.0,0.284,58780.0,1
B0298,structural_decline,11,12660.0,8737.0,2646.0,0.284,58780.0,1
B0298,structural_decline,12,12819.0,8593.0,2646.0,0.284,58780.0,1
B0298,structural_decline,13,12680.0,8558.0,2646.0,0.284,58780.0,1
B0298,structural_decline,14,12768.0,8658.0,2646.0,0.284,58780.0,1
B0298,structural_decline,15,12784.0,8571.0,2646.0,0.284,58780.0,1
B0298,structural_decline,16,12887.0,8676.0,2646.0,0.284,58780.0,1
B0298,structural_decline,17,12856.0,8621.0,2646.0,0.284,58780.0,1
B0298,structural_decline,18,12432.0,8308.0,2646.0,0.284,58780.0,1
B0298,structural_decline,19,12047.0,8323.0,2646.0,0.284,58780.0,1
B0298,structural_decline,20,11730.0,8337.0,2646.0,0.284,58780.0,1
B0298,structural_decline,21,11762.0,8241.0,2646.0,0.284,58780.0,1
B0298,structural_decline,22,11422.0,8432.0,2646.0,0.284,58780.0,1
B0298,structural_decline,23,11006.0,8888.0,2646.0,0.284,58780.0,0
B0298,structural_decline,24,10901.0,8570.0,2646.0,0.284,58780.0,0
B0298,structural_decline,25,10654.0,8220.0,2646.0,0.284,58780.0,0
B0298,structural_decline,26,10428.0,8028.0,2646.0,0.284,58780.0,0
B0298,structural_decline,27,10302.0,8327.0,2646.0,0.284,58780.0,0
B0298,structural_decline,28,10120.0,8617.0,2646.0,0.284,58780.0,0
B0298,structural_decline,29,9645.0,8448.0,2646.0,0.284,58780.0,0
B0298,structural_decline,30,9303.0,8289.0,2646.0,0.284,58780.0,0
B0299,stable,0,12663.0,8679.0,2053.0,0.093,42210.0,1
B0299,stable,1,12453.0,8521.0,2053.0,0.093,42210.0,1
B0299,stable,2,12404.0,8547.0,2053.0,0.093,42210.0,1
B0299,stable,3,12292.0,8402.0,2053.0,0.093,42210.0,1
B0299,stable,4,12268.0,8557.0,2053.0,0.093,42210.0,1
B0299,stable,5,12295.0,8422.0,2053.0,0.093,42210.0,1
B0299,stable,6,12166.0,7988.0,2053.0,0.093,42210.0,1
B0299,stable,7,12028.0,8087.0,2053.0,0.093,42210.0,1
B0299,stable,8,12100.0,8481.0,2053.0,0.093,42210.0,1
B0299,stable,9,12367.0,8464.0,2053.0,0.093,42210.0,1
B0299,stable,10,12192.0,8567.0,2053.0,0.093,42210.0,1
B0299,stable,11,12095.0,8511.0,2053.0,0.093,42210.0,1
B0299,stable,12,12363.0,8534.0,2053.0,0.093,42210.0,1
B0299,stable,13,12421.0,9024.0,2053.0,0.093,42210.0,1
B0299,stable,14,12396.0,8960.0,2053.0,0.093,42210.0,1
B0299,stable,15,12414.0,8684.0,2053.0,0.093,42210.0,1
B0299,stable,16,12371.0,8486.0,2053.0,0.093,42210.0,1
B0299,stable,17,12619.0,8896.0,2053.0,0.093,42210.0,1
B0299,stable,18,12641.0,8968.0,2053.0,0.093,42210.0,1
B0299,stable,19,12405.0,8839.0,2053.0,0.093,42210.0,1
B0299,stable,20,12545.0,8821.0,2053.0,0.093,42210.0,1
B0299,stable,21,12543.0,8697.0,2053.0,0.093,42210.0,1
B0299,stable,22,12244.0,8312.0,2053.0,0.093,42210.0,1
B0299,stable,23,12239.0,8506.0,2053.0,0.093,42210.0,1
B0299,stable,24,12309.0,8376.0,2053.0,0.093,42210.0,1
B0299,stable,25,12204.0,8369.0,2053.0,0.093,42210.0,1
B0299,stable,26,12170.0,8561.0,2053.0,0.093,42210.0,1
B0299,stable,27,11952.0,8506.0,2053.0,0.093,42210.0,1
B0299,stable,28,12056.0,8459.0,2053.0,0.093,42210.0,1
B0299,stable,29,12259.0,8258.0,2053.0,0.093,42210.0,1
B0299,stable,30,12254.0,8272.0,2053.0,0.093,42210.0,1
B0299,stable,31,12178.0,8446.0,2053.0,0.093,42210.0,1
B0299,stable,32,12329.0,8405.0,2053.0,0.093,42210.0,1
B0299,stable,33,12341.0,8354.0,2053.0,0.093,42210.0,1
B0299,stable,34,12465.0,8438.0,2053.0,0.093,42210.0,1
B0299,stable,35,12411.0,8190.0,2053.0,0.093,42210.0,1
B0300,structural_decline,0,11670.0,8333.0,1690.0,0.149,48699.0,1
B0300,structural_decline,1,11814.0,8256.0,1690.0,0.149,48699.0,1
B0300,structural_decline,2,11928.0,8157.0,1690.0,0.149,48699.0,1
B0300,structural_decline,3,11983.0,8186.0,1690.0,0.149,48699.0,1
B0300,structural_decline,4,12003.0,8360.0,1690.0,0.149,48699.0,1
B0300,structural_decline,5,11949.0,8175.0,1690.0,0.149,48699.0,1
B0300,structural_decline,6,11873.0,8234.0,1690.0,0.149,48699.0,1
B0300,structural_decline,7,11810.0,8810.0,1690.0,0.149,48699.0,1
B0300,structural_decline,8,11677.0,8724.0,1690.0,0.149,48699.0,1
B0300,structural_decline,9,11731.0,8369.0,1690.0,0.149,48699.0,1
B0300,structural_decline,10,11638.0,8626.0,1690.0,0.149,48699.0,1
B0300,structural_decline,11,11646.0,8785.0,1690.0,0.149,48699.0,1
B0300,structural_decline,12,11916.0,8648.0,1690.0,0.149,48699.0,1
B0300,structural_decline,13,11900.0,8631.0,1690.0,0.149,48699.0,1
B0300,structural_decline,14,11792.0,8608.0,1690.0,0.149,48699.0,1
B0300,structural_decline,15,11848.0,8500.0,1690.0,0.149,48699.0,1
B0300,structural_decline,16,12105.0,8555.0,1690.0,0.149,48699.0,1
B0300,structural_decline,17,12099.0,8475.0,1690.0,0.149,48699.0,1
B0300,structural_decline,18,12000.0,8255.0,1690.0,0.149,48699.0,1
B0300,structural_decline,19,11749.0,8209.0,1690.0,0.149,48699.0,1
B0300,structural_decline,20,11164.0,8465.0,1690.0,0.149,48699.0,1
B0300,structural_decline,21,10949.0,8520.0,1690.0,0.149,48699.0,1
B0300,structural_decline,22,10808.0,8283.0,1690.0,0.149,48699.0,1
B0300,structural_decline,23,9217.0,8509.0,1690.0,0.149,48699.0,0
B0300,structural_decline,24,9033.0,8848.0,1690.0,0.149,48699.0,0
B0300,structural_decline,25,8883.0,8657.0,1690.0,0.149,48699.0,0
B0300,structural_decline,26,9894.0,8164.0,1690.0,0.149,48699.0,1
B0300,structural_decline,27,9719.0,8298.0,1690.0,0.149,48699.0,0
B0300,structural_decline,28,9455.0,8530.0,1690.0,0.149,48699.0,0
B0300,structural_decline,29,9247.0,8493.0,1690.0,0.149,48699.0,0
B0300,structural_decline,30,9031.0,8405.0,1690.0,0.149,48699.0,0
B0300,structural_decline,31,8801.0,8301.0,1690.0,0.149,48699.0,0
B0300,structural_decline,32,8511.0,8177.0,1690.0,0.149,48699.0,0
B0301,structural_decline,0,17657.0,8373.0,2770.0,0.141,50138.0,1
B0301,structural_decline,1,17873.0,8431.0,2770.0,0.141,50138.0,1
B0301,structural_decline,2,17866.0,8755.0,2770.0,0.141,50138.0,1
B0301,structural_decline,3,17942.0,9019.0,2770.0,0.141,50138.0,1
B0301,structural_decline,4,17782.0,8751.0,2770.0,0.141,50138.0,1
B0301,structural_decline,5,17739.0,8518.0,2770.0,0.141,50138.0,1
B0301,structural_decline,6,17793.0,8455.0,2770.0,0.141,50138.0,1
B0301,structural_decline,7,17744.0,8567.0,2770.0,0.141,50138.0,1
B0301,structural_decline,8,17728.0,8604.0,2770.0,0.141,50138.0,1
B0301,structural_decline,9,17700.0,8520.0,2770.0,0.141,50138.0,1
B0301,structural_decline,10,17899.0,8488.0,2770.0,0.141,50138.0,1
B0301,structural_decline,11,17706.0,8557.0,2770.0,0.141,50138.0,1
B0301,structural_decline,12,17805.0,8563.0,2770.0,0.141,50138.0,1
B0301,structural_decline,13,17872.0,8306.0,2770.0,0.141,50138.0,1
B0301,structural_decline,14,17751.0,8476.0,2770.0,0.141,50138.0,1
B0301,structural_decline,15,17858.0,8579.0,2770.0,0.141,50138.0,1
B0301,structural_decline,16,17750.0,8638.0,2770.0,0.141,50138.0,1
B0301,structural_decline,17,18008.0,8551.0,2770.0,0.141,50138.0,1
B0301,structural_decline,18,18117.0,8622.0,2770.0,0.141,50138.0,1
B0301,structural_decline,19,17678.0,8685.0,2770.0,0.141,50138.0,1
B0301,structural_decline,20,17021.0,8832.0,2770.0,0.141,50138.0,1
B0301,structural_decline,21,16494.0,8942.0,2770.0,0.141,50138.0,1
B0301,structural_decline,22,16136.0,8872.0,2770.0,0.141,50138.0,1
B0301,structural_decline,23,15910.0,8686.0,2770.0,0.141,50138.0,1
B0301,structural_decline,24,15741.0,8310.0,2770.0,0.141,50138.0,1
B0301,structural_decline,25,15911.0,8247.0,2770.0,0.141,50138.0,1
B0301,structural_decline,26,15385.0,8428.0,2770.0,0.141,50138.0,1
B0301,structural_decline,27,14865.0,8358.0,2770.0,0.141,50138.0,1
B0301,structural_decline,28,14618.0,8193.0,2770.0,0.141,50138.0,1
B0301,structural_decline,29,14221.0,8393.0,2770.0,0.141,50138.0,1
B0301,structural_decline,30,13770.0,8356.0,2770.0,0.141,50138.0,1
B0301,structural_decline,31,13634.0,8386.0,2770.0,0.141,50138.0,1
B0301,structural_decline,32,13565.0,8298.0,2770.0,0.141,50138.0,1
B0301,structural_decline,33,13161.0,8607.0,2770.0,0.141,50138.0,1
B0301,structural_decline,34,12753.0,8607.0,2770.0,0.141,50138.0,1
B0301,structural_decline,35,12337.0,8719.0,2770.0,0.141,50138.0,1
B0302,structural_decline,0,19509.0,13250.0,2556.0,0.174,57807.0,1
B0302,structural_decline,1,19402.0,13410.0,2556.0,0.174,57807.0,1
B0302,structural_decline,2,19588.0,13126.0,2556.0,0.174,57807.0,1
B0302,structural_decline,3,20306.0,13046.0,2556.0,0.174,57807.0,1
B0302,structural_decline,4,20185.0,13136.0,2556.0,0.174,57807.0,1
B0302,structural_decline,5,19872.0,13372.0,2556.0,0.174,57807.0,1
B0302,structural_decline,6,20008.0,12889.0,2556.0,0.174,57807.0,1
B0302,structural_decline,7,20174.0,12720.0,2556.0,0.174,57807.0,1
B0302,structural_decline,8,20133.0,12944.0,2556.0,0.174,57807.0,1
B0302,structural_decline,9,20074.0,13033.0,2556.0,0.174,57807.0,1
B0302,structural_decline,10,19691.0,13476.0,2556.0,0.174,57807.0,1
B0302,structural_decline,11,19733.0,13638.0,2556.0,0.174,57807.0,1
B0302,structural_decline,12,19827.0,13319.0,2556.0,0.174,57807.0,1
B0302,structural_decline,13,19942.0,12749.0,2556.0,0.174,57807.0,1
B0302,structural_decline,14,19530.0,12701.0,2556.0,0.174,57807.0,1
B0302,structural_decline,15,19128.0,13205.0,2556.0,0.174,57807.0,1
B0302,structural_decline,16,19026.0,13240.0,2556.0,0.174,57807.0,1
B0302,structural_decline,17,18549.0,13206.0,2556.0,0.174,57807.0,1
B0302,structural_decline,18,17844.0,13234.0,2556.0,0.174,57807.0,1
B0302,structural_decline,19,17462.0,13419.0,2556.0,0.174,57807.0,1
B0302,structural_decline,20,17568.0,13281.0,2556.0,0.174,57807.0,1
B0302,structural_decline,21,17102.0,13141.0,2556.0,0.174,57807.0,1
B0302,structural_decline,22,16165.0,13270.0,2556.0,0.174,57807.0,1
B0302,structural_decline,23,15916.0,13019.0,2556.0,0.174,57807.0,1
B0302,structural_decline,24,15677.0,12934.0,2556.0,0.174,57807.0,1
B0302,structural_decline,25,15263.0,12831.0,2556.0,0.174,57807.0,0
B0302,structural_decline,26,14905.0,12879.0,2556.0,0.174,57807.0,0
B0302,structural_decline,27,14831.0,12702.0,2556.0,0.174,57807.0,0
B0302,structural_decline,28,14800.0,12624.0,2556.0,0.174,57807.0,0
B0302,structural_decline,29,14315.0,12762.0,2556.0,0.174,57807.0,0
B0302,structural_decline,30,13956.0,12842.0,2556.0,0.174,57807.0,0
B0302,structural_decline,31,13545.0,12807.0,2556.0,0.174,57807.0,0
B0302,structural_decline,32,13459.0,12617.0,2556.0,0.174,57807.0,0
B0302,structural_decline,33,13021.0,12891.0,2556.0,0.174,57807.0,0
B0302,structural_decline,34,12885.0,12985.0,2556.0,0.174,57807.0,0
B0302,structural_decline,35,12592.0,12439.0,2556.0,0.174,57807.0,0
B0302,structural_decline,36,12247.0,12200.0,2556.0,0.174,57807.0,0
B0302,structural_decline,37,12209.0,12613.0,2556.0,0.174,57807.0,0
B0302,structural_decline,38,11841.0,12787.0,2556.0,0.174,57807.0,0
B0302,structural_decline,39,11579.0,12640.0,2556.0,0.174,57807.0,0
B0302,structural_decline,40,11494.0,12796.0,2556.0,0.174,57807.0,0
B0302,structural_decline,41,11147.0,13229.0,2556.0,0.174,57807.0,0
B0303,structural_decline,0,13568.0,10449.0,1933.0,0.136,42542.0,1
B0303,structural_decline,1,13764.0,10323.0,1933.0,0.136,42542.0,1
B0303,structural_decline,2,13621.0,10021.0,1933.0,0.136,42542.0,1
B0303,structural_decline,3,13731.0,10045.0,1933.0,0.136,42542.0,1
B0303,structural_decline,4,13937.0,10017.0,1933.0,0.136,42542.0,1
B0303,structural_decline,5,13851.0,10230.0,1933.0,0.136,42542.0,1
B0303,structural_decline,6,13740.0,10356.0,1933.0,0.136,42542.0,1
B0303,structural_decline,7,13635.0,10606.0,1933.0,0.136,42542.0,1
B0303,structural_decline,8,13682.0,10833.0,1933.0,0.136,42542.0,1
B0303,structural_decline,9,13897.0,10435.0,1933.0,0.136,42542.0,1
B0303,structural_decline,10,13993.0,10266.0,1933.0,0.136,42542.0,1
B0303,structural_decline,11,14107.0,10424.0,1933.0,0.136,42542.0,1
B0303,structural_decline,12,13808.0,10569.0,1933.0,0.136,42542.0,1
B0303,structural_decline,13,13776.0,10114.0,1933.0,0.136,42542.0,1
B0303,structural_decline,14,13878.0,10059.0,1933.0,0.136,42542.0,1
B0303,structural_decline,15,13985.0,10310.0,1933.0,0.136,42542.0,1
B0303,structural_decline,16,13791.0,10337.0,1933.0,0.136,42542.0,1
B0303,structural_decline,17,13641.0,10437.0,1933.0,0.136,42542.0,1
B0303,structural_decline,18,13935.0,10776.0,1933.0,0.136,42542.0,1
B0303,structural_decline,19,13763.0,11061.0,1933.0,0.136,42542.0,1
B0303,structural_decline,20,13720.0,10928.0,1933.0,0.136,42542.0,1
B0303,structural_decline,21,13385.0,10484.0,1933.0,0.136,42542.0,1
B0303,structural_decline,22,13151.0,10208.0,1933.0,0.136,42542.0,1
B0303,structural_decline,23,13197.0,10611.0,1933.0,0.136,42542.0,1
B0303,structural_decline,24,13002.0,10741.0,1933.0,0.136,42542.0,1
B0303,structural_decline,25,12540.0,10481.0,1933.0,0.136,42542.0,1
B0303,structural_decline,26,12183.0,10366.0,1933.0,0.136,42542.0,0
B0303,structural_decline,27,12149.0,10294.0,1933.0,0.136,42542.0,0
B0303,structural_decline,28,11847.0,10424.0,1933.0,0.136,42542.0,0
B0303,structural_decline,29,11684.0,10727.0,1933.0,0.136,42542.0,0
B0303,structural_decline,30,11762.0,10775.0,1933.0,0.136,42542.0,0
B0303,structural_decline,31,11507.0,10738.0,1933.0,0.136,42542.0,0
B0303,structural_decline,32,11329.0,10872.0,1933.0,0.136,42542.0,0
B0303,structural_decline,33,11072.0,10550.0,1933.0,0.136,42542.0,0
B0303,structural_decline,34,10788.0,10435.0,1933.0,0.136,42542.0,0
B0303,structural_decline,35,10722.0,10584.0,1933.0,0.136,42542.0,0
B0303,structural_decline,36,10615.0,10304.0,1933.0,0.136,42542.0,0
B0303,structural_decline,37,10274.0,10408.0,1933.0,0.136,42542.0,0
B0303,structural_decline,38,9894.0,10433.0,1933.0,0.136,42542.0,0
B0303,structural_decline,39,9792.0,10688.0,1933.0,0.136,42542.0,0
B0303,structural_decline,40,9746.0,10898.0,1933.0,0.136,42542.0,0
B0304,temporary_stress,0,11321.0,7825.0,2085.0,0.269,28911.0,1
B0304,temporary_stress,1,11159.0,7699.0,2085.0,0.269,28911.0,1
B0304,temporary_stress,2,11024.0,7243.0,2085.0,0.269,28911.0,1
B0304,temporary_stress,3,11086.0,7237.0,2085.0,0.269,28911.0,1
B0304,temporary_stress,4,11310.0,7467.0,2085.0,0.269,28911.0,1
B0304,temporary_stress,5,11502.0,7585.0,2085.0,0.269,28911.0,1
B0304,temporary_stress,6,11535.0,7445.0,2085.0,0.269,28911.0,1
B0304,temporary_stress,7,11552.0,7446.0,2085.0,0.269,28911.0,1
B0304,temporary_stress,8,11586.0,7689.0,2085.0,0.269,28911.0,1
B0304,temporary_stress,9,11505.0,7625.0,2085.0,0.269,28911.0,1
B0304,temporary_stress,10,11363.0,7285.0,2085.0,0.269,28911.0,1
B0304,temporary_stress,11,11264.0,7398.0,2085.0,0.269,28911.0,1
B0304,temporary_stress,12,11120.0,7053.0,2085.0,0.269,28911.0,1
B0304,temporary_stress,13,11060.0,7037.0,2085.0,0.269,28911.0,1
B0304,temporary_stress,14,11146.0,7077.0,2085.0,0.269,28911.0,1
B0304,temporary_stress,15,11147.0,7361.0,2085.0,0.269,28911.0,1
B0304,temporary_stress,16,11101.0,7434.0,2085.0,0.269,28911.0,1
B0304,temporary_stress,17,11126.0,7320.0,2085.0,0.269,28911.0,1
B0304,temporary_stress,18,11250.0,7369.0,2085.0,0.269,28911.0,1
B0304,temporary_stress,19,11301.0,7226.0,2085.0,0.269,28911.0,1
B0304,temporary_stress,20,11317.0,7161.0,2085.0,0.269,28911.0,1
B0304,temporary_stress,21,11167.0,7455.0,2085.0,0.269,28911.0,1
B0304,temporary_stress,22,11542.0,7519.0,2085.0,0.269,28911.0,1
B0304,temporary_stress,23,5998.0,7228.0,2085.0,0.269,28911.0,0
B0304,temporary_stress,24,5907.0,7482.0,2085.0,0.269,28911.0,0
B0304,temporary_stress,25,5889.0,7547.0,2085.0,0.269,28911.0,0
B0304,temporary_stress,26,5990.0,7291.0,2085.0,0.269,28911.0,0
B0304,temporary_stress,27,5928.0,7169.0,2085.0,0.269,28911.0,0
B0304,temporary_stress,28,6220.0,7441.0,2085.0,0.269,28911.0,0
B0304,temporary_stress,29,6952.0,7465.0,2085.0,0.269,28911.0,0
B0304,temporary_stress,30,7593.0,7255.0,2085.0,0.269,28911.0,0
B0304,temporary_stress,31,8195.0,7538.0,2085.0,0.269,28911.0,0
B0304,temporary_stress,32,8981.0,7413.0,2085.0,0.269,28911.0,0
B0304,temporary_stress,33,9668.0,7541.0,2085.0,0.269,28911.0,1
B0304,temporary_stress,34,10381.0,7545.0,2085.0,0.269,28911.0,1
B0304,temporary_stress,35,11033.0,7306.0,2085.0,0.269,28911.0,1
B0304,temporary_stress,36,11201.0,7420.0,2085.0,0.269,28911.0,1
B0304,temporary_stress,37,11539.0,7523.0,2085.0,0.269,28911.0,1
B0304,temporary_stress,38,11624.0,7390.0,2085.0,0.269,28911.0,1
B0304,temporary_stress,39,11349.0,7514.0,2085.0,0.269,28911.0,1
B0304,temporary_stress,40,11360.0,7381.0,2085.0,0.269,28911.0,1
B0304,temporary_stress,41,11579.0,7251.0,2085.0,0.269,28911.0,1
B0305,temporary_stress,0,20216.0,11447.0,2833.0,0.13,85181.0,1
B0305,temporary_stress,1,19868.0,11352.0,2833.0,0.13,85181.0,1
B0305,temporary_stress,2,20022.0,11391.0,2833.0,0.13,85181.0,1
B0305,temporary_stress,3,19903.0,11144.0,2833.0,0.13,85181.0,1
B0305,temporary_stress,4,19644.0,11339.0,2833.0,0.13,85181.0,1
B0305,temporary_stress,5,19659.0,11168.0,2833.0,0.13,85181.0,1
B0305,temporary_stress,6,19695.0,10796.0,2833.0,0.13,85181.0,1
B0305,temporary_stress,7,19832.0,10840.0,2833.0,0.13,85181.0,1
B0305,temporary_stress,8,19664.0,10991.0,2833.0,0.13,85181.0,1
B0305,temporary_stress,9,19658.0,11154.0,2833.0,0.13,85181.0,1
B0305,temporary_stress,10,19944.0,11220.0,2833.0,0.13,85181.0,1
B0305,temporary_stress,11,20325.0,11370.0,2833.0,0.13,85181.0,1
B0305,temporary_stress,12,20457.0,11314.0,2833.0,0.13,85181.0,1
B0305,temporary_stress,13,20365.0,11024.0,2833.0,0.13,85181.0,1
B0305,temporary_stress,14,19964.0,11339.0,2833.0,0.13,85181.0,1
B0305,temporary_stress,15,19574.0,11069.0,2833.0,0.13,85181.0,1
B0305,temporary_stress,16,19920.0,10686.0,2833.0,0.13,85181.0,1
B0305,temporary_stress,17,20320.0,10730.0,2833.0,0.13,85181.0,1
B0305,temporary_stress,18,12095.0,11227.0,2833.0,0.13,85181.0,0
B0305,temporary_stress,19,11867.0,11429.0,2833.0,0.13,85181.0,0
B0305,temporary_stress,20,11742.0,11119.0,2833.0,0.13,85181.0,0
B0305,temporary_stress,21,11846.0,11195.0,2833.0,0.13,85181.0,0
B0305,temporary_stress,22,13419.0,11096.0,2833.0,0.13,85181.0,0
B0305,temporary_stress,23,14848.0,11300.0,2833.0,0.13,85181.0,1
B0305,temporary_stress,24,16383.0,11357.0,2833.0,0.13,85181.0,1
B0305,temporary_stress,25,17593.0,11953.0,2833.0,0.13,85181.0,1
B0305,temporary_stress,26,18481.0,11892.0,2833.0,0.13,85181.0,1
B0305,temporary_stress,27,20261.0,11678.0,2833.0,0.13,85181.0,1
B0305,temporary_stress,28,20398.0,11670.0,2833.0,0.13,85181.0,1
B0305,temporary_stress,29,20599.0,11676.0,2833.0,0.13,85181.0,1
B0305,temporary_stress,30,20718.0,11275.0,2833.0,0.13,85181.0,1
B0305,temporary_stress,31,20709.0,11249.0,2833.0,0.13,85181.0,1
B0305,temporary_stress,32,20611.0,10950.0,2833.0,0.13,85181.0,1
B0305,temporary_stress,33,20280.0,10919.0,2833.0,0.13,85181.0,1
B0306,structural_decline,0,17690.0,9831.0,4015.0,0.081,53205.0,1
B0306,structural_decline,1,17441.0,9874.0,4015.0,0.081,53205.0,1
B0306,structural_decline,2,17520.0,9972.0,4015.0,0.081,53205.0,1
B0306,structural_decline,3,17783.0,10330.0,4015.0,0.081,53205.0,1
B0306,structural_decline,4,17542.0,10325.0,4015.0,0.081,53205.0,1
B0306,structural_decline,5,17208.0,10214.0,4015.0,0.081,53205.0,1
B0306,structural_decline,6,17252.0,10412.0,4015.0,0.081,53205.0,1
B0306,structural_decline,7,17466.0,10193.0,4015.0,0.081,53205.0,1
B0306,structural_decline,8,17520.0,10003.0,4015.0,0.081,53205.0,1
B0306,structural_decline,9,17591.0,9883.0,4015.0,0.081,53205.0,1
B0306,structural_decline,10,17562.0,10065.0,4015.0,0.081,53205.0,1
B0306,structural_decline,11,17686.0,10235.0,4015.0,0.081,53205.0,1
B0306,structural_decline,12,17718.0,10290.0,4015.0,0.081,53205.0,1
B0306,structural_decline,13,17591.0,10089.0,4015.0,0.081,53205.0,1
B0306,structural_decline,14,17535.0,10299.0,4015.0,0.081,53205.0,1
B0306,structural_decline,15,17429.0,10105.0,4015.0,0.081,53205.0,1
B0306,structural_decline,16,17588.0,10516.0,4015.0,0.081,53205.0,1
B0306,structural_decline,17,17773.0,10774.0,4015.0,0.081,53205.0,1
B0306,structural_decline,18,17427.0,10866.0,4015.0,0.081,53205.0,1
B0306,structural_decline,19,17207.0,10482.0,4015.0,0.081,53205.0,1
B0306,structural_decline,20,17388.0,10786.0,4015.0,0.081,53205.0,1
B0306,structural_decline,21,17444.0,11037.0,4015.0,0.081,53205.0,1
B0306,structural_decline,22,17194.0,10684.0,4015.0,0.081,53205.0,1
B0306,structural_decline,23,16920.0,10323.0,4015.0,0.081,53205.0,1
B0306,structural_decline,24,17182.0,9993.0,4015.0,0.081,53205.0,1
B0306,structural_decline,25,17408.0,10085.0,4015.0,0.081,53205.0,1
B0306,structural_decline,26,17384.0,10099.0,4015.0,0.081,53205.0,1
B0306,structural_decline,27,17059.0,10174.0,4015.0,0.081,53205.0,1
B0306,structural_decline,28,13463.0,10279.0,4015.0,0.081,53205.0,0
B0306,structural_decline,29,13506.0,10281.0,4015.0,0.081,53205.0,0
B0306,structural_decline,30,16636.0,10130.0,4015.0,0.081,53205.0,1
B0306,structural_decline,31,16427.0,9938.0,4015.0,0.081,53205.0,1
B0306,structural_decline,32,16248.0,9986.0,4015.0,0.081,53205.0,1
B0306,structural_decline,33,16059.0,10474.0,4015.0,0.081,53205.0,1
B0306,structural_decline,34,15674.0,10520.0,4015.0,0.081,53205.0,1
B0306,structural_decline,35,15414.0,10196.0,4015.0,0.081,53205.0,1
B0306,structural_decline,36,15463.0,10472.0,4015.0,0.081,53205.0,1
B0306,structural_decline,37,15040.0,9988.0,4015.0,0.081,53205.0,1
B0306,structural_decline,38,15203.0,9937.0,4015.0,0.081,53205.0,1
B0306,structural_decline,39,14979.0,9810.0,4015.0,0.081,53205.0,1
B0306,structural_decline,40,14310.0,9660.0,4015.0,0.081,53205.0,1
B0307,temporary_stress,0,14823.0,10976.0,2075.0,0.199,43667.0,1
B0307,temporary_stress,1,14838.0,10684.0,2075.0,0.199,43667.0,1
B0307,temporary_stress,2,14811.0,10762.0,2075.0,0.199,43667.0,1
B0307,temporary_stress,3,14395.0,10706.0,2075.0,0.199,43667.0,1
B0307,temporary_stress,4,14372.0,11031.0,2075.0,0.199,43667.0,1
B0307,temporary_stress,5,14230.0,10706.0,2075.0,0.199,43667.0,1
B0307,temporary_stress,6,14292.0,10301.0,2075.0,0.199,43667.0,1
B0307,temporary_stress,7,14314.0,10976.0,2075.0,0.199,43667.0,1
B0307,temporary_stress,8,14206.0,11049.0,2075.0,0.199,43667.0,1
B0307,temporary_stress,9,7940.0,10714.0,2075.0,0.199,43667.0,0
B0307,temporary_stress,10,8148.0,10485.0,2075.0,0.199,43667.0,0
B0307,temporary_stress,11,8111.0,10394.0,2075.0,0.199,43667.0,0
B0307,temporary_stress,12,8388.0,10595.0,2075.0,0.199,43667.0,0
B0307,temporary_stress,13,10562.0,10388.0,2075.0,0.199,43667.0,0
B0307,temporary_stress,14,12820.0,10543.0,2075.0,0.199,43667.0,1
B0307,temporary_stress,15,15224.0,10783.0,2075.0,0.199,43667.0,1
B0307,temporary_stress,16,14994.0,10420.0,2075.0,0.199,43667.0,1
B0307,temporary_stress,17,14647.0,10327.0,2075.0,0.199,43667.0,1
B0307,temporary_stress,18,14395.0,10289.0,2075.0,0.199,43667.0,1
B0307,temporary_stress,19,14288.0,10626.0,2075.0,0.199,43667.0,1
B0307,temporary_stress,20,14144.0,11500.0,2075.0,0.199,43667.0,1
B0307,temporary_stress,21,14034.0,11140.0,2075.0,0.199,43667.0,1
B0307,temporary_stress,22,13927.0,10580.0,2075.0,0.199,43667.0,1
B0307,temporary_stress,23,13984.0,10646.0,2075.0,0.199,43667.0,1
B0307,temporary_stress,24,13873.0,10981.0,2075.0,0.199,43667.0,1
B0307,temporary_stress,25,14119.0,11374.0,2075.0,0.199,43667.0,1
B0307,temporary_stress,26,14383.0,11078.0,2075.0,0.199,43667.0,1
B0307,temporary_stress,27,14813.0,10815.0,2075.0,0.199,43667.0,1
B0307,temporary_stress,28,14674.0,10960.0,2075.0,0.199,43667.0,1
B0307,temporary_stress,29,14647.0,11102.0,2075.0,0.199,43667.0,1
B0307,temporary_stress,30,14788.0,11405.0,2075.0,0.199,43667.0,1
B0308,temporary_stress,0,14038.0,7552.0,2449.0,0.154,57272.0,1
B0308,temporary_stress,1,14025.0,7615.0,2449.0,0.154,57272.0,1
B0308,temporary_stress,2,13927.0,7546.0,2449.0,0.154,57272.0,1
B0308,temporary_stress,3,13816.0,7401.0,2449.0,0.154,57272.0,1
B0308,temporary_stress,4,13682.0,7220.0,2449.0,0.154,57272.0,1
B0308,temporary_stress,5,13767.0,6956.0,2449.0,0.154,57272.0,1
B0308,temporary_stress,6,14024.0,7058.0,2449.0,0.154,57272.0,1
B0308,temporary_stress,7,14200.0,6949.0,2449.0,0.154,57272.0,1
B0308,temporary_stress,8,13980.0,7016.0,2449.0,0.154,57272.0,1
B0308,temporary_stress,9,13804.0,6797.0,2449.0,0.154,57272.0,1
B0308,temporary_stress,10,14020.0,6682.0,2449.0,0.154,57272.0,1
B0308,temporary_stress,11,14206.0,6824.0,2449.0,0.154,57272.0,1
B0308,temporary_stress,12,13997.0,6987.0,2449.0,0.154,57272.0,1
B0308,temporary_stress,13,13706.0,6773.0,2449.0,0.154,57272.0,1
B0308,temporary_stress,14,14129.0,6535.0,2449.0,0.154,57272.0,1
B0308,temporary_stress,15,14270.0,6880.0,2449.0,0.154,57272.0,1
B0308,temporary_stress,16,14013.0,7123.0,2449.0,0.154,57272.0,1
B0308,temporary_stress,17,14095.0,7026.0,2449.0,0.154,57272.0,1
B0308,temporary_stress,18,14014.0,6978.0,2449.0,0.154,57272.0,1
B0308,temporary_stress,19,13888.0,7206.0,2449.0,0.154,57272.0,1
B0308,temporary_stress,20,13948.0,7189.0,2449.0,0.154,57272.0,1
B0308,temporary_stress,21,7429.0,7149.0,2449.0,0.154,57272.0,0
B0308,temporary_stress,22,7404.0,7076.0,2449.0,0.154,57272.0,0
B0308,temporary_stress,23,7475.0,7088.0,2449.0,0.154,57272.0,0
B0308,temporary_stress,24,7494.0,7126.0,2449.0,0.154,57272.0,0
B0308,temporary_stress,25,7301.0,7153.0,2449.0,0.154,57272.0,0
B0308,temporary_stress,26,8333.0,7099.0,2449.0,0.154,57272.0,0
B0308,temporary_stress,27,10447.0,7084.0,2449.0,0.154,57272.0,1
B0308,temporary_stress,28,12565.0,7194.0,2449.0,0.154,57272.0,1
B0308,temporary_stress,29,14260.0,7120.0,2449.0,0.154,57272.0,1
B0308,temporary_stress,30,14153.0,7362.0,2449.0,0.154,57272.0,1
B0308,temporary_stress,31,14323.0,7402.0,2449.0,0.154,57272.0,1
B0308,temporary_stress,32,14260.0,7229.0,2449.0,0.154,57272.0,1
B0308,temporary_stress,33,14092.0,7193.0,2449.0,0.154,57272.0,1
B0308,temporary_stress,34,14288.0,7449.0,2449.0,0.154,57272.0,1
B0308,temporary_stress,35,14202.0,7652.0,2449.0,0.154,57272.0,1
B0308,temporary_stress,36,13955.0,7499.0,2449.0,0.154,57272.0,1
B0309,stable,0,11056.0,6733.0,1627.0,0.188,47534.0,1
B0309,stable,1,11030.0,6604.0,1627.0,0.188,47534.0,1
B0309,stable,2,10922.0,6284.0,1627.0,0.188,47534.0,1
B0309,stable,3,11125.0,6514.0,1627.0,0.188,47534.0,1
B0309,stable,4,11261.0,6744.0,1627.0,0.188,47534.0,1
B0309,stable,5,11110.0,6769.0,1627.0,0.188,47534.0,1
B0309,stable,6,10946.0,6511.0,1627.0,0.188,47534.0,1
B0309,stable,7,10949.0,6680.0,1627.0,0.188,47534.0,1
B0309,stable,8,10932.0,6666.0,1627.0,0.188,47534.0,1
B0309,stable,9,11081.0,6620.0,1627.0,0.188,47534.0,1
B0309,stable,10,11366.0,6807.0,1627.0,0.188,47534.0,1
B0309,stable,11,11382.0,6938.0,1627.0,0.188,47534.0,1
B0309,stable,12,11260.0,6820.0,1627.0,0.188,47534.0,1
B0309,stable,13,11160.0,6712.0,1627.0,0.188,47534.0,1
B0309,stable,14,10992.0,6588.0,1627.0,0.188,47534.0,1
B0309,stable,15,11004.0,6592.0,1627.0,0.188,47534.0,1
B0309,stable,16,10889.0,6436.0,1627.0,0.188,47534.0,1
B0309,stable,17,10681.0,6248.0,1627.0,0.188,47534.0,1
B0309,stable,18,10596.0,6536.0,1627.0,0.188,47534.0,1
B0309,stable,19,10797.0,6780.0,1627.0,0.188,47534.0,1
B0309,stable,20,10964.0,6963.0,1627.0,0.188,47534.0,1
B0309,stable,21,10971.0,6684.0,1627.0,0.188,47534.0,1
B0309,stable,22,10860.0,6734.0,1627.0,0.188,47534.0,1
B0309,stable,23,10727.0,6745.0,1627.0,0.188,47534.0,1
B0309,stable,24,10885.0,6818.0,1627.0,0.188,47534.0,1
B0309,stable,25,11198.0,6678.0,1627.0,0.188,47534.0,1
B0309,stable,26,11187.0,6829.0,1627.0,0.188,47534.0,1
B0309,stable,27,11181.0,6741.0,1627.0,0.188,47534.0,1
B0309,stable,28,11179.0,6714.0,1627.0,0.188,47534.0,1
B0309,stable,29,11376.0,6865.0,1627.0,0.188,47534.0,1
B0309,stable,30,11373.0,6988.0,1627.0,0.188,47534.0,1
B0309,stable,31,11354.0,6558.0,1627.0,0.188,47534.0,1
B0309,stable,32,11405.0,6444.0,1627.0,0.188,47534.0,1
B0309,stable,33,11208.0,6788.0,1627.0,0.188,47534.0,1
B0309,stable,34,11005.0,6902.0,1627.0,0.188,47534.0,1
B0309,stable,35,10943.0,6737.0,1627.0,0.188,47534.0,1
B0310,structural_decline,0,15215.0,12048.0,1761.0,0.106,73208.0,1
B0310,structural_decline,1,14806.0,11274.0,1761.0,0.106,73208.0,1
B0310,structural_decline,2,14691.0,11256.0,1761.0,0.106,73208.0,1
B0310,structural_decline,3,14827.0,11574.0,1761.0,0.106,73208.0,1
B0310,structural_decline,4,14867.0,11260.0,1761.0,0.106,73208.0,1
B0310,structural_decline,5,14468.0,11310.0,1761.0,0.106,73208.0,1
B0310,structural_decline,6,14621.0,11012.0,1761.0,0.106,73208.0,1
B0310,structural_decline,7,14848.0,10725.0,1761.0,0.106,73208.0,1
B0310,structural_decline,8,15146.0,10862.0,1761.0,0.106,73208.0,1
B0310,structural_decline,9,15100.0,10960.0,1761.0,0.106,73208.0,1
B0310,structural_decline,10,14721.0,11219.0,1761.0,0.106,73208.0,1
B0310,structural_decline,11,14351.0,11311.0,1761.0,0.106,73208.0,1
B0310,structural_decline,12,14255.0,11193.0,1761.0,0.106,73208.0,1
B0310,structural_decline,13,13987.0,11235.0,1761.0,0.106,73208.0,1
B0310,structural_decline,14,13824.0,11335.0,1761.0,0.106,73208.0,1
B0310,structural_decline,15,13618.0,11261.0,1761.0,0.106,73208.0,1
B0310,structural_decline,16,13488.0,11029.0,1761.0,0.106,73208.0,1
B0310,structural_decline,17,13385.0,10840.0,1761.0,0.106,73208.0,1
B0310,structural_decline,18,13117.0,10865.0,1761.0,0.106,73208.0,1
B0310,structural_decline,19,12934.0,10783.0,1761.0,0.106,73208.0,1
B0310,structural_decline,20,12834.0,11027.0,1761.0,0.106,73208.0,1
B0310,structural_decline,21,12819.0,11354.0,1761.0,0.106,73208.0,0
B0310,structural_decline,22,12633.0,11604.0,1761.0,0.106,73208.0,0
B0310,structural_decline,23,12191.0,11303.0,1761.0,0.106,73208.0,0
B0310,structural_decline,24,12034.0,10993.0,1761.0,0.106,73208.0,0
B0310,structural_decline,25,11768.0,11122.0,1761.0,0.106,73208.0,0
B0310,structural_decline,26,11831.0,10804.0,1761.0,0.106,73208.0,0
B0310,structural_decline,27,11668.0,11044.0,1761.0,0.106,73208.0,0
B0310,structural_decline,28,11454.0,11464.0,1761.0,0.106,73208.0,0
B0310,structural_decline,29,11477.0,11659.0,1761.0,0.106,73208.0,0
B0310,structural_decline,30,11220.0,11399.0,1761.0,0.106,73208.0,0
B0310,structural_decline,31,10771.0,11334.0,1761.0,0.106,73208.0,0
B0310,structural_decline,32,10723.0,11548.0,1761.0,0.106,73208.0,0
B0310,structural_decline,33,10717.0,11838.0,1761.0,0.106,73208.0,0
B0310,structural_decline,34,10504.0,11660.0,1761.0,0.106,73208.0,0
B0311,stable,0,16872.0,11698.0,3684.0,0.112,59184.0,1
B0311,stable,1,16865.0,11182.0,3684.0,0.112,59184.0,1
B0311,stable,2,16780.0,11405.0,3684.0,0.112,59184.0,1
B0311,stable,3,17190.0,12216.0,3684.0,0.112,59184.0,1
B0311,stable,4,17440.0,12156.0,3684.0,0.112,59184.0,1
B0311,stable,5,17522.0,11705.0,3684.0,0.112,59184.0,1
B0311,stable,6,17859.0,11694.0,3684.0,0.112,59184.0,1
B0311,stable,7,17821.0,11687.0,3684.0,0.112,59184.0,1
B0311,stable,8,17622.0,11603.0,3684.0,0.112,59184.0,1
B0311,stable,9,17719.0,11330.0,3684.0,0.112,59184.0,1
B0311,stable,10,18165.0,11336.0,3684.0,0.112,59184.0,1
B0311,stable,11,18365.0,11352.0,3684.0,0.112,59184.0,1
B0311,stable,12,17737.0,11476.0,3684.0,0.112,59184.0,1
B0311,stable,13,17212.0,11215.0,3684.0,0.112,59184.0,1
B0311,stable,14,17209.0,11349.0,3684.0,0.112,59184.0,1
B0311,stable,15,17021.0,11576.0,3684.0,0.112,59184.0,1
B0311,stable,16,16918.0,11603.0,3684.0,0.112,59184.0,1
B0311,stable,17,16953.0,11580.0,3684.0,0.112,59184.0,1
B0311,stable,18,16731.0,11796.0,3684.0,0.112,59184.0,1
B0311,stable,19,16274.0,11694.0,3684.0,0.112,59184.0,1
B0311,stable,20,16456.0,11831.0,3684.0,0.112,59184.0,1
B0311,stable,21,16894.0,12124.0,3684.0,0.112,59184.0,1
B0311,stable,22,17295.0,11847.0,3684.0,0.112,59184.0,1
B0311,stable,23,17377.0,11842.0,3684.0,0.112,59184.0,1
B0311,stable,24,17375.0,11764.0,3684.0,0.112,59184.0,1
B0311,stable,25,17524.0,11633.0,3684.0,0.112,59184.0,1
B0311,stable,26,17798.0,11456.0,3684.0,0.112,59184.0,1
B0311,stable,27,17640.0,11988.0,3684.0,0.112,59184.0,1
B0311,stable,28,17543.0,11993.0,3684.0,0.112,59184.0,1
B0311,stable,29,17917.0,12067.0,3684.0,0.112,59184.0,1
B0311,stable,30,17759.0,11847.0,3684.0,0.112,59184.0,1
B0311,stable,31,17301.0,11596.0,3684.0,0.112,59184.0,1
B0311,stable,32,17188.0,11569.0,3684.0,0.112,59184.0,1
B0311,stable,33,17063.0,11266.0,3684.0,0.112,59184.0,1
B0311,stable,34,16896.0,11379.0,3684.0,0.112,59184.0,1
B0311,stable,35,16741.0,11822.0,3684.0,0.112,59184.0,1
B0311,stable,36,16592.0,11792.0,3684.0,0.112,59184.0,1
B0311,stable,37,16672.0,11598.0,3684.0,0.112,59184.0,1
B0311,stable,38,17010.0,11647.0,3684.0,0.112,59184.0,1
B0311,stable,39,16932.0,11319.0,3684.0,0.112,59184.0,1
B0311,stable,40,16736.0,11389.0,3684.0,0.112,59184.0,1
B0312,temporary_stress,0,16207.0,10581.0,2220.0,0.105,75033.0,1
B0312,temporary_stress,1,16031.0,10326.0,2220.0,0.105,75033.0,1
B0312,temporary_stress,2,16086.0,10278.0,2220.0,0.105,75033.0,1
B0312,temporary_stress,3,16086.0,10764.0,2220.0,0.105,75033.0,1
B0312,temporary_stress,4,16059.0,10626.0,2220.0,0.105,75033.0,1
B0312,temporary_stress,5,16071.0,10423.0,2220.0,0.105,75033.0,1
B0312,temporary_stress,6,16245.0,10823.0,2220.0,0.105,75033.0,1
B0312,temporary_stress,7,16123.0,10573.0,2220.0,0.105,75033.0,1
B0312,temporary_stress,8,15851.0,10752.0,2220.0,0.105,75033.0,1
B0312,temporary_stress,9,15922.0,10731.0,2220.0,0.105,75033.0,1
B0312,temporary_stress,10,15765.0,10542.0,2220.0,0.105,75033.0,1
B0312,temporary_stress,11,15770.0,10729.0,2220.0,0.105,75033.0,1
B0312,temporary_stress,12,15354.0,11183.0,2220.0,0.105,75033.0,1
B0312,temporary_stress,13,6972.0,11244.0,2220.0,0.105,75033.0,0
B0312,temporary_stress,14,7046.0,10894.0,2220.0,0.105,75033.0,0
B0312,temporary_stress,15,7065.0,10736.0,2220.0,0.105,75033.0,0
B0312,temporary_stress,16,7101.0,10754.0,2220.0,0.105,75033.0,0
B0312,temporary_stress,17,7180.0,11145.0,2220.0,0.105,75033.0,0
B0312,temporary_stress,18,7253.0,11009.0,2220.0,0.105,75033.0,0
B0312,temporary_stress,19,8495.0,11162.0,2220.0,0.105,75033.0,0
B0312,temporary_stress,20,9637.0,11283.0,2220.0,0.105,75033.0,0
B0312,temporary_stress,21,10664.0,11214.0,2220.0,0.105,75033.0,0
B0312,temporary_stress,22,11671.0,10834.0,2220.0,0.105,75033.0,0
B0312,temporary_stress,23,12529.0,10880.0,2220.0,0.105,75033.0,0
B0312,temporary_stress,24,13534.0,10404.0,2220.0,0.105,75033.0,1
B0312,temporary_stress,25,14754.0,10449.0,2220.0,0.105,75033.0,1
B0312,temporary_stress,26,15681.0,10649.0,2220.0,0.105,75033.0,1
B0312,temporary_stress,27,15388.0,10635.0,2220.0,0.105,75033.0,1
B0312,temporary_stress,28,15341.0,10678.0,2220.0,0.105,75033.0,1
B0312,temporary_stress,29,15457.0,10692.0,2220.0,0.105,75033.0,1
B0312,temporary_stress,30,15323.0,10873.0,2220.0,0.105,75033.0,1
B0313,stable,0,17469.0,12148.0,3807.0,0.126,93219.0,1
B0313,stable,1,17965.0,11551.0,3807.0,0.126,93219.0,1
B0313,stable,2,18398.0,11893.0,3807.0,0.126,93219.0,1
B0313,stable,3,18415.0,12460.0,3807.0,0.126,93219.0,1
B0313,stable,4,18481.0,12507.0,3807.0,0.126,93219.0,1
B0313,stable,5,18489.0,11931.0,3807.0,0.126,93219.0,1
B0313,stable,6,18111.0,12272.0,3807.0,0.126,93219.0,1
B0313,stable,7,18203.0,12657.0,3807.0,0.126,93219.0,1
B0313,stable,8,18900.0,12040.0,3807.0,0.126,93219.0,1
B0313,stable,9,18953.0,12363.0,3807.0,0.126,93219.0,1
B0313,stable,10,18938.0,12196.0,3807.0,0.126,93219.0,1
B0313,stable,11,19364.0,11773.0,3807.0,0.126,93219.0,1
B0313,stable,12,18980.0,12605.0,3807.0,0.126,93219.0,1
B0313,stable,13,18730.0,12906.0,3807.0,0.126,93219.0,1
B0313,stable,14,18286.0,12466.0,3807.0,0.126,93219.0,1
B0313,stable,15,18371.0,12238.0,3807.0,0.126,93219.0,1
B0313,stable,16,18171.0,12252.0,3807.0,0.126,93219.0,1
B0313,stable,17,17922.0,12262.0,3807.0,0.126,93219.0,1
B0313,stable,18,17718.0,12203.0,3807.0,0.126,93219.0,1
B0313,stable,19,17785.0,12380.0,3807.0,0.126,93219.0,1
B0313,stable,20,17857.0,12702.0,3807.0,0.126,93219.0,1
B0313,stable,21,17849.0,12765.0,3807.0,0.126,93219.0,1
B0313,stable,22,17787.0,12557.0,3807.0,0.126,93219.0,1
B0313,stable,23,17903.0,12084.0,3807.0,0.126,93219.0,1
B0313,stable,24,18242.0,12036.0,3807.0,0.126,93219.0,1
B0313,stable,25,18441.0,11992.0,3807.0,0.126,93219.0,1
B0313,stable,26,18420.0,12303.0,3807.0,0.126,93219.0,1
B0313,stable,27,18060.0,12785.0,3807.0,0.126,93219.0,1
B0313,stable,28,18289.0,12325.0,3807.0,0.126,93219.0,1
B0313,stable,29,18452.0,12110.0,3807.0,0.126,93219.0,1
B0313,stable,30,18391.0,11988.0,3807.0,0.126,93219.0,1
B0313,stable,31,18445.0,11790.0,3807.0,0.126,93219.0,1
B0313,stable,32,18538.0,11929.0,3807.0,0.126,93219.0,1
B0313,stable,33,18330.0,12323.0,3807.0,0.126,93219.0,1
B0313,stable,34,18133.0,12469.0,3807.0,0.126,93219.0,1
B0313,stable,35,18164.0,12449.0,3807.0,0.126,93219.0,1
B0313,stable,36,18298.0,12533.0,3807.0,0.126,93219.0,1
B0313,stable,37,17859.0,12282.0,3807.0,0.126,93219.0,1
B0313,stable,38,17844.0,12222.0,3807.0,0.126,93219.0,1
B0313,stable,39,17707.0,12516.0,3807.0,0.126,93219.0,1
B0313,stable,40,17521.0,13002.0,3807.0,0.126,93219.0,1
B0313,stable,41,17461.0,12735.0,3807.0,0.126,93219.0,1
B0314,structural_decline,0,16581.0,7947.0,2997.0,0.165,42133.0,1
B0314,structural_decline,1,16307.0,8313.0,2997.0,0.165,42133.0,1
B0314,structural_decline,2,16161.0,8649.0,2997.0,0.165,42133.0,1
B0314,structural_decline,3,16459.0,8298.0,2997.0,0.165,42133.0,1
B0314,structural_decline,4,16523.0,7970.0,2997.0,0.165,42133.0,1
B0314,structural_decline,5,16115.0,8189.0,2997.0,0.165,42133.0,1
B0314,structural_decline,6,16148.0,8238.0,2997.0,0.165,42133.0,1
B0314,structural_decline,7,16356.0,8058.0,2997.0,0.165,42133.0,1
B0314,structural_decline,8,16268.0,8177.0,2997.0,0.165,42133.0,1
B0314,structural_decline,9,15744.0,8249.0,2997.0,0.165,42133.0,1
B0314,structural_decline,10,15544.0,8026.0,2997.0,0.165,42133.0,1
B0314,structural_decline,11,15211.0,8120.0,2997.0,0.165,42133.0,1
B0314,structural_decline,12,15015.0,8073.0,2997.0,0.165,42133.0,1
B0314,structural_decline,13,14714.0,7809.0,2997.0,0.165,42133.0,1
B0314,structural_decline,14,14376.0,7796.0,2997.0,0.165,42133.0,1
B0314,structural_decline,15,14015.0,7980.0,2997.0,0.165,42133.0,1
B0314,structural_decline,16,13450.0,8223.0,2997.0,0.165,42133.0,1
B0314,structural_decline,17,13133.0,8185.0,2997.0,0.165,42133.0,1
B0314,structural_decline,18,12750.0,8148.0,2997.0,0.165,42133.0,1
B0314,structural_decline,19,12517.0,8183.0,2997.0,0.165,42133.0,1
B0314,structural_decline,20,12382.0,8357.0,2997.0,0.165,42133.0,1
B0314,structural_decline,21,12129.0,8411.0,2997.0,0.165,42133.0,1
B0314,structural_decline,22,11756.0,8310.0,2997.0,0.165,42133.0,1
B0314,structural_decline,23,11393.0,8243.0,2997.0,0.165,42133.0,1
B0314,structural_decline,24,11071.0,8239.0,2997.0,0.165,42133.0,0
B0314,structural_decline,25,8721.0,8283.0,2997.0,0.165,42133.0,0
B0314,structural_decline,26,8565.0,8160.0,2997.0,0.165,42133.0,0
B0314,structural_decline,27,8385.0,8113.0,2997.0,0.165,42133.0,0
B0314,structural_decline,28,10166.0,7970.0,2997.0,0.165,42133.0,0
B0314,structural_decline,29,9943.0,8227.0,2997.0,0.165,42133.0,0
B0314,structural_decline,30,9679.0,8248.0,2997.0,0.165,42133.0,0
B0315,stable,0,16646.0,12970.0,2801.0,0.187,88638.0,1
B0315,stable,1,16824.0,13203.0,2801.0,0.187,88638.0,1
B0315,stable,2,17308.0,13172.0,2801.0,0.187,88638.0,1
B0315,stable,3,17681.0,13249.0,2801.0,0.187,88638.0,1
B0315,stable,4,17494.0,13404.0,2801.0,0.187,88638.0,1
B0315,stable,5,17624.0,13761.0,2801.0,0.187,88638.0,1
B0315,stable,6,17559.0,13921.0,2801.0,0.187,88638.0,1
B0315,stable,7,17639.0,13693.0,2801.0,0.187,88638.0,1
B0315,stable,8,17901.0,13235.0,2801.0,0.187,88638.0,1
B0315,stable,9,18172.0,13230.0,2801.0,0.187,88638.0,1
B0315,stable,10,18469.0,12999.0,2801.0,0.187,88638.0,1
B0315,stable,11,18802.0,12937.0,2801.0,0.187,88638.0,1
B0315,stable,12,18932.0,13333.0,2801.0,0.187,88638.0,1
B0315,stable,13,18646.0,13293.0,2801.0,0.187,88638.0,1
B0315,stable,14,18392.0,12904.0,2801.0,0.187,88638.0,1
B0315,stable,15,18333.0,12950.0,2801.0,0.187,88638.0,1
B0315,stable,16,18115.0,13093.0,2801.0,0.187,88638.0,1
B0315,stable,17,18182.0,13157.0,2801.0,0.187,88638.0,1
B0315,stable,18,18537.0,13233.0,2801.0,0.187,88638.0,1
B0315,stable,19,18615.0,13394.0,2801.0,0.187,88638.0,1
B0315,stable,20,18344.0,13598.0,2801.0,0.187,88638.0,1
B0315,stable,21,18139.0,13642.0,2801.0,0.187,88638.0,1
B0315,stable,22,17865.0,13304.0,2801.0,0.187,88638.0,1
B0315,stable,23,17750.0,13473.0,2801.0,0.187,88638.0,1
B0315,stable,24,17969.0,13880.0,2801.0,0.187,88638.0,1
B0315,stable,25,18321.0,13756.0,2801.0,0.187,88638.0,1
B0315,stable,26,19062.0,13790.0,2801.0,0.187,88638.0,1
B0315,stable,27,19404.0,13652.0,2801.0,0.187,88638.0,1
B0315,stable,28,19566.0,13205.0,2801.0,0.187,88638.0,1
B0315,stable,29,19799.0,13107.0,2801.0,0.187,88638.0,1
B0315,stable,30,19698.0,13221.0,2801.0,0.187,88638.0,1
B0315,stable,31,19651.0,13012.0,2801.0,0.187,88638.0,1
B0315,stable,32,19849.0,13649.0,2801.0,0.187,88638.0,1
B0315,stable,33,19837.0,13821.0,2801.0,0.187,88638.0,1
B0315,stable,34,19421.0,13618.0,2801.0,0.187,88638.0,1
B0315,stable,35,19281.0,13227.0,2801.0,0.187,88638.0,1
B0315,stable,36,19405.0,12987.0,2801.0,0.187,88638.0,1
B0315,stable,37,19490.0,12824.0,2801.0,0.187,88638.0,1
B0315,stable,38,18930.0,12873.0,2801.0,0.187,88638.0,1
B0315,stable,39,18779.0,13036.0,2801.0,0.187,88638.0,1
B0315,stable,40,18978.0,13027.0,2801.0,0.187,88638.0,1
B0315,stable,41,19456.0,13374.0,2801.0,0.187,88638.0,1
B0316,temporary_stress,0,15684.0,9982.0,2503.0,0.263,54951.0,1
B0316,temporary_stress,1,15447.0,9748.0,2503.0,0.263,54951.0,1
B0316,temporary_stress,2,15485.0,9831.0,2503.0,0.263,54951.0,1
B0316,temporary_stress,3,15362.0,10194.0,2503.0,0.263,54951.0,1
B0316,temporary_stress,4,14941.0,10141.0,2503.0,0.263,54951.0,1
B0316,temporary_stress,5,14857.0,10100.0,2503.0,0.263,54951.0,1
B0316,temporary_stress,6,14883.0,10011.0,2503.0,0.263,54951.0,1
B0316,temporary_stress,7,15025.0,9913.0,2503.0,0.263,54951.0,1
B0316,temporary_stress,8,15006.0,10159.0,2503.0,0.263,54951.0,1
B0316,temporary_stress,9,14819.0,9977.0,2503.0,0.263,54951.0,1
B0316,temporary_stress,10,14671.0,9973.0,2503.0,0.263,54951.0,1
B0316,temporary_stress,11,14743.0,9972.0,2503.0,0.263,54951.0,1
B0316,temporary_stress,12,7932.0,10188.0,2503.0,0.263,54951.0,0
B0316,temporary_stress,13,7940.0,10046.0,2503.0,0.263,54951.0,0
B0316,temporary_stress,14,7891.0,10412.0,2503.0,0.263,54951.0,0
B0316,temporary_stress,15,7960.0,10287.0,2503.0,0.263,54951.0,0
B0316,temporary_stress,16,8646.0,9797.0,2503.0,0.263,54951.0,0
B0316,temporary_stress,17,10086.0,10073.0,2503.0,0.263,54951.0,0
B0316,temporary_stress,18,11290.0,10341.0,2503.0,0.263,54951.0,0
B0316,temporary_stress,19,12613.0,10098.0,2503.0,0.263,54951.0,1
B0316,temporary_stress,20,13972.0,9671.0,2503.0,0.263,54951.0,1
B0316,temporary_stress,21,15332.0,9652.0,2503.0,0.263,54951.0,1
B0316,temporary_stress,22,15349.0,9710.0,2503.0,0.263,54951.0,1
B0316,temporary_stress,23,15326.0,9696.0,2503.0,0.263,54951.0,1
B0316,temporary_stress,24,14809.0,9697.0,2503.0,0.263,54951.0,1
B0316,temporary_stress,25,14799.0,9864.0,2503.0,0.263,54951.0,1
B0316,temporary_stress,26,14805.0,9987.0,2503.0,0.263,54951.0,1
B0316,temporary_stress,27,14753.0,9786.0,2503.0,0.263,54951.0,1
B0316,temporary_stress,28,14592.0,10329.0,2503.0,0.263,54951.0,1
B0316,temporary_stress,29,14613.0,10334.0,2503.0,0.263,54951.0,1
B0316,temporary_stress,30,14884.0,10474.0,2503.0,0.263,54951.0,1
B0316,temporary_stress,31,14936.0,10307.0,2503.0,0.263,54951.0,1
B0316,temporary_stress,32,15104.0,10141.0,2503.0,0.263,54951.0,1
B0316,temporary_stress,33,15168.0,10045.0,2503.0,0.263,54951.0,1
B0316,temporary_stress,34,14781.0,10011.0,2503.0,0.263,54951.0,1
B0316,temporary_stress,35,14632.0,10181.0,2503.0,0.263,54951.0,1
B0316,temporary_stress,36,15101.0,10345.0,2503.0,0.263,54951.0,1
B0316,temporary_stress,37,15166.0,10375.0,2503.0,0.263,54951.0,1
B0317,structural_decline,0,11233.0,6255.0,2301.0,0.105,43156.0,1
B0317,structural_decline,1,11064.0,6397.0,2301.0,0.105,43156.0,1
B0317,structural_decline,2,11090.0,6425.0,2301.0,0.105,43156.0,1
B0317,structural_decline,3,11169.0,6328.0,2301.0,0.105,43156.0,1
B0317,structural_decline,4,11142.0,6581.0,2301.0,0.105,43156.0,1
B0317,structural_decline,5,11171.0,6532.0,2301.0,0.105,43156.0,1
B0317,structural_decline,6,11116.0,6759.0,2301.0,0.105,43156.0,1
B0317,structural_decline,7,11259.0,6659.0,2301.0,0.105,43156.0,1
B0317,structural_decline,8,11138.0,6443.0,2301.0,0.105,43156.0,1
B0317,structural_decline,9,11024.0,6535.0,2301.0,0.105,43156.0,1
B0317,structural_decline,10,11164.0,6694.0,2301.0,0.105,43156.0,1
B0317,structural_decline,11,11216.0,6528.0,2301.0,0.105,43156.0,1
B0317,structural_decline,12,10894.0,6360.0,2301.0,0.105,43156.0,1
B0317,structural_decline,13,10632.0,6345.0,2301.0,0.105,43156.0,1
B0317,structural_decline,14,8470.0,6539.0,2301.0,0.105,43156.0,0
B0317,structural_decline,15,8319.0,6665.0,2301.0,0.105,43156.0,0
B0317,structural_decline,16,8061.0,6827.0,2301.0,0.105,43156.0,0
B0317,structural_decline,17,10052.0,6361.0,2301.0,0.105,43156.0,1
B0317,structural_decline,18,9940.0,6303.0,2301.0,0.105,43156.0,1
B0317,structural_decline,19,9731.0,6407.0,2301.0,0.105,43156.0,1
B0317,structural_decline,20,9605.0,6514.0,2301.0,0.105,43156.0,1
B0317,structural_decline,21,9408.0,6423.0,2301.0,0.105,43156.0,1
B0317,structural_decline,22,9423.0,6448.0,2301.0,0.105,43156.0,1
B0317,structural_decline,23,9234.0,6522.0,2301.0,0.105,43156.0,1
B0317,structural_decline,24,8972.0,6448.0,2301.0,0.105,43156.0,1
B0317,structural_decline,25,8734.0,6186.0,2301.0,0.105,43156.0,1
B0317,structural_decline,26,8738.0,6217.0,2301.0,0.105,43156.0,1
B0317,structural_decline,27,8653.0,6219.0,2301.0,0.105,43156.0,1
B0317,structural_decline,28,8532.0,6475.0,2301.0,0.105,43156.0,0
B0317,structural_decline,29,8428.0,6353.0,2301.0,0.105,43156.0,0
B0317,structural_decline,30,8441.0,6140.0,2301.0,0.105,43156.0,1
B0318,temporary_stress,0,19112.0,12945.0,3861.0,0.221,87706.0,1
B0318,temporary_stress,1,19237.0,13871.0,3861.0,0.221,87706.0,1
B0318,temporary_stress,2,18834.0,13831.0,3861.0,0.221,87706.0,1
B0318,temporary_stress,3,18825.0,13664.0,3861.0,0.221,87706.0,1
B0318,temporary_stress,4,18861.0,14058.0,3861.0,0.221,87706.0,1
B0318,temporary_stress,5,19082.0,13937.0,3861.0,0.221,87706.0,1
B0318,temporary_stress,6,19278.0,13666.0,3861.0,0.221,87706.0,1
B0318,temporary_stress,7,19307.0,13050.0,3861.0,0.221,87706.0,1
B0318,temporary_stress,8,19499.0,12925.0,3861.0,0.221,87706.0,1
B0318,temporary_stress,9,19278.0,13258.0,3861.0,0.221,87706.0,1
B0318,temporary_stress,10,19616.0,13369.0,3861.0,0.221,87706.0,1
B0318,temporary_stress,11,19998.0,13292.0,3861.0,0.221,87706.0,1
B0318,temporary_stress,12,20086.0,13228.0,3861.0,0.221,87706.0,1
B0318,temporary_stress,13,11904.0,13601.0,3861.0,0.221,87706.0,0
B0318,temporary_stress,14,11761.0,12958.0,3861.0,0.221,87706.0,0
B0318,temporary_stress,15,11486.0,13133.0,3861.0,0.221,87706.0,0
B0318,temporary_stress,16,12448.0,12949.0,3861.0,0.221,87706.0,0
B0318,temporary_stress,17,14223.0,12894.0,3861.0,0.221,87706.0,0
B0318,temporary_stress,18,15934.0,12733.0,3861.0,0.221,87706.0,0
B0318,temporary_stress,19,17484.0,12855.0,3861.0,0.221,87706.0,1
B0318,temporary_stress,20,18471.0,13589.0,3861.0,0.221,87706.0,1
B0318,temporary_stress,21,18940.0,13705.0,3861.0,0.221,87706.0,1
B0318,temporary_stress,22,19432.0,13135.0,3861.0,0.221,87706.0,1
B0318,temporary_stress,23,19398.0,13174.0,3861.0,0.221,87706.0,1
B0318,temporary_stress,24,19830.0,13056.0,3861.0,0.221,87706.0,1
B0318,temporary_stress,25,19508.0,13217.0,3861.0,0.221,87706.0,1
B0318,temporary_stress,26,19714.0,13341.0,3861.0,0.221,87706.0,1
B0318,temporary_stress,27,19545.0,13094.0,3861.0,0.221,87706.0,1
B0318,temporary_stress,28,19464.0,13345.0,3861.0,0.221,87706.0,1
B0318,temporary_stress,29,19590.0,13223.0,3861.0,0.221,87706.0,1
B0318,temporary_stress,30,19595.0,13425.0,3861.0,0.221,87706.0,1
B0318,temporary_stress,31,19783.0,13164.0,3861.0,0.221,87706.0,1
B0318,temporary_stress,32,19441.0,13396.0,3861.0,0.221,87706.0,1
B0318,temporary_stress,33,19241.0,13894.0,3861.0,0.221,87706.0,1
B0318,temporary_stress,34,19392.0,13754.0,3861.0,0.221,87706.0,1
B0318,temporary_stress,35,19752.0,14072.0,3861.0,0.221,87706.0,1
B0318,temporary_stress,36,19456.0,13845.0,3861.0,0.221,87706.0,1
B0318,temporary_stress,37,19356.0,13612.0,3861.0,0.221,87706.0,1
B0319,stable,0,15058.0,10926.0,2989.0,0.175,38295.0,1
B0319,stable,1,14919.0,11048.0,2989.0,0.175,38295.0,1
B0319,stable,2,14902.0,10895.0,2989.0,0.175,38295.0,1
B0319,stable,3,14975.0,10749.0,2989.0,0.175,38295.0,1
B0319,stable,4,15352.0,10847.0,2989.0,0.175,38295.0,1
B0319,stable,5,15216.0,10865.0,2989.0,0.175,38295.0,1
B0319,stable,6,15149.0,10826.0,2989.0,0.175,38295.0,1
B0319,stable,7,14875.0,10793.0,2989.0,0.175,38295.0,1
B0319,stable,8,14740.0,10861.0,2989.0,0.175,38295.0,1
B0319,stable,9,14589.0,10974.0,2989.0,0.175,38295.0,1
B0319,stable,10,14490.0,11225.0,2989.0,0.175,38295.0,1
B0319,stable,11,14822.0,11535.0,2989.0,0.175,38295.0,1
B0319,stable,12,14602.0,11580.0,2989.0,0.175,38295.0,1
B0319,stable,13,14382.0,11570.0,2989.0,0.175,38295.0,0
B0319,stable,14,14232.0,11176.0,2989.0,0.175,38295.0,1
B0319,stable,15,14241.0,10822.0,2989.0,0.175,38295.0,1
B0319,stable,16,14215.0,10800.0,2989.0,0.175,38295.0,1
B0319,stable,17,14298.0,10658.0,2989.0,0.175,38295.0,1
B0319,stable,18,14571.0,10704.0,2989.0,0.175,38295.0,1
B0319,stable,19,14700.0,10779.0,2989.0,0.175,38295.0,1
B0319,stable,20,15152.0,10864.0,2989.0,0.175,38295.0,1
B0319,stable,21,15090.0,10501.0,2989.0,0.175,38295.0,1
B0319,stable,22,14907.0,10665.0,2989.0,0.175,38295.0,1
B0319,stable,23,14774.0,10658.0,2989.0,0.175,38295.0,1
B0319,stable,24,15176.0,10990.0,2989.0,0.175,38295.0,1
B0319,stable,25,15437.0,10814.0,2989.0,0.175,38295.0,1
B0319,stable,26,15160.0,10890.0,2989.0,0.175,38295.0,1
B0319,stable,27,14725.0,11125.0,2989.0,0.175,38295.0,1
B0319,stable,28,14446.0,11147.0,2989.0,0.175,38295.0,1
B0319,stable,29,14465.0,11353.0,2989.0,0.175,38295.0,1
B0319,stable,30,14513.0,11048.0,2989.0,0.175,38295.0,1
B0319,stable,31,14198.0,10801.0,2989.0,0.175,38295.0,1
B0319,stable,32,14103.0,10652.0,2989.0,0.175,38295.0,1
B0319,stable,33,13967.0,10803.0,2989.0,0.175,38295.0,1
B0319,stable,34,13941.0,11052.0,2989.0,0.175,38295.0,0
B0319,stable,35,13904.0,11073.0,2989.0,0.175,38295.0,0
B0319,stable,36,13804.0,11259.0,2989.0,0.175,38295.0,0
B0319,stable,37,13821.0,11495.0,2989.0,0.175,38295.0,0
B0320,temporary_stress,0,15208.0,7056.0,3030.0,0.127,61696.0,1
B0320,temporary_stress,1,15100.0,7358.0,3030.0,0.127,61696.0,1
B0320,temporary_stress,2,15027.0,7545.0,3030.0,0.127,61696.0,1
B0320,temporary_stress,3,14836.0,7564.0,3030.0,0.127,61696.0,1
B0320,temporary_stress,4,15097.0,7458.0,3030.0,0.127,61696.0,1
B0320,temporary_stress,5,15139.0,7400.0,3030.0,0.127,61696.0,1
B0320,temporary_stress,6,14862.0,7285.0,3030.0,0.127,61696.0,1
B0320,temporary_stress,7,14807.0,7280.0,3030.0,0.127,61696.0,1
B0320,temporary_stress,8,14800.0,7309.0,3030.0,0.127,61696.0,1
B0320,temporary_stress,9,14889.0,7420.0,3030.0,0.127,61696.0,1
B0320,temporary_stress,10,14822.0,7565.0,3030.0,0.127,61696.0,1
B0320,temporary_stress,11,14529.0,7628.0,3030.0,0.127,61696.0,1
B0320,temporary_stress,12,7523.0,7576.0,3030.0,0.127,61696.0,0
B0320,temporary_stress,13,7512.0,7805.0,3030.0,0.127,61696.0,0
B0320,temporary_stress,14,7563.0,7624.0,3030.0,0.127,61696.0,0
B0320,temporary_stress,15,7600.0,7682.0,3030.0,0.127,61696.0,0
B0320,temporary_stress,16,7581.0,7851.0,3030.0,0.127,61696.0,0
B0320,temporary_stress,17,9745.0,7371.0,3030.0,0.127,61696.0,0
B0320,temporary_stress,18,11841.0,7212.0,3030.0,0.127,61696.0,1
B0320,temporary_stress,19,13748.0,7384.0,3030.0,0.127,61696.0,1
B0320,temporary_stress,20,15486.0,7435.0,3030.0,0.127,61696.0,1
B0320,temporary_stress,21,15286.0,6993.0,3030.0,0.127,61696.0,1
B0320,temporary_stress,22,15238.0,7026.0,3030.0,0.127,61696.0,1
B0320,temporary_stress,23,14815.0,7018.0,3030.0,0.127,61696.0,1
B0320,temporary_stress,24,14688.0,7153.0,3030.0,0.127,61696.0,1
B0320,temporary_stress,25,14794.0,7565.0,3030.0,0.127,61696.0,1
B0320,temporary_stress,26,14675.0,7464.0,3030.0,0.127,61696.0,1
B0320,temporary_stress,27,14714.0,7210.0,3030.0,0.127,61696.0,1
B0320,temporary_stress,28,14949.0,7102.0,3030.0,0.127,61696.0,1
B0320,temporary_stress,29,14747.0,7290.0,3030.0,0.127,61696.0,1
B0320,temporary_stress,30,14370.0,7098.0,3030.0,0.127,61696.0,1
B0320,temporary_stress,31,14575.0,7075.0,3030.0,0.127,61696.0,1
B0320,temporary_stress,32,14672.0,7424.0,3030.0,0.127,61696.0,1
B0320,temporary_stress,33,14650.0,7642.0,3030.0,0.127,61696.0,1
B0320,temporary_stress,34,15014.0,7498.0,3030.0,0.127,61696.0,1
B0320,temporary_stress,35,15042.0,7187.0,3030.0,0.127,61696.0,1
B0321,structural_decline,0,16329.0,10228.0,3590.0,0.09,60867.0,1
B0321,structural_decline,1,16843.0,10705.0,3590.0,0.09,60867.0,1
B0321,structural_decline,2,16969.0,10802.0,3590.0,0.09,60867.0,1
B0321,structural_decline,3,16840.0,10702.0,3590.0,0.09,60867.0,1
B0321,structural_decline,4,16592.0,10858.0,3590.0,0.09,60867.0,1
B0321,structural_decline,5,16639.0,11104.0,3590.0,0.09,60867.0,1
B0321,structural_decline,6,16458.0,11184.0,3590.0,0.09,60867.0,1
B0321,structural_decline,7,16512.0,11020.0,3590.0,0.09,60867.0,1
B0321,structural_decline,8,16685.0,11086.0,3590.0,0.09,60867.0,1
B0321,structural_decline,9,16663.0,10932.0,3590.0,0.09,60867.0,1
B0321,structural_decline,10,16556.0,10797.0,3590.0,0.09,60867.0,1
B0321,structural_decline,11,16791.0,11016.0,3590.0,0.09,60867.0,1
B0321,structural_decline,12,16895.0,10757.0,3590.0,0.09,60867.0,1
B0321,structural_decline,13,16709.0,10640.0,3590.0,0.09,60867.0,1
B0321,structural_decline,14,16401.0,10680.0,3590.0,0.09,60867.0,1
B0321,structural_decline,15,16202.0,10598.0,3590.0,0.09,60867.0,1
B0321,structural_decline,16,16448.0,10722.0,3590.0,0.09,60867.0,1
B0321,structural_decline,17,16245.0,10592.0,3590.0,0.09,60867.0,1
B0321,structural_decline,18,16103.0,10460.0,3590.0,0.09,60867.0,1
B0321,structural_decline,19,16227.0,10576.0,3590.0,0.09,60867.0,1
B0321,structural_decline,20,16039.0,10323.0,3590.0,0.09,60867.0,1
B0321,structural_decline,21,15820.0,10376.0,3590.0,0.09,60867.0,1
B0321,structural_decline,22,15340.0,10351.0,3590.0,0.09,60867.0,1
B0321,structural_decline,23,14996.0,10715.0,3590.0,0.09,60867.0,1
B0321,structural_decline,24,14869.0,11105.0,3590.0,0.09,60867.0,1
B0321,structural_decline,25,14652.0,10924.0,3590.0,0.09,60867.0,1
B0321,structural_decline,26,14601.0,10870.0,3590.0,0.09,60867.0,1
B0321,structural_decline,27,14366.0,10996.0,3590.0,0.09,60867.0,0
B0321,structural_decline,28,14222.0,10985.0,3590.0,0.09,60867.0,0
B0321,structural_decline,29,13984.0,10693.0,3590.0,0.09,60867.0,0
B0321,structural_decline,30,13843.0,10434.0,3590.0,0.09,60867.0,0
B0321,structural_decline,31,13478.0,10655.0,3590.0,0.09,60867.0,0
B0322,structural_decline,0,11715.0,6850.0,1621.0,0.163,58888.0,1
B0322,structural_decline,1,11781.0,6985.0,1621.0,0.163,58888.0,1
B0322,structural_decline,2,11649.0,6843.0,1621.0,0.163,58888.0,1
B0322,structural_decline,3,11380.0,6698.0,1621.0,0.163,58888.0,1
B0322,structural_decline,4,11684.0,6828.0,1621.0,0.163,58888.0,1
B0322,structural_decline,5,11815.0,6957.0,1621.0,0.163,58888.0,1
B0322,structural_decline,6,11811.0,6837.0,1621.0,0.163,58888.0,1
B0322,structural_decline,7,11862.0,6752.0,1621.0,0.163,58888.0,1
B0322,structural_decline,8,11891.0,6709.0,1621.0,0.163,58888.0,1
B0322,structural_decline,9,12025.0,6674.0,1621.0,0.163,58888.0,1
B0322,structural_decline,10,11719.0,6995.0,1621.0,0.163,58888.0,1
B0322,structural_decline,11,11527.0,7055.0,1621.0,0.163,58888.0,1
B0322,structural_decline,12,11619.0,6779.0,1621.0,0.163,58888.0,1
B0322,structural_decline,13,11614.0,6763.0,1621.0,0.163,58888.0,1
B0322,structural_decline,14,11812.0,6860.0,1621.0,0.163,58888.0,1
B0322,structural_decline,15,11998.0,6864.0,1621.0,0.163,58888.0,1
B0322,structural_decline,16,12218.0,6511.0,1621.0,0.163,58888.0,1
B0322,structural_decline,17,12208.0,6580.0,1621.0,0.163,58888.0,1
B0322,structural_decline,18,11955.0,6866.0,1621.0,0.163,58888.0,1
B0322,structural_decline,19,11635.0,6880.0,1621.0,0.163,58888.0,1
B0322,structural_decline,20,11412.0,6850.0,1621.0,0.163,58888.0,1
B0322,structural_decline,21,11126.0,6990.0,1621.0,0.163,58888.0,1
B0322,structural_decline,22,10993.0,7035.0,1621.0,0.163,58888.0,1
B0322,structural_decline,23,10966.0,6857.0,1621.0,0.163,58888.0,1
B0322,structural_decline,24,9445.0,6765.0,1621.0,0.163,58888.0,1
B0322,structural_decline,25,9183.0,6801.0,1621.0,0.163,58888.0,1
B0322,structural_decline,26,9247.0,7071.0,1621.0,0.163,58888.0,1
B0322,structural_decline,27,9239.0,7073.0,1621.0,0.163,58888.0,1
B0322,structural_decline,28,9870.0,6977.0,1621.0,0.163,58888.0,1
B0322,structural_decline,29,9616.0,6814.0,1621.0,0.163,58888.0,1
B0322,structural_decline,30,9504.0,6820.0,1621.0,0.163,58888.0,1
B0322,structural_decline,31,9308.0,6757.0,1621.0,0.163,58888.0,1
B0322,structural_decline,32,8995.0,6826.0,1621.0,0.163,58888.0,1
B0322,structural_decline,33,8830.0,6695.0,1621.0,0.163,58888.0,1
B0322,structural_decline,34,8704.0,6656.0,1621.0,0.163,58888.0,1
B0322,structural_decline,35,8605.0,6690.0,1621.0,0.163,58888.0,1
B0323,stable,0,19804.0,11853.0,2551.0,0.087,86144.0,1
B0323,stable,1,20068.0,11291.0,2551.0,0.087,86144.0,1
B0323,stable,2,20110.0,10756.0,2551.0,0.087,86144.0,1
B0323,stable,3,20072.0,11149.0,2551.0,0.087,86144.0,1
B0323,stable,4,19708.0,11292.0,2551.0,0.087,86144.0,1
B0323,stable,5,19807.0,11367.0,2551.0,0.087,86144.0,1
B0323,stable,6,19407.0,11308.0,2551.0,0.087,86144.0,1
B0323,stable,7,19061.0,11300.0,2551.0,0.087,86144.0,1
B0323,stable,8,19193.0,11003.0,2551.0,0.087,86144.0,1
B0323,stable,9,19437.0,11141.0,2551.0,0.087,86144.0,1
B0323,stable,10,19341.0,11351.0,2551.0,0.087,86144.0,1
B0323,stable,11,19221.0,11631.0,2551.0,0.087,86144.0,1
B0323,stable,12,19282.0,11945.0,2551.0,0.087,86144.0,1
B0323,stable,13,19533.0,12065.0,2551.0,0.087,86144.0,1
B0323,stable,14,19606.0,11910.0,2551.0,0.087,86144.0,1
B0323,stable,15,20034.0,11891.0,2551.0,0.087,86144.0,1
B0323,stable,16,20508.0,11708.0,2551.0,0.087,86144.0,1
B0323,stable,17,20353.0,11495.0,2551.0,0.087,86144.0,1
B0323,stable,18,20522.0,11323.0,2551.0,0.087,86144.0,1
B0323,stable,19,20854.0,11260.0,2551.0,0.087,86144.0,1
B0323,stable,20,20654.0,11439.0,2551.0,0.087,86144.0,1
B0323,stable,21,20270.0,11758.0,2551.0,0.087,86144.0,1
B0323,stable,22,19972.0,11453.0,2551.0,0.087,86144.0,1
B0323,stable,23,19959.0,11025.0,2551.0,0.087,86144.0,1
B0323,stable,24,20272.0,10986.0,2551.0,0.087,86144.0,1
B0323,stable,25,20372.0,11191.0,2551.0,0.087,86144.0,1
B0323,stable,26,19993.0,11261.0,2551.0,0.087,86144.0,1
B0323,stable,27,20000.0,11236.0,2551.0,0.087,86144.0,1
B0323,stable,28,19904.0,11128.0,2551.0,0.087,86144.0,1
B0323,stable,29,19790.0,11247.0,2551.0,0.087,86144.0,1
B0323,stable,30,20011.0,11407.0,2551.0,0.087,86144.0,1
B0323,stable,31,20203.0,11412.0,2551.0,0.087,86144.0,1
B0323,stable,32,20185.0,11427.0,2551.0,0.087,86144.0,1
B0323,stable,33,20179.0,11160.0,2551.0,0.087,86144.0,1
B0323,stable,34,20171.0,11487.0,2551.0,0.087,86144.0,1
B0323,stable,35,20479.0,11512.0,2551.0,0.087,86144.0,1
B0323,stable,36,21085.0,11221.0,2551.0,0.087,86144.0,1
B0324,structural_decline,0,11456.0,7067.0,1836.0,0.195,47725.0,1
B0324,structural_decline,1,11299.0,7273.0,1836.0,0.195,47725.0,1
B0324,structural_decline,2,11346.0,7205.0,1836.0,0.195,47725.0,1
B0324,structural_decline,3,11582.0,7253.0,1836.0,0.195,47725.0,1
B0324,structural_decline,4,11439.0,7437.0,1836.0,0.195,47725.0,1
B0324,structural_decline,5,11409.0,7425.0,1836.0,0.195,47725.0,1
B0324,structural_decline,6,11527.0,7250.0,1836.0,0.195,47725.0,1
B0324,structural_decline,7,11398.0,7178.0,1836.0,0.195,47725.0,1
B0324,structural_decline,8,11303.0,7403.0,1836.0,0.195,47725.0,1
B0324,structural_decline,9,11398.0,7675.0,1836.0,0.195,47725.0,1
B0324,structural_decline,10,11460.0,7696.0,1836.0,0.195,47725.0,1
B0324,structural_decline,11,11423.0,7668.0,1836.0,0.195,47725.0,1
B0324,structural_decline,12,11567.0,7647.0,1836.0,0.195,47725.0,1
B0324,structural_decline,13,11561.0,7503.0,1836.0,0.195,47725.0,1
B0324,structural_decline,14,11757.0,7364.0,1836.0,0.195,47725.0,1
B0324,structural_decline,15,11769.0,7537.0,1836.0,0.195,47725.0,1
B0324,structural_decline,16,11770.0,7830.0,1836.0,0.195,47725.0,1
B0324,structural_decline,17,11576.0,7600.0,1836.0,0.195,47725.0,1
B0324,structural_decline,18,11464.0,7708.0,1836.0,0.195,47725.0,1
B0324,structural_decline,19,11270.0,7517.0,1836.0,0.195,47725.0,1
B0324,structural_decline,20,10922.0,7259.0,1836.0,0.195,47725.0,1
B0324,structural_decline,21,10909.0,7335.0,1836.0,0.195,47725.0,1
B0324,structural_decline,22,10831.0,7216.0,1836.0,0.195,47725.0,1
B0324,structural_decline,23,10792.0,7178.0,1836.0,0.195,47725.0,1
B0324,structural_decline,24,10616.0,7321.0,1836.0,0.195,47725.0,1
B0324,structural_decline,25,10427.0,7193.0,1836.0,0.195,47725.0,1
B0324,structural_decline,26,10205.0,7152.0,1836.0,0.195,47725.0,1
B0324,structural_decline,27,9827.0,7140.0,1836.0,0.195,47725.0,1
B0324,structural_decline,28,9583.0,7035.0,1836.0,0.195,47725.0,1
B0324,structural_decline,29,9440.0,7231.0,1836.0,0.195,47725.0,1
B0324,structural_decline,30,9480.0,7220.0,1836.0,0.195,47725.0,1
B0324,structural_decline,31,9358.0,7078.0,1836.0,0.195,47725.0,1
B0324,structural_decline,32,9151.0,7185.0,1836.0,0.195,47725.0,1
B0324,structural_decline,33,8884.0,7104.0,1836.0,0.195,47725.0,0
B0324,structural_decline,34,8759.0,7094.0,1836.0,0.195,47725.0,0
B0324,structural_decline,35,8591.0,7498.0,1836.0,0.195,47725.0,0
B0325,temporary_stress,0,17919.0,8554.0,3245.0,0.264,49950.0,1
B0325,temporary_stress,1,18103.0,8539.0,3245.0,0.264,49950.0,1
B0325,temporary_stress,2,17912.0,8724.0,3245.0,0.264,49950.0,1
B0325,temporary_stress,3,17843.0,8430.0,3245.0,0.264,49950.0,1
B0325,temporary_stress,4,18073.0,8498.0,3245.0,0.264,49950.0,1
B0325,temporary_stress,5,18275.0,8436.0,3245.0,0.264,49950.0,1
B0325,temporary_stress,6,18135.0,8455.0,3245.0,0.264,49950.0,1
B0325,temporary_stress,7,18320.0,8554.0,3245.0,0.264,49950.0,1
B0325,temporary_stress,8,18192.0,9063.0,3245.0,0.264,49950.0,1
B0325,temporary_stress,9,17729.0,9113.0,3245.0,0.264,49950.0,1
B0325,temporary_stress,10,17386.0,8888.0,3245.0,0.264,49950.0,1
B0325,temporary_stress,11,17355.0,8589.0,3245.0,0.264,49950.0,1
B0325,temporary_stress,12,17230.0,8469.0,3245.0,0.264,49950.0,1
B0325,temporary_stress,13,17157.0,8575.0,3245.0,0.264,49950.0,1
B0325,temporary_stress,14,8524.0,8322.0,3245.0,0.264,49950.0,0
B0325,temporary_stress,15,8690.0,8151.0,3245.0,0.264,49950.0,0
B0325,temporary_stress,16,8845.0,8363.0,3245.0,0.264,49950.0,0
B0325,temporary_stress,17,9006.0,8428.0,3245.0,0.264,49950.0,0
B0325,temporary_stress,18,8903.0,8768.0,3245.0,0.264,49950.0,0
B0325,temporary_stress,19,8962.0,8505.0,3245.0,0.264,49950.0,0
B0325,temporary_stress,20,11920.0,8437.0,3245.0,0.264,49950.0,1
B0325,temporary_stress,21,13075.0,8746.0,3245.0,0.264,49950.0,1
B0325,temporary_stress,22,14293.0,9067.0,3245.0,0.264,49950.0,1
B0325,temporary_stress,23,15393.0,9077.0,3245.0,0.264,49950.0,1
B0325,temporary_stress,24,16305.0,9137.0,3245.0,0.264,49950.0,1
B0325,temporary_stress,25,17760.0,8811.0,3245.0,0.264,49950.0,1
B0325,temporary_stress,26,17538.0,8650.0,3245.0,0.264,49950.0,1
B0325,temporary_stress,27,17331.0,8768.0,3245.0,0.264,49950.0,1
B0325,temporary_stress,28,17284.0,8690.0,3245.0,0.264,49950.0,1
B0325,temporary_stress,29,17426.0,8751.0,3245.0,0.264,49950.0,1
B0325,temporary_stress,30,17687.0,9080.0,3245.0,0.264,49950.0,1
B0325,temporary_stress,31,17663.0,8991.0,3245.0,0.264,49950.0,1
B0325,temporary_stress,32,17564.0,8688.0,3245.0,0.264,49950.0,1
B0325,temporary_stress,33,17547.0,8233.0,3245.0,0.264,49950.0,1
B0326,temporary_stress,0,16899.0,13647.0,2112.0,0.105,44795.0,1
B0326,temporary_stress,1,16934.0,13555.0,2112.0,0.105,44795.0,1
B0326,temporary_stress,2,16838.0,12789.0,2112.0,0.105,44795.0,1
B0326,temporary_stress,3,17274.0,12280.0,2112.0,0.105,44795.0,1
B0326,temporary_stress,4,17359.0,12212.0,2112.0,0.105,44795.0,1
B0326,temporary_stress,5,17453.0,12453.0,2112.0,0.105,44795.0,1
B0326,temporary_stress,6,17427.0,12109.0,2112.0,0.105,44795.0,1
B0326,temporary_stress,7,17379.0,12280.0,2112.0,0.105,44795.0,1
B0326,temporary_stress,8,7573.0,12653.0,2112.0,0.105,44795.0,0
B0326,temporary_stress,9,7527.0,12729.0,2112.0,0.105,44795.0,0
B0326,temporary_stress,10,7323.0,12329.0,2112.0,0.105,44795.0,0
B0326,temporary_stress,11,7322.0,12023.0,2112.0,0.105,44795.0,0
B0326,temporary_stress,12,8077.0,12380.0,2112.0,0.105,44795.0,0
B0326,temporary_stress,13,9541.0,12638.0,2112.0,0.105,44795.0,0
B0326,temporary_stress,14,11004.0,12361.0,2112.0,0.105,44795.0,0
B0326,temporary_stress,15,12383.0,12667.0,2112.0,0.105,44795.0,0
B0326,temporary_stress,16,13888.0,12906.0,2112.0,0.105,44795.0,0
B0326,temporary_stress,17,15343.0,12272.0,2112.0,0.105,44795.0,1
B0326,temporary_stress,18,16701.0,12480.0,2112.0,0.105,44795.0,1
B0326,temporary_stress,19,16896.0,12493.0,2112.0,0.105,44795.0,1
B0326,temporary_stress,20,17184.0,13021.0,2112.0,0.105,44795.0,1
B0326,temporary_stress,21,17112.0,12785.0,2112.0,0.105,44795.0,1
B0326,temporary_stress,22,17231.0,12942.0,2112.0,0.105,44795.0,1
B0326,temporary_stress,23,17347.0,12767.0,2112.0,0.105,44795.0,1
B0326,temporary_stress,24,17280.0,12703.0,2112.0,0.105,44795.0,1
B0326,temporary_stress,25,16964.0,12376.0,2112.0,0.105,44795.0,1
B0326,temporary_stress,26,16668.0,12326.0,2112.0,0.105,44795.0,1
B0326,temporary_stress,27,16824.0,12755.0,2112.0,0.105,44795.0,1
B0326,temporary_stress,28,16822.0,12968.0,2112.0,0.105,44795.0,1
B0326,temporary_stress,29,16972.0,12854.0,2112.0,0.105,44795.0,1
B0326,temporary_stress,30,17031.0,12768.0,2112.0,0.105,44795.0,1
B0326,temporary_stress,31,16877.0,13049.0,2112.0,0.105,44795.0,1
B0326,temporary_stress,32,16797.0,12864.0,2112.0,0.105,44795.0,1
B0326,temporary_stress,33,16914.0,12627.0,2112.0,0.105,44795.0,1
B0326,temporary_stress,34,17058.0,12810.0,2112.0,0.105,44795.0,1
B0326,temporary_stress,35,17026.0,12699.0,2112.0,0.105,44795.0,1
B0326,temporary_stress,36,17179.0,12736.0,2112.0,0.105,44795.0,1
B0326,temporary_stress,37,17199.0,12540.0,2112.0,0.105,44795.0,1
B0327,temporary_stress,0,12449.0,7055.0,1951.0,0.167,53089.0,1
B0327,temporary_stress,1,12236.0,6901.0,1951.0,0.167,53089.0,1
B0327,temporary_stress,2,12527.0,6828.0,1951.0,0.167,53089.0,1
B0327,temporary_stress,3,13047.0,6794.0,1951.0,0.167,53089.0,1
B0327,temporary_stress,4,12770.0,7072.0,1951.0,0.167,53089.0,1
B0327,temporary_stress,5,12558.0,6977.0,1951.0,0.167,53089.0,1
B0327,temporary_stress,6,12595.0,6631.0,1951.0,0.167,53089.0,1
B0327,temporary_stress,7,12606.0,6501.0,1951.0,0.167,53089.0,1
B0327,temporary_stress,8,12560.0,6721.0,1951.0,0.167,53089.0,1
B0327,temporary_stress,9,12524.0,6778.0,1951.0,0.167,53089.0,1
B0327,temporary_stress,10,12396.0,6674.0,1951.0,0.167,53089.0,1
B0327,temporary_stress,11,12267.0,6791.0,1951.0,0.167,53089.0,1
B0327,temporary_stress,12,12287.0,6932.0,1951.0,0.167,53089.0,1
B0327,temporary_stress,13,12368.0,6978.0,1951.0,0.167,53089.0,1
B0327,temporary_stress,14,12294.0,6920.0,1951.0,0.167,53089.0,1
B0327,temporary_stress,15,7734.0,6974.0,1951.0,0.167,53089.0,0
B0327,temporary_stress,16,7726.0,7100.0,1951.0,0.167,53089.0,0
B0327,temporary_stress,17,7661.0,6998.0,1951.0,0.167,53089.0,0
B0327,temporary_stress,18,9006.0,6715.0,1951.0,0.167,53089.0,1
B0327,temporary_stress,19,10364.0,6632.0,1951.0,0.167,53089.0,1
B0327,temporary_stress,20,11594.0,6705.0,1951.0,0.167,53089.0,1
B0327,temporary_stress,21,12842.0,6876.0,1951.0,0.167,53089.0,1
B0327,temporary_stress,22,12834.0,6986.0,1951.0,0.167,53089.0,1
B0327,temporary_stress,23,12852.0,7008.0,1951.0,0.167,53089.0,1
B0327,temporary_stress,24,12787.0,6991.0,1951.0,0.167,53089.0,1
B0327,temporary_stress,25,12669.0,6920.0,1951.0,0.167,53089.0,1
B0327,temporary_stress,26,12612.0,7130.0,1951.0,0.167,53089.0,1
B0327,temporary_stress,27,12465.0,7124.0,1951.0,0.167,53089.0,1
B0327,temporary_stress,28,12523.0,6989.0,1951.0,0.167,53089.0,1
B0327,temporary_stress,29,12333.0,6799.0,1951.0,0.167,53089.0,1
B0327,temporary_stress,30,12354.0,6796.0,1951.0,0.167,53089.0,1
B0327,temporary_stress,31,12582.0,7165.0,1951.0,0.167,53089.0,1
B0327,temporary_stress,32,12640.0,6967.0,1951.0,0.167,53089.0,1
B0327,temporary_stress,33,12610.0,6738.0,1951.0,0.167,53089.0,1
B0327,temporary_stress,34,12708.0,6525.0,1951.0,0.167,53089.0,1
B0328,structural_decline,0,17305.0,11227.0,3543.0,0.203,74421.0,1
B0328,structural_decline,1,17142.0,11397.0,3543.0,0.203,74421.0,1
B0328,structural_decline,2,16986.0,11436.0,3543.0,0.203,74421.0,1
B0328,structural_decline,3,17121.0,11589.0,3543.0,0.203,74421.0,1
B0328,structural_decline,4,16863.0,11399.0,3543.0,0.203,74421.0,1
B0328,structural_decline,5,16940.0,11338.0,3543.0,0.203,74421.0,1
B0328,structural_decline,6,17102.0,11210.0,3543.0,0.203,74421.0,1
B0328,structural_decline,7,17277.0,10966.0,3543.0,0.203,74421.0,1
B0328,structural_decline,8,17403.0,11039.0,3543.0,0.203,74421.0,1
B0328,structural_decline,9,17231.0,10788.0,3543.0,0.203,74421.0,1
B0328,structural_decline,10,17102.0,10603.0,3543.0,0.203,74421.0,1
B0328,structural_decline,11,17103.0,10678.0,3543.0,0.203,74421.0,1
B0328,structural_decline,12,17460.0,11399.0,3543.0,0.203,74421.0,1
B0328,structural_decline,13,17390.0,11495.0,3543.0,0.203,74421.0,1
B0328,structural_decline,14,17065.0,11021.0,3543.0,0.203,74421.0,1
B0328,structural_decline,15,16979.0,10774.0,3543.0,0.203,74421.0,1
B0328,structural_decline,16,17136.0,10989.0,3543.0,0.203,74421.0,1
B0328,structural_decline,17,16947.0,10857.0,3543.0,0.203,74421.0,1
B0328,structural_decline,18,16646.0,10857.0,3543.0,0.203,74421.0,1
B0328,structural_decline,19,16105.0,11193.0,3543.0,0.203,74421.0,1
B0328,structural_decline,20,15516.0,11028.0,3543.0,0.203,74421.0,1
B0328,structural_decline,21,15255.0,10840.0,3543.0,0.203,74421.0,1
B0328,structural_decline,22,15273.0,10763.0,3543.0,0.203,74421.0,1
B0328,structural_decline,23,14942.0,11161.0,3543.0,0.203,74421.0,1
B0328,structural_decline,24,14727.0,11328.0,3543.0,0.203,74421.0,0
B0328,structural_decline,25,14764.0,11392.0,3543.0,0.203,74421.0,0
B0328,structural_decline,26,14360.0,11195.0,3543.0,0.203,74421.0,0
B0328,structural_decline,27,13867.0,10904.0,3543.0,0.203,74421.0,0
B0328,structural_decline,28,13658.0,10710.0,3543.0,0.203,74421.0,0
B0328,structural_decline,29,13537.0,11261.0,3543.0,0.203,74421.0,0
B0328,structural_decline,30,13133.0,11752.0,3543.0,0.203,74421.0,0
B0328,structural_decline,31,12804.0,11241.0,3543.0,0.203,74421.0,0
B0328,structural_decline,32,12681.0,10839.0,3543.0,0.203,74421.0,0
B0328,structural_decline,33,12494.0,11080.0,3543.0,0.203,74421.0,0
B0328,structural_decline,34,12098.0,11192.0,3543.0,0.203,74421.0,0
B0328,structural_decline,35,11968.0,11404.0,3543.0,0.203,74421.0,0
B0328,structural_decline,36,11825.0,11602.0,3543.0,0.203,74421.0,0
B0329,temporary_stress,0,11053.0,7344.0,2012.0,0.154,42243.0,1
B0329,temporary_stress,1,10837.0,7314.0,2012.0,0.154,42243.0,1
B0329,temporary_stress,2,10906.0,7530.0,2012.0,0.154,42243.0,1
B0329,temporary_stress,3,10988.0,7375.0,2012.0,0.154,42243.0,1
B0329,temporary_stress,4,11134.0,7477.0,2012.0,0.154,42243.0,1
B0329,temporary_stress,5,11122.0,7524.0,2012.0,0.154,42243.0,1
B0329,temporary_stress,6,11100.0,7199.0,2012.0,0.154,42243.0,1
B0329,temporary_stress,7,11104.0,7333.0,2012.0,0.154,42243.0,1
B0329,temporary_stress,8,10847.0,7383.0,2012.0,0.154,42243.0,1
B0329,temporary_stress,9,10742.0,7197.0,2012.0,0.154,42243.0,1
B0329,temporary_stress,10,10781.0,7379.0,2012.0,0.154,42243.0,1
B0329,temporary_stress,11,6322.0,7656.0,2012.0,0.154,42243.0,0
B0329,temporary_stress,12,6302.0,7700.0,2012.0,0.154,42243.0,0
B0329,temporary_stress,13,6344.0,7466.0,2012.0,0.154,42243.0,0
B0329,temporary_stress,14,7383.0,7532.0,2012.0,0.154,42243.0,0
B0329,temporary_stress,15,8663.0,7610.0,2012.0,0.154,42243.0,0
B0329,temporary_stress,16,9878.0,7671.0,2012.0,0.154,42243.0,1
B0329,temporary_stress,17,11064.0,7781.0,2012.0,0.154,42243.0,1
B0329,temporary_stress,18,10956.0,7677.0,2012.0,0.154,42243.0,1
B0329,temporary_stress,19,10971.0,7700.0,2012.0,0.154,42243.0,1
B0329,temporary_stress,20,10929.0,7712.0,2012.0,0.154,42243.0,1
B0329,temporary_stress,21,11049.0,7740.0,2012.0,0.154,42243.0,1
B0329,temporary_stress,22,11068.0,7858.0,2012.0,0.154,42243.0,1
B0329,temporary_stress,23,10888.0,7835.0,2012.0,0.154,42243.0,1
B0329,temporary_stress,24,10819.0,7916.0,2012.0,0.154,42243.0,1
B0329,temporary_stress,25,10833.0,7880.0,2012.0,0.154,42243.0,1
B0329,temporary_stress,26,10816.0,7627.0,2012.0,0.154,42243.0,1
B0329,temporary_stress,27,10775.0,7437.0,2012.0,0.154,42243.0,1
B0329,temporary_stress,28,10840.0,7548.0,2012.0,0.154,42243.0,1
B0329,temporary_stress,29,10699.0,7673.0,2012.0,0.154,42243.0,1
B0329,temporary_stress,30,10680.0,7702.0,2012.0,0.154,42243.0,1
B0329,temporary_stress,31,10734.0,7642.0,2012.0,0.154,42243.0,1
B0329,temporary_stress,32,10712.0,7504.0,2012.0,0.154,42243.0,1
B0329,temporary_stress,33,10895.0,7361.0,2012.0,0.154,42243.0,1
B0329,temporary_stress,34,11192.0,7326.0,2012.0,0.154,42243.0,1
B0329,temporary_stress,35,11025.0,7182.0,2012.0,0.154,42243.0,1
B0329,temporary_stress,36,10892.0,6738.0,2012.0,0.154,42243.0,1
B0330,structural_decline,0,17906.0,13079.0,3723.0,0.149,67152.0,1
B0330,structural_decline,1,17721.0,12692.0,3723.0,0.149,67152.0,1
B0330,structural_decline,2,17689.0,12828.0,3723.0,0.149,67152.0,1
B0330,structural_decline,3,17757.0,12619.0,3723.0,0.149,67152.0,1
B0330,structural_decline,4,17587.0,12934.0,3723.0,0.149,67152.0,1
B0330,structural_decline,5,17502.0,13020.0,3723.0,0.149,67152.0,1
B0330,structural_decline,6,17605.0,12648.0,3723.0,0.149,67152.0,1
B0330,structural_decline,7,17733.0,12921.0,3723.0,0.149,67152.0,1
B0330,structural_decline,8,17879.0,13485.0,3723.0,0.149,67152.0,1
B0330,structural_decline,9,18001.0,13467.0,3723.0,0.149,67152.0,1
B0330,structural_decline,10,17535.0,13533.0,3723.0,0.149,67152.0,1
B0330,structural_decline,11,17559.0,13643.0,3723.0,0.149,67152.0,1
B0330,structural_decline,12,17741.0,13476.0,3723.0,0.149,67152.0,1
B0330,structural_decline,13,17844.0,13284.0,3723.0,0.149,67152.0,1
B0330,structural_decline,14,17927.0,13271.0,3723.0,0.149,67152.0,1
B0330,structural_decline,15,18060.0,13295.0,3723.0,0.149,67152.0,1
B0330,structural_decline,16,17984.0,13176.0,3723.0,0.149,67152.0,1
B0330,structural_decline,17,16958.0,13460.0,3723.0,0.149,67152.0,0
B0330,structural_decline,18,16490.0,13423.0,3723.0,0.149,67152.0,0
B0330,structural_decline,19,16664.0,13195.0,3723.0,0.149,67152.0,0
B0330,structural_decline,20,16392.0,13482.0,3723.0,0.149,67152.0,0
B0330,structural_decline,21,15834.0,13213.0,3723.0,0.149,67152.0,0
B0330,structural_decline,22,15507.0,12965.0,3723.0,0.149,67152.0,0
B0330,structural_decline,23,15289.0,13024.0,3723.0,0.149,67152.0,0
B0330,structural_decline,24,14829.0,13438.0,3723.0,0.149,67152.0,0
B0330,structural_decline,25,14407.0,13597.0,3723.0,0.149,67152.0,0
B0330,structural_decline,26,14261.0,13366.0,3723.0,0.149,67152.0,0
B0330,structural_decline,27,13968.0,12830.0,3723.0,0.149,67152.0,0
B0330,structural_decline,28,13646.0,12515.0,3723.0,0.149,67152.0,0
B0330,structural_decline,29,13153.0,12928.0,3723.0,0.149,67152.0,0
B0330,structural_decline,30,12710.0,13140.0,3723.0,0.149,67152.0,0
B0330,structural_decline,31,12537.0,13675.0,3723.0,0.149,67152.0,0
B0330,structural_decline,32,12452.0,13886.0,3723.0,0.149,67152.0,0
B0330,structural_decline,33,12034.0,13317.0,3723.0,0.149,67152.0,0
B0330,structural_decline,34,10213.0,13209.0,3723.0,0.149,67152.0,0
B0330,structural_decline,35,10217.0,13178.0,3723.0,0.149,67152.0,0
B0330,structural_decline,36,9936.0,13381.0,3723.0,0.149,67152.0,0
B0330,structural_decline,37,11195.0,13350.0,3723.0,0.149,67152.0,0
B0330,structural_decline,38,10864.0,13411.0,3723.0,0.149,67152.0,0
B0330,structural_decline,39,10584.0,13257.0,3723.0,0.149,67152.0,0
B0330,structural_decline,40,10213.0,13488.0,3723.0,0.149,67152.0,0
B0331,temporary_stress,0,19228.0,14561.0,3464.0,0.19,70114.0,1
B0331,temporary_stress,1,19330.0,14113.0,3464.0,0.19,70114.0,1
B0331,temporary_stress,2,19583.0,14634.0,3464.0,0.19,70114.0,1
B0331,temporary_stress,3,19676.0,14408.0,3464.0,0.19,70114.0,1
B0331,temporary_stress,4,19782.0,14481.0,3464.0,0.19,70114.0,1
B0331,temporary_stress,5,20097.0,14094.0,3464.0,0.19,70114.0,1
B0331,temporary_stress,6,19667.0,14002.0,3464.0,0.19,70114.0,1
B0331,temporary_stress,7,19444.0,14443.0,3464.0,0.19,70114.0,1
B0331,temporary_stress,8,19629.0,14544.0,3464.0,0.19,70114.0,1
B0331,temporary_stress,9,19322.0,14319.0,3464.0,0.19,70114.0,1
B0331,temporary_stress,10,19205.0,14535.0,3464.0,0.19,70114.0,1
B0331,temporary_stress,11,19429.0,14322.0,3464.0,0.19,70114.0,1
B0331,temporary_stress,12,19307.0,14346.0,3464.0,0.19,70114.0,1
B0331,temporary_stress,13,9669.0,14567.0,3464.0,0.19,70114.0,0
B0331,temporary_stress,14,9519.0,14430.0,3464.0,0.19,70114.0,0
B0331,temporary_stress,15,9583.0,13485.0,3464.0,0.19,70114.0,0
B0331,temporary_stress,16,9610.0,13628.0,3464.0,0.19,70114.0,0
B0331,temporary_stress,17,9696.0,14139.0,3464.0,0.19,70114.0,0
B0331,temporary_stress,18,10032.0,14447.0,3464.0,0.19,70114.0,0
B0331,temporary_stress,19,12059.0,14352.0,3464.0,0.19,70114.0,0
B0331,temporary_stress,20,13923.0,14003.0,3464.0,0.19,70114.0,0
B0331,temporary_stress,21,15958.0,13716.0,3464.0,0.19,70114.0,0
B0331,temporary_stress,22,17885.0,14402.0,3464.0,0.19,70114.0,1
B0331,temporary_stress,23,19747.0,14768.0,3464.0,0.19,70114.0,1
B0331,temporary_stress,24,19558.0,14286.0,3464.0,0.19,70114.0,1
B0331,temporary_stress,25,19328.0,14272.0,3464.0,0.19,70114.0,1
B0331,temporary_stress,26,19439.0,14310.0,3464.0,0.19,70114.0,1
B0331,temporary_stress,27,19507.0,14667.0,3464.0,0.19,70114.0,1
B0331,temporary_stress,28,19413.0,14997.0,3464.0,0.19,70114.0,1
B0331,temporary_stress,29,19026.0,14737.0,3464.0,0.19,70114.0,1
B0331,temporary_stress,30,18754.0,14409.0,3464.0,0.19,70114.0,1
B0331,temporary_stress,31,19081.0,14979.0,3464.0,0.19,70114.0,1
B0331,temporary_stress,32,19264.0,14521.0,3464.0,0.19,70114.0,1
B0331,temporary_stress,33,19240.0,13734.0,3464.0,0.19,70114.0,1
B0331,temporary_stress,34,19493.0,14126.0,3464.0,0.19,70114.0,1
B0331,temporary_stress,35,19906.0,14159.0,3464.0,0.19,70114.0,1
B0331,temporary_stress,36,19983.0,13894.0,3464.0,0.19,70114.0,1
B0331,temporary_stress,37,19796.0,14180.0,3464.0,0.19,70114.0,1
B0331,temporary_stress,38,19632.0,14282.0,3464.0,0.19,70114.0,1
B0331,temporary_stress,39,19772.0,14269.0,3464.0,0.19,70114.0,1
B0331,temporary_stress,40,19476.0,14104.0,3464.0,0.19,70114.0,1
B0331,temporary_stress,41,19279.0,13960.0,3464.0,0.19,70114.0,1
B0332,temporary_stress,0,18943.0,11264.0,4144.0,0.127,48927.0,1
B0332,temporary_stress,1,19193.0,11453.0,4144.0,0.127,48927.0,1
B0332,temporary_stress,2,19486.0,11470.0,4144.0,0.127,48927.0,1
B0332,temporary_stress,3,19040.0,11175.0,4144.0,0.127,48927.0,1
B0332,temporary_stress,4,18959.0,10900.0,4144.0,0.127,48927.0,1
B0332,temporary_stress,5,18768.0,11073.0,4144.0,0.127,48927.0,1
B0332,temporary_stress,6,18340.0,11438.0,4144.0,0.127,48927.0,1
B0332,temporary_stress,7,18314.0,11689.0,4144.0,0.127,48927.0,1
B0332,temporary_stress,8,18459.0,11376.0,4144.0,0.127,48927.0,1
B0332,temporary_stress,9,18287.0,10928.0,4144.0,0.127,48927.0,1
B0332,temporary_stress,10,18250.0,11067.0,4144.0,0.127,48927.0,1
B0332,temporary_stress,11,18478.0,10787.0,4144.0,0.127,48927.0,1
B0332,temporary_stress,12,18536.0,10708.0,4144.0,0.127,48927.0,1
B0332,temporary_stress,13,18472.0,10426.0,4144.0,0.127,48927.0,1
B0332,temporary_stress,14,18610.0,10502.0,4144.0,0.127,48927.0,1
B0332,temporary_stress,15,18754.0,10798.0,4144.0,0.127,48927.0,1
B0332,temporary_stress,16,18830.0,11064.0,4144.0,0.127,48927.0,1
B0332,temporary_stress,17,9410.0,10722.0,4144.0,0.127,48927.0,0
B0332,temporary_stress,18,9285.0,10666.0,4144.0,0.127,48927.0,0
B0332,temporary_stress,19,9220.0,10538.0,4144.0,0.127,48927.0,0
B0332,temporary_stress,20,9254.0,10311.0,4144.0,0.127,48927.0,0
B0332,temporary_stress,21,9282.0,10494.0,4144.0,0.127,48927.0,0
B0332,temporary_stress,22,10669.0,10725.0,4144.0,0.127,48927.0,0
B0332,temporary_stress,23,12268.0,10540.0,4144.0,0.127,48927.0,0
B0332,temporary_stress,24,13920.0,10486.0,4144.0,0.127,48927.0,0
B0332,temporary_stress,25,15619.0,10542.0,4144.0,0.127,48927.0,1
B0332,temporary_stress,26,16944.0,10362.0,4144.0,0.127,48927.0,1
B0332,temporary_stress,27,18397.0,10837.0,4144.0,0.127,48927.0,1
B0332,temporary_stress,28,18526.0,11170.0,4144.0,0.127,48927.0,1
B0332,temporary_stress,29,18568.0,10823.0,4144.0,0.127,48927.0,1
B0332,temporary_stress,30,18630.0,10584.0,4144.0,0.127,48927.0,1
B0332,temporary_stress,31,18592.0,11072.0,4144.0,0.127,48927.0,1
B0332,temporary_stress,32,18902.0,11211.0,4144.0,0.127,48927.0,1
B0332,temporary_stress,33,19446.0,10994.0,4144.0,0.127,48927.0,1
B0332,temporary_stress,34,19593.0,11442.0,4144.0,0.127,48927.0,1
B0332,temporary_stress,35,19176.0,11256.0,4144.0,0.127,48927.0,1
B0332,temporary_stress,36,19090.0,10974.0,4144.0,0.127,48927.0,1
B0332,temporary_stress,37,19270.0,10999.0,4144.0,0.127,48927.0,1
B0333,structural_decline,0,17053.0,9747.0,3783.0,0.248,60524.0,1
B0333,structural_decline,1,16657.0,9558.0,3783.0,0.248,60524.0,1
B0333,structural_decline,2,17085.0,9378.0,3783.0,0.248,60524.0,1
B0333,structural_decline,3,16927.0,9689.0,3783.0,0.248,60524.0,1
B0333,structural_decline,4,17025.0,9552.0,3783.0,0.248,60524.0,1
B0333,structural_decline,5,17095.0,9404.0,3783.0,0.248,60524.0,1
B0333,structural_decline,6,17152.0,9604.0,3783.0,0.248,60524.0,1
B0333,structural_decline,7,17129.0,9731.0,3783.0,0.248,60524.0,1
B0333,structural_decline,8,16861.0,9737.0,3783.0,0.248,60524.0,1
B0333,structural_decline,9,16463.0,9535.0,3783.0,0.248,60524.0,1
B0333,structural_decline,10,16142.0,9478.0,3783.0,0.248,60524.0,1
B0333,structural_decline,11,16243.0,9579.0,3783.0,0.248,60524.0,1
B0333,structural_decline,12,16170.0,9559.0,3783.0,0.248,60524.0,1
B0333,structural_decline,13,15831.0,9387.0,3783.0,0.248,60524.0,1
B0333,structural_decline,14,15591.0,9513.0,3783.0,0.248,60524.0,1
B0333,structural_decline,15,15384.0,9987.0,3783.0,0.248,60524.0,1
B0333,structural_decline,16,15304.0,9768.0,3783.0,0.248,60524.0,1
B0333,structural_decline,17,12427.0,9482.0,3783.0,0.248,60524.0,0
B0333,structural_decline,18,12246.0,9498.0,3783.0,0.248,60524.0,0
B0333,structural_decline,19,12255.0,9533.0,3783.0,0.248,60524.0,0
B0333,structural_decline,20,14685.0,9505.0,3783.0,0.248,60524.0,1
B0333,structural_decline,21,14419.0,9569.0,3783.0,0.248,60524.0,1
B0333,structural_decline,22,13959.0,10102.0,3783.0,0.248,60524.0,1
B0333,structural_decline,23,13732.0,10297.0,3783.0,0.248,60524.0,0
B0333,structural_decline,24,13645.0,10073.0,3783.0,0.248,60524.0,0
B0333,structural_decline,25,13503.0,9929.0,3783.0,0.248,60524.0,0
B0333,structural_decline,26,13156.0,9757.0,3783.0,0.248,60524.0,0
B0333,structural_decline,27,12974.0,9971.0,3783.0,0.248,60524.0,0
B0333,structural_decline,28,12751.0,10200.0,3783.0,0.248,60524.0,0
B0333,structural_decline,29,12535.0,9950.0,3783.0,0.248,60524.0,0
B0333,structural_decline,30,12500.0,9720.0,3783.0,0.248,60524.0,0
B0333,structural_decline,31,12276.0,9722.0,3783.0,0.248,60524.0,0
B0333,structural_decline,32,12105.0,9329.0,3783.0,0.248,60524.0,0
B0333,structural_decline,33,12059.0,9639.0,3783.0,0.248,60524.0,0
B0333,structural_decline,34,11987.0,9829.0,3783.0,0.248,60524.0,0
B0333,structural_decline,35,11473.0,10032.0,3783.0,0.248,60524.0,0
B0333,structural_decline,36,11177.0,10066.0,3783.0,0.248,60524.0,0
B0333,structural_decline,37,11218.0,10139.0,3783.0,0.248,60524.0,0
B0333,structural_decline,38,11359.0,9835.0,3783.0,0.248,60524.0,0
B0333,structural_decline,39,11139.0,9732.0,3783.0,0.248,60524.0,0
B0333,structural_decline,40,10782.0,9360.0,3783.0,0.248,60524.0,0
B0333,structural_decline,41,10498.0,9282.0,3783.0,0.248,60524.0,0
B0334,structural_decline,0,14946.0,8207.0,3159.0,0.164,59078.0,1
B0334,structural_decline,1,15041.0,8261.0,3159.0,0.164,59078.0,1
B0334,structural_decline,2,15062.0,8194.0,3159.0,0.164,59078.0,1
B0334,structural_decline,3,14879.0,7978.0,3159.0,0.164,59078.0,1
B0334,structural_decline,4,14927.0,8024.0,3159.0,0.164,59078.0,1
B0334,structural_decline,5,15328.0,7818.0,3159.0,0.164,59078.0,1
B0334,structural_decline,6,15220.0,7496.0,3159.0,0.164,59078.0,1
B0334,structural_decline,7,15067.0,7541.0,3159.0,0.164,59078.0,1
B0334,structural_decline,8,14942.0,7801.0,3159.0,0.164,59078.0,1
B0334,structural_decline,9,14961.0,7940.0,3159.0,0.164,59078.0,1
B0334,structural_decline,10,15131.0,7995.0,3159.0,0.164,59078.0,1
B0334,structural_decline,11,15003.0,8095.0,3159.0,0.164,59078.0,1
B0334,structural_decline,12,14771.0,8127.0,3159.0,0.164,59078.0,1
B0334,structural_decline,13,14679.0,8214.0,3159.0,0.164,59078.0,1
B0334,structural_decline,14,15020.0,8267.0,3159.0,0.164,59078.0,1
B0334,structural_decline,15,15297.0,7939.0,3159.0,0.164,59078.0,1
B0334,structural_decline,16,15087.0,7972.0,3159.0,0.164,59078.0,1
B0334,structural_decline,17,15036.0,7948.0,3159.0,0.164,59078.0,1
B0334,structural_decline,18,15237.0,7964.0,3159.0,0.164,59078.0,1
B0334,structural_decline,19,15149.0,7973.0,3159.0,0.164,59078.0,1
B0334,structural_decline,20,15000.0,8114.0,3159.0,0.164,59078.0,1
B0334,structural_decline,21,14855.0,8457.0,3159.0,0.164,59078.0,1
B0334,structural_decline,22,14397.0,8495.0,3159.0,0.164,59078.0,1
B0334,structural_decline,23,13916.0,7977.0,3159.0,0.164,59078.0,1
B0334,structural_decline,24,13713.0,7880.0,3159.0,0.164,59078.0,1
B0334,structural_decline,25,13386.0,8056.0,3159.0,0.164,59078.0,1
B0334,structural_decline,26,13234.0,8270.0,3159.0,0.164,59078.0,1
B0334,structural_decline,27,13062.0,8391.0,3159.0,0.164,59078.0,1
B0334,structural_decline,28,12787.0,8286.0,3159.0,0.164,59078.0,1
B0334,structural_decline,29,12571.0,8114.0,3159.0,0.164,59078.0,1
B0334,structural_decline,30,12276.0,8018.0,3159.0,0.164,59078.0,1
B0334,structural_decline,31,11922.0,8085.0,3159.0,0.164,59078.0,1
B0334,structural_decline,32,11781.0,8288.0,3159.0,0.164,59078.0,1
B0334,structural_decline,33,11501.0,8237.0,3159.0,0.164,59078.0,1
B0334,structural_decline,34,11287.0,8293.0,3159.0,0.164,59078.0,0
B0334,structural_decline,35,11260.0,7922.0,3159.0,0.164,59078.0,1
B0335,stable,0,14599.0,10322.0,3228.0,0.088,67899.0,1
B0335,stable,1,14407.0,9716.0,3228.0,0.088,67899.0,1
B0335,stable,2,14248.0,9182.0,3228.0,0.088,67899.0,1
B0335,stable,3,14156.0,9569.0,3228.0,0.088,67899.0,1
B0335,stable,4,14178.0,9837.0,3228.0,0.088,67899.0,1
B0335,stable,5,14109.0,9797.0,3228.0,0.088,67899.0,1
B0335,stable,6,13873.0,9566.0,3228.0,0.088,67899.0,1
B0335,stable,7,13891.0,9505.0,3228.0,0.088,67899.0,1
B0335,stable,8,13933.0,9609.0,3228.0,0.088,67899.0,1
B0335,stable,9,14043.0,9601.0,3228.0,0.088,67899.0,1
B0335,stable,10,13946.0,9605.0,3228.0,0.088,67899.0,1
B0335,stable,11,14000.0,9433.0,3228.0,0.088,67899.0,1
B0335,stable,12,14069.0,9765.0,3228.0,0.088,67899.0,1
B0335,stable,13,14244.0,9803.0,3228.0,0.088,67899.0,1
B0335,stable,14,14597.0,9838.0,3228.0,0.088,67899.0,1
B0335,stable,15,14738.0,10044.0,3228.0,0.088,67899.0,1
B0335,stable,16,14508.0,10156.0,3228.0,0.088,67899.0,1
B0335,stable,17,14557.0,10097.0,3228.0,0.088,67899.0,1
B0335,stable,18,14711.0,10392.0,3228.0,0.088,67899.0,1
B0335,stable,19,14909.0,10165.0,3228.0,0.088,67899.0,1
B0335,stable,20,14894.0,9644.0,3228.0,0.088,67899.0,1
B0335,stable,21,14495.0,9794.0,3228.0,0.088,67899.0,1
B0335,stable,22,14211.0,10007.0,3228.0,0.088,67899.0,1
B0335,stable,23,14196.0,9747.0,3228.0,0.088,67899.0,1
B0335,stable,24,14272.0,9483.0,3228.0,0.088,67899.0,1
B0335,stable,25,14339.0,9539.0,3228.0,0.088,67899.0,1
B0335,stable,26,14264.0,9693.0,3228.0,0.088,67899.0,1
B0335,stable,27,13967.0,9399.0,3228.0,0.088,67899.0,1
B0335,stable,28,14068.0,9233.0,3228.0,0.088,67899.0,1
B0335,stable,29,13776.0,9418.0,3228.0,0.088,67899.0,1
B0335,stable,30,13718.0,9541.0,3228.0,0.088,67899.0,1
B0335,stable,31,14077.0,9444.0,3228.0,0.088,67899.0,1
B0335,stable,32,14329.0,9472.0,3228.0,0.088,67899.0,1
B0336,stable,0,10697.0,7783.0,2427.0,0.185,56936.0,1
B0336,stable,1,10733.0,7798.0,2427.0,0.185,56936.0,1
B0336,stable,2,10776.0,8104.0,2427.0,0.185,56936.0,1
B0336,stable,3,11131.0,8181.0,2427.0,0.185,56936.0,1
B0336,stable,4,11208.0,8114.0,2427.0,0.185,56936.0,1
B0336,stable,5,11061.0,8487.0,2427.0,0.185,56936.0,1
B0336,stable,6,11254.0,8651.0,2427.0,0.185,56936.0,1
B0336,stable,7,11345.0,8621.0,2427.0,0.185,56936.0,1
B0336,stable,8,11428.0,8338.0,2427.0,0.185,56936.0,1
B0336,stable,9,11435.0,8500.0,2427.0,0.185,56936.0,1
B0336,stable,10,11301.0,8626.0,2427.0,0.185,56936.0,1
B0336,stable,11,11500.0,8358.0,2427.0,0.185,56936.0,1
B0336,stable,12,11667.0,8462.0,2427.0,0.185,56936.0,1
B0336,stable,13,11485.0,8598.0,2427.0,0.185,56936.0,1
B0336,stable,14,11450.0,8555.0,2427.0,0.185,56936.0,1
B0336,stable,15,11321.0,8703.0,2427.0,0.185,56936.0,1
B0336,stable,16,11135.0,8585.0,2427.0,0.185,56936.0,1
B0336,stable,17,11125.0,8348.0,2427.0,0.185,56936.0,1
B0336,stable,18,11199.0,8230.0,2427.0,0.185,56936.0,1
B0336,stable,19,11168.0,8263.0,2427.0,0.185,56936.0,1
B0336,stable,20,11176.0,8106.0,2427.0,0.185,56936.0,1
B0336,stable,21,11276.0,8183.0,2427.0,0.185,56936.0,1
B0336,stable,22,11234.0,8172.0,2427.0,0.185,56936.0,1
B0336,stable,23,11230.0,8161.0,2427.0,0.185,56936.0,1
B0336,stable,24,11465.0,8504.0,2427.0,0.185,56936.0,1
B0336,stable,25,11619.0,8537.0,2427.0,0.185,56936.0,1
B0336,stable,26,11715.0,8263.0,2427.0,0.185,56936.0,1
B0336,stable,27,11798.0,7877.0,2427.0,0.185,56936.0,1
B0336,stable,28,11920.0,7976.0,2427.0,0.185,56936.0,1
B0336,stable,29,11830.0,8231.0,2427.0,0.185,56936.0,1
B0336,stable,30,11717.0,8373.0,2427.0,0.185,56936.0,1
B0336,stable,31,11857.0,8308.0,2427.0,0.185,56936.0,1
B0336,stable,32,12029.0,8044.0,2427.0,0.185,56936.0,1
B0336,stable,33,11879.0,8387.0,2427.0,0.185,56936.0,1
B0336,stable,34,11719.0,8578.0,2427.0,0.185,56936.0,1
B0336,stable,35,11780.0,8627.0,2427.0,0.185,56936.0,1
B0337,structural_decline,0,14318.0,8640.0,2812.0,0.127,72140.0,1
B0337,structural_decline,1,14638.0,8639.0,2812.0,0.127,72140.0,1
B0337,structural_decline,2,14624.0,8493.0,2812.0,0.127,72140.0,1
B0337,structural_decline,3,14603.0,8415.0,2812.0,0.127,72140.0,1
B0337,structural_decline,4,14606.0,8529.0,2812.0,0.127,72140.0,1
B0337,structural_decline,5,14728.0,8432.0,2812.0,0.127,72140.0,1
B0337,structural_decline,6,14843.0,8481.0,2812.0,0.127,72140.0,1
B0337,structural_decline,7,14819.0,8584.0,2812.0,0.127,72140.0,1
B0337,structural_decline,8,14427.0,8571.0,2812.0,0.127,72140.0,1
B0337,structural_decline,9,14514.0,8520.0,2812.0,0.127,72140.0,1
B0337,structural_decline,10,14659.0,8677.0,2812.0,0.127,72140.0,1
B0337,structural_decline,11,14827.0,8859.0,2812.0,0.127,72140.0,1
B0337,structural_decline,12,15020.0,8738.0,2812.0,0.127,72140.0,1
B0337,structural_decline,13,14702.0,8951.0,2812.0,0.127,72140.0,1
B0337,structural_decline,14,14676.0,9031.0,2812.0,0.127,72140.0,1
B0337,structural_decline,15,14474.0,8887.0,2812.0,0.127,72140.0,1
B0337,structural_decline,16,14321.0,8927.0,2812.0,0.127,72140.0,1
B0337,structural_decline,17,13929.0,8769.0,2812.0,0.127,72140.0,1
B0337,structural_decline,18,13446.0,8511.0,2812.0,0.127,72140.0,1
B0337,structural_decline,19,13390.0,8629.0,2812.0,0.127,72140.0,1
B0337,structural_decline,20,12900.0,8871.0,2812.0,0.127,72140.0,1
B0337,structural_decline,21,12703.0,8627.0,2812.0,0.127,72140.0,1
B0337,structural_decline,22,12555.0,8588.0,2812.0,0.127,72140.0,1
B0337,structural_decline,23,12377.0,8736.0,2812.0,0.127,72140.0,1
B0337,structural_decline,24,12054.0,8639.0,2812.0,0.127,72140.0,1
B0337,structural_decline,25,11700.0,8604.0,2812.0,0.127,72140.0,1
B0337,structural_decline,26,11523.0,8448.0,2812.0,0.127,72140.0,1
B0337,structural_decline,27,11309.0,8855.0,2812.0,0.127,72140.0,0
B0337,structural_decline,28,11352.0,8824.0,2812.0,0.127,72140.0,0
B0337,structural_decline,29,11004.0,8560.0,2812.0,0.127,72140.0,0
B0337,structural_decline,30,10527.0,8846.0,2812.0,0.127,72140.0,0
B0337,structural_decline,31,10367.0,8765.0,2812.0,0.127,72140.0,0
B0337,structural_decline,32,10029.0,8688.0,2812.0,0.127,72140.0,0
B0337,structural_decline,33,9993.0,8405.0,2812.0,0.127,72140.0,0
B0337,structural_decline,34,9951.0,8422.0,2812.0,0.127,72140.0,0
B0337,structural_decline,35,9624.0,8925.0,2812.0,0.127,72140.0,0
B0338,stable,0,11001.0,5201.0,1571.0,0.282,44210.0,1
B0338,stable,1,11094.0,5203.0,1571.0,0.282,44210.0,1
B0338,stable,2,11108.0,5355.0,1571.0,0.282,44210.0,1
B0338,stable,3,11338.0,5223.0,1571.0,0.282,44210.0,1
B0338,stable,4,11434.0,5147.0,1571.0,0.282,44210.0,1
B0338,stable,5,11174.0,5184.0,1571.0,0.282,44210.0,1
B0338,stable,6,11330.0,5430.0,1571.0,0.282,44210.0,1
B0338,stable,7,11396.0,5429.0,1571.0,0.282,44210.0,1
B0338,stable,8,11255.0,5480.0,1571.0,0.282,44210.0,1
B0338,stable,9,11062.0,5520.0,1571.0,0.282,44210.0,1
B0338,stable,10,11201.0,5436.0,1571.0,0.282,44210.0,1
B0338,stable,11,10966.0,5449.0,1571.0,0.282,44210.0,1
B0338,stable,12,10843.0,5596.0,1571.0,0.282,44210.0,1
B0338,stable,13,11059.0,5625.0,1571.0,0.282,44210.0,1
B0338,stable,14,11162.0,5405.0,1571.0,0.282,44210.0,1
B0338,stable,15,11172.0,5255.0,1571.0,0.282,44210.0,1
B0338,stable,16,11290.0,5411.0,1571.0,0.282,44210.0,1
B0338,stable,17,11485.0,5459.0,1571.0,0.282,44210.0,1
B0338,stable,18,11411.0,5609.0,1571.0,0.282,44210.0,1
B0338,stable,19,11489.0,5657.0,1571.0,0.282,44210.0,1
B0338,stable,20,11480.0,5462.0,1571.0,0.282,44210.0,1
B0338,stable,21,11473.0,5451.0,1571.0,0.282,44210.0,1
B0338,stable,22,11499.0,5444.0,1571.0,0.282,44210.0,1
B0338,stable,23,11488.0,5543.0,1571.0,0.282,44210.0,1
B0338,stable,24,11628.0,5626.0,1571.0,0.282,44210.0,1
B0338,stable,25,11472.0,5422.0,1571.0,0.282,44210.0,1
B0338,stable,26,11303.0,5342.0,1571.0,0.282,44210.0,1
B0338,stable,27,11151.0,5396.0,1571.0,0.282,44210.0,1
B0338,stable,28,11204.0,5424.0,1571.0,0.282,44210.0,1
B0338,stable,29,11136.0,5408.0,1571.0,0.282,44210.0,1
B0338,stable,30,11028.0,5227.0,1571.0,0.282,44210.0,1
B0338,stable,31,10948.0,5176.0,1571.0,0.282,44210.0,1
B0338,stable,32,11260.0,5358.0,1571.0,0.282,44210.0,1
B0339,stable,0,10468.0,6965.0,2334.0,0.133,35530.0,1
B0339,stable,1,10189.0,6891.0,2334.0,0.133,35530.0,1
B0339,stable,2,9988.0,6980.0,2334.0,0.133,35530.0,1
B0339,stable,3,10063.0,6949.0,2334.0,0.133,35530.0,1
B0339,stable,4,9971.0,6643.0,2334.0,0.133,35530.0,1
B0339,stable,5,9811.0,6437.0,2334.0,0.133,35530.0,1
B0339,stable,6,9771.0,6528.0,2334.0,0.133,35530.0,1
B0339,stable,7,9847.0,6628.0,2334.0,0.133,35530.0,1
B0339,stable,8,10095.0,6516.0,2334.0,0.133,35530.0,1
B0339,stable,9,10255.0,6522.0,2334.0,0.133,35530.0,1
B0339,stable,10,10582.0,6670.0,2334.0,0.133,35530.0,1
B0339,stable,11,10680.0,6738.0,2334.0,0.133,35530.0,1
B0339,stable,12,10472.0,6546.0,2334.0,0.133,35530.0,1
B0339,stable,13,10507.0,6297.0,2334.0,0.133,35530.0,1
B0339,stable,14,10600.0,6381.0,2334.0,0.133,35530.0,1
B0339,stable,15,10526.0,6454.0,2334.0,0.133,35530.0,1
B0339,stable,16,10534.0,6513.0,2334.0,0.133,35530.0,1
B0339,stable,17,10526.0,6467.0,2334.0,0.133,35530.0,1
B0339,stable,18,10318.0,6402.0,2334.0,0.133,35530.0,1
B0339,stable,19,10281.0,6476.0,2334.0,0.133,35530.0,1
B0339,stable,20,10397.0,6307.0,2334.0,0.133,35530.0,1
B0339,stable,21,10404.0,6688.0,2334.0,0.133,35530.0,1
B0339,stable,22,10243.0,6829.0,2334.0,0.133,35530.0,1
B0339,stable,23,10123.0,6895.0,2334.0,0.133,35530.0,1
B0339,stable,24,10064.0,6805.0,2334.0,0.133,35530.0,1
B0339,stable,25,10149.0,6866.0,2334.0,0.133,35530.0,1
B0339,stable,26,10066.0,6785.0,2334.0,0.133,35530.0,1
B0339,stable,27,10065.0,6703.0,2334.0,0.133,35530.0,1
B0339,stable,28,10246.0,6416.0,2334.0,0.133,35530.0,1
B0339,stable,29,10221.0,6317.0,2334.0,0.133,35530.0,1
B0340,temporary_stress,0,11764.0,6944.0,1374.0,0.248,43991.0,1
B0340,temporary_stress,1,11562.0,7004.0,1374.0,0.248,43991.0,1
B0340,temporary_stress,2,11563.0,7284.0,1374.0,0.248,43991.0,1
B0340,temporary_stress,3,11704.0,7168.0,1374.0,0.248,43991.0,1
B0340,temporary_stress,4,11754.0,7002.0,1374.0,0.248,43991.0,1
B0340,temporary_stress,5,11777.0,7253.0,1374.0,0.248,43991.0,1
B0340,temporary_stress,6,11693.0,7110.0,1374.0,0.248,43991.0,1
B0340,temporary_stress,7,11698.0,7009.0,1374.0,0.248,43991.0,1
B0340,temporary_stress,8,11692.0,7078.0,1374.0,0.248,43991.0,1
B0340,temporary_stress,9,11962.0,7278.0,1374.0,0.248,43991.0,1
B0340,temporary_stress,10,11794.0,7167.0,1374.0,0.248,43991.0,1
B0340,temporary_stress,11,11757.0,7212.0,1374.0,0.248,43991.0,1
B0340,temporary_stress,12,11927.0,7551.0,1374.0,0.248,43991.0,1
B0340,temporary_stress,13,11931.0,7209.0,1374.0,0.248,43991.0,1
B0340,temporary_stress,14,12116.0,7058.0,1374.0,0.248,43991.0,1
B0340,temporary_stress,15,6865.0,7445.0,1374.0,0.248,43991.0,0
B0340,temporary_stress,16,6805.0,7419.0,1374.0,0.248,43991.0,0
B0340,temporary_stress,17,6689.0,7294.0,1374.0,0.248,43991.0,0
B0340,temporary_stress,18,7784.0,7438.0,1374.0,0.248,43991.0,0
B0340,temporary_stress,19,9024.0,7445.0,1374.0,0.248,43991.0,1
B0340,temporary_stress,20,10283.0,7258.0,1374.0,0.248,43991.0,1
B0340,temporary_stress,21,11572.0,7123.0,1374.0,0.248,43991.0,1
B0340,temporary_stress,22,11604.0,6954.0,1374.0,0.248,43991.0,1
B0340,temporary_stress,23,11817.0,7236.0,1374.0,0.248,43991.0,1
B0340,temporary_stress,24,11834.0,7277.0,1374.0,0.248,43991.0,1
B0340,temporary_stress,25,11899.0,7132.0,1374.0,0.248,43991.0,1
B0340,temporary_stress,26,11877.0,7060.0,1374.0,0.248,43991.0,1
B0340,temporary_stress,27,11952.0,6938.0,1374.0,0.248,43991.0,1
B0340,temporary_stress,28,11864.0,7097.0,1374.0,0.248,43991.0,1
B0340,temporary_stress,29,11569.0,7045.0,1374.0,0.248,43991.0,1
B0340,temporary_stress,30,11664.0,7179.0,1374.0,0.248,43991.0,1
B0340,temporary_stress,31,11617.0,7049.0,1374.0,0.248,43991.0,1
B0340,temporary_stress,32,11636.0,7075.0,1374.0,0.248,43991.0,1
B0340,temporary_stress,33,11811.0,7217.0,1374.0,0.248,43991.0,1
B0340,temporary_stress,34,12055.0,7109.0,1374.0,0.248,43991.0,1
B0341,temporary_stress,0,16735.0,11203.0,3127.0,0.274,83745.0,1
B0341,temporary_stress,1,16543.0,11519.0,3127.0,0.274,83745.0,1
B0341,temporary_stress,2,16582.0,11914.0,3127.0,0.274,83745.0,1
B0341,temporary_stress,3,16315.0,11700.0,3127.0,0.274,83745.0,1
B0341,temporary_stress,4,16511.0,11739.0,3127.0,0.274,83745.0,1
B0341,temporary_stress,5,16400.0,11901.0,3127.0,0.274,83745.0,1
B0341,temporary_stress,6,16126.0,11609.0,3127.0,0.274,83745.0,1
B0341,temporary_stress,7,15818.0,11403.0,3127.0,0.274,83745.0,1
B0341,temporary_stress,8,15880.0,11645.0,3127.0,0.274,83745.0,1
B0341,temporary_stress,9,16041.0,11651.0,3127.0,0.274,83745.0,1
B0341,temporary_stress,10,16186.0,11837.0,3127.0,0.274,83745.0,1
B0341,temporary_stress,11,16087.0,11770.0,3127.0,0.274,83745.0,1
B0341,temporary_stress,12,16175.0,11534.0,3127.0,0.274,83745.0,1
B0341,temporary_stress,13,16563.0,11497.0,3127.0,0.274,83745.0,1
B0341,temporary_stress,14,9342.0,11239.0,3127.0,0.274,83745.0,0
B0341,temporary_stress,15,9235.0,11014.0,3127.0,0.274,83745.0,0
B0341,temporary_stress,16,9219.0,11011.0,3127.0,0.274,83745.0,0
B0341,temporary_stress,17,9347.0,11223.0,3127.0,0.274,83745.0,0
B0341,temporary_stress,18,11143.0,11621.0,3127.0,0.274,83745.0,0
B0341,temporary_stress,19,12024.0,11755.0,3127.0,0.274,83745.0,0
B0341,temporary_stress,20,12815.0,11472.0,3127.0,0.274,83745.0,0
B0341,temporary_stress,21,13528.0,11443.0,3127.0,0.274,83745.0,0
B0341,temporary_stress,22,14157.0,11246.0,3127.0,0.274,83745.0,0
B0341,temporary_stress,23,14700.0,11385.0,3127.0,0.274,83745.0,1
B0341,temporary_stress,24,15306.0,11631.0,3127.0,0.274,83745.0,1
B0341,temporary_stress,25,16048.0,11968.0,3127.0,0.274,83745.0,1
B0341,temporary_stress,26,16130.0,11967.0,3127.0,0.274,83745.0,1
B0341,temporary_stress,27,16142.0,11561.0,3127.0,0.274,83745.0,1
B0341,temporary_stress,28,16301.0,11818.0,3127.0,0.274,83745.0,1
B0341,temporary_stress,29,16638.0,11492.0,3127.0,0.274,83745.0,1
B0342,structural_decline,0,14972.0,10582.0,2753.0,0.182,65481.0,1
B0342,structural_decline,1,14994.0,10707.0,2753.0,0.182,65481.0,1
B0342,structural_decline,2,15145.0,10813.0,2753.0,0.182,65481.0,1
B0342,structural_decline,3,15201.0,10652.0,2753.0,0.182,65481.0,1
B0342,structural_decline,4,15277.0,10484.0,2753.0,0.182,65481.0,1
B0342,structural_decline,5,15431.0,10374.0,2753.0,0.182,65481.0,1
B0342,structural_decline,6,15421.0,10442.0,2753.0,0.182,65481.0,1
B0342,structural_decline,7,15387.0,10471.0,2753.0,0.182,65481.0,1
B0342,structural_decline,8,15239.0,10486.0,2753.0,0.182,65481.0,1
B0342,structural_decline,9,15146.0,10411.0,2753.0,0.182,65481.0,1
B0342,structural_decline,10,15015.0,10489.0,2753.0,0.182,65481.0,1
B0342,structural_decline,11,15320.0,10636.0,2753.0,0.182,65481.0,1
B0342,structural_decline,12,15344.0,10689.0,2753.0,0.182,65481.0,1
B0342,structural_decline,13,14918.0,10862.0,2753.0,0.182,65481.0,1
B0342,structural_decline,14,14812.0,11146.0,2753.0,0.182,65481.0,1
B0342,structural_decline,15,14516.0,10891.0,2753.0,0.182,65481.0,1
B0342,structural_decline,16,14066.0,10993.0,2753.0,0.182,65481.0,1
B0342,structural_decline,17,13367.0,11103.0,2753.0,0.182,65481.0,0
B0342,structural_decline,18,13193.0,11115.0,2753.0,0.182,65481.0,0
B0342,structural_decline,19,13200.0,10803.0,2753.0,0.182,65481.0,0
B0342,structural_decline,20,12705.0,10584.0,2753.0,0.182,65481.0,0
B0342,structural_decline,21,12195.0,10965.0,2753.0,0.182,65481.0,0
B0342,structural_decline,22,11897.0,11258.0,2753.0,0.182,65481.0,0
B0342,structural_decline,23,11578.0,11610.0,2753.0,0.182,65481.0,0
B0342,structural_decline,24,11458.0,11240.0,2753.0,0.182,65481.0,0
B0342,structural_decline,25,11162.0,10982.0,2753.0,0.182,65481.0,0
B0342,structural_decline,26,10804.0,10408.0,2753.0,0.182,65481.0,0
B0342,structural_decline,27,10638.0,10373.0,2753.0,0.182,65481.0,0
B0342,structural_decline,28,10579.0,10890.0,2753.0,0.182,65481.0,0
B0342,structural_decline,29,10442.0,10843.0,2753.0,0.182,65481.0,0
B0342,structural_decline,30,10171.0,10712.0,2753.0,0.182,65481.0,0
B0343,stable,0,14550.0,9911.0,2749.0,0.084,67207.0,1
B0343,stable,1,14657.0,9998.0,2749.0,0.084,67207.0,1
B0343,stable,2,14759.0,10027.0,2749.0,0.084,67207.0,1
B0343,stable,3,14658.0,9882.0,2749.0,0.084,67207.0,1
B0343,stable,4,14473.0,9575.0,2749.0,0.084,67207.0,1
B0343,stable,5,14400.0,9674.0,2749.0,0.084,67207.0,1
B0343,stable,6,14110.0,9789.0,2749.0,0.084,67207.0,1
B0343,stable,7,14281.0,9471.0,2749.0,0.084,67207.0,1
B0343,stable,8,14456.0,9674.0,2749.0,0.084,67207.0,1
B0343,stable,9,14096.0,10063.0,2749.0,0.084,67207.0,1
B0343,stable,10,14215.0,9861.0,2749.0,0.084,67207.0,1
B0343,stable,11,14250.0,9504.0,2749.0,0.084,67207.0,1
B0343,stable,12,14316.0,9418.0,2749.0,0.084,67207.0,1
B0343,stable,13,14386.0,9520.0,2749.0,0.084,67207.0,1
B0343,stable,14,14424.0,9787.0,2749.0,0.084,67207.0,1
B0343,stable,15,14688.0,9564.0,2749.0,0.084,67207.0,1
B0343,stable,16,14770.0,9510.0,2749.0,0.084,67207.0,1
B0343,stable,17,14929.0,9337.0,2749.0,0.084,67207.0,1
B0343,stable,18,15297.0,9578.0,2749.0,0.084,67207.0,1
B0343,stable,19,15520.0,9765.0,2749.0,0.084,67207.0,1
B0343,stable,20,15478.0,9565.0,2749.0,0.084,67207.0,1
B0343,stable,21,15371.0,9409.0,2749.0,0.084,67207.0,1
B0343,stable,22,15571.0,9566.0,2749.0,0.084,67207.0,1
B0343,stable,23,15225.0,9939.0,2749.0,0.084,67207.0,1
B0343,stable,24,14877.0,9797.0,2749.0,0.084,67207.0,1
B0343,stable,25,14880.0,9532.0,2749.0,0.084,67207.0,1
B0343,stable,26,14852.0,9863.0,2749.0,0.084,67207.0,1
B0343,stable,27,14856.0,10323.0,2749.0,0.084,67207.0,1
B0343,stable,28,14752.0,10510.0,2749.0,0.084,67207.0,1
B0343,stable,29,14790.0,10229.0,2749.0,0.084,67207.0,1
B0344,temporary_stress,0,10954.0,6037.0,1445.0,0.275,46793.0,1
B0344,temporary_stress,1,10837.0,6167.0,1445.0,0.275,46793.0,1
B0344,temporary_stress,2,10815.0,6322.0,1445.0,0.275,46793.0,1
B0344,temporary_stress,3,10838.0,6274.0,1445.0,0.275,46793.0,1
B0344,temporary_stress,4,10834.0,6035.0,1445.0,0.275,46793.0,1
B0344,temporary_stress,5,10753.0,6013.0,1445.0,0.275,46793.0,1
B0344,temporary_stress,6,10663.0,6146.0,1445.0,0.275,46793.0,1
B0344,temporary_stress,7,10613.0,6244.0,1445.0,0.275,46793.0,1
B0344,temporary_stress,8,6503.0,6197.0,1445.0,0.275,46793.0,0
B0344,temporary_stress,9,6570.0,6087.0,1445.0,0.275,46793.0,0
B0344,temporary_stress,10,6723.0,5975.0,1445.0,0.275,46793.0,0
B0344,temporary_stress,11,6817.0,5970.0,1445.0,0.275,46793.0,0
B0344,temporary_stress,12,6711.0,6150.0,1445.0,0.275,46793.0,0
B0344,temporary_stress,13,7588.0,6164.0,1445.0,0.275,46793.0,0
B0344,temporary_stress,14,8094.0,6023.0,1445.0,0.275,46793.0,1
B0344,temporary_stress,15,8671.0,5981.0,1445.0,0.275,46793.0,1
B0344,temporary_stress,16,9177.0,6176.0,1445.0,0.275,46793.0,1
B0344,temporary_stress,17,9333.0,6164.0,1445.0,0.275,46793.0,1
B0344,temporary_stress,18,9691.0,6147.0,1445.0,0.275,46793.0,1
B0344,temporary_stress,19,10155.0,6317.0,1445.0,0.275,46793.0,1
B0344,temporary_stress,20,10704.0,6347.0,1445.0,0.275,46793.0,1
B0344,temporary_stress,21,10771.0,6304.0,1445.0,0.275,46793.0,1
B0344,temporary_stress,22,10716.0,6422.0,1445.0,0.275,46793.0,1
B0344,temporary_stress,23,10781.0,6445.0,1445.0,0.275,46793.0,1
B0344,temporary_stress,24,10891.0,6499.0,1445.0,0.275,46793.0,1
B0344,temporary_stress,25,10794.0,6504.0,1445.0,0.275,46793.0,1
B0344,temporary_stress,26,10929.0,6590.0,1445.0,0.275,46793.0,1
B0344,temporary_stress,27,11199.0,6384.0,1445.0,0.275,46793.0,1
B0344,temporary_stress,28,11349.0,6272.0,1445.0,0.275,46793.0,1
B0344,temporary_stress,29,11159.0,6266.0,1445.0,0.275,46793.0,1
B0344,temporary_stress,30,10807.0,6204.0,1445.0,0.275,46793.0,1
B0344,temporary_stress,31,10812.0,6176.0,1445.0,0.275,46793.0,1
B0344,temporary_stress,32,10993.0,6108.0,1445.0,0.275,46793.0,1
B0344,temporary_stress,33,11035.0,6069.0,1445.0,0.275,46793.0,1
B0344,temporary_stress,34,10888.0,6158.0,1445.0,0.275,46793.0,1
B0344,temporary_stress,35,10693.0,6148.0,1445.0,0.275,46793.0,1
B0344,temporary_stress,36,10599.0,6166.0,1445.0,0.275,46793.0,1
B0344,temporary_stress,37,10552.0,6017.0,1445.0,0.275,46793.0,1
B0345,structural_decline,0,18048.0,9388.0,2702.0,0.203,91976.0,1
B0345,structural_decline,1,18097.0,9584.0,2702.0,0.203,91976.0,1
B0345,structural_decline,2,18004.0,9713.0,2702.0,0.203,91976.0,1
B0345,structural_decline,3,17774.0,9481.0,2702.0,0.203,91976.0,1
B0345,structural_decline,4,17841.0,9279.0,2702.0,0.203,91976.0,1
B0345,structural_decline,5,17881.0,9270.0,2702.0,0.203,91976.0,1
B0345,structural_decline,6,17661.0,9480.0,2702.0,0.203,91976.0,1
B0345,structural_decline,7,17773.0,9851.0,2702.0,0.203,91976.0,1
B0345,structural_decline,8,17722.0,9553.0,2702.0,0.203,91976.0,1
B0345,structural_decline,9,17635.0,9787.0,2702.0,0.203,91976.0,1
B0345,structural_decline,10,17412.0,9832.0,2702.0,0.203,91976.0,1
B0345,structural_decline,11,16748.0,9460.0,2702.0,0.203,91976.0,1
B0345,structural_decline,12,16300.0,9080.0,2702.0,0.203,91976.0,1
B0345,structural_decline,13,16275.0,9104.0,2702.0,0.203,91976.0,1
B0345,structural_decline,14,15960.0,9188.0,2702.0,0.203,91976.0,1
B0345,structural_decline,15,15470.0,9311.0,2702.0,0.203,91976.0,1
B0345,structural_decline,16,15309.0,9136.0,2702.0,0.203,91976.0,1
B0345,structural_decline,17,12510.0,9186.0,2702.0,0.203,91976.0,1
B0345,structural_decline,18,12224.0,9007.0,2702.0,0.203,91976.0,1
B0345,structural_decline,19,11906.0,9182.0,2702.0,0.203,91976.0,1
B0345,structural_decline,20,11816.0,9317.0,2702.0,0.203,91976.0,0
B0345,structural_decline,21,13725.0,9310.0,2702.0,0.203,91976.0,1
B0345,structural_decline,22,13394.0,9140.0,2702.0,0.203,91976.0,1
B0345,structural_decline,23,12948.0,9055.0,2702.0,0.203,91976.0,1
B0345,structural_decline,24,12637.0,9300.0,2702.0,0.203,91976.0,1
B0345,structural_decline,25,12479.0,9363.0,2702.0,0.203,91976.0,1
B0345,structural_decline,26,12197.0,9267.0,2702.0,0.203,91976.0,1
B0345,structural_decline,27,11920.0,9123.0,2702.0,0.203,91976.0,1
B0345,structural_decline,28,11582.0,9151.0,2702.0,0.203,91976.0,0
B0345,structural_decline,29,11427.0,9549.0,2702.0,0.203,91976.0,0
B0345,structural_decline,30,11236.0,9741.0,2702.0,0.203,91976.0,0
B0345,structural_decline,31,10914.0,9572.0,2702.0,0.203,91976.0,0
B0345,structural_decline,32,10534.0,9403.0,2702.0,0.203,91976.0,0
B0346,stable,0,12660.0,8001.0,3132.0,0.247,41230.0,1
B0346,stable,1,13072.0,8233.0,3132.0,0.247,41230.0,1
B0346,stable,2,13404.0,8015.0,3132.0,0.247,41230.0,1
B0346,stable,3,13070.0,8183.0,3132.0,0.247,41230.0,1
B0346,stable,4,13146.0,8148.0,3132.0,0.247,41230.0,1
B0346,stable,5,13305.0,7811.0,3132.0,0.247,41230.0,1
B0346,stable,6,13482.0,7784.0,3132.0,0.247,41230.0,1
B0346,stable,7,13519.0,7824.0,3132.0,0.247,41230.0,1
B0346,stable,8,13500.0,8008.0,3132.0,0.247,41230.0,1
B0346,stable,9,13400.0,8365.0,3132.0,0.247,41230.0,1
B0346,stable,10,13124.0,8205.0,3132.0,0.247,41230.0,1
B0346,stable,11,12827.0,8086.0,3132.0,0.247,41230.0,1
B0346,stable,12,13000.0,7749.0,3132.0,0.247,41230.0,1
B0346,stable,13,13200.0,7689.0,3132.0,0.247,41230.0,1
B0346,stable,14,13049.0,8269.0,3132.0,0.247,41230.0,1
B0346,stable,15,13068.0,8644.0,3132.0,0.247,41230.0,1
B0346,stable,16,13175.0,8427.0,3132.0,0.247,41230.0,1
B0346,stable,17,13081.0,8306.0,3132.0,0.247,41230.0,1
B0346,stable,18,12876.0,8283.0,3132.0,0.247,41230.0,1
B0346,stable,19,12860.0,8313.0,3132.0,0.247,41230.0,1
B0346,stable,20,13161.0,8215.0,3132.0,0.247,41230.0,1
B0346,stable,21,13471.0,8140.0,3132.0,0.247,41230.0,1
B0346,stable,22,13516.0,7934.0,3132.0,0.247,41230.0,1
B0346,stable,23,13394.0,8118.0,3132.0,0.247,41230.0,1
B0346,stable,24,13384.0,8054.0,3132.0,0.247,41230.0,1
B0346,stable,25,13767.0,8109.0,3132.0,0.247,41230.0,1
B0346,stable,26,13753.0,8105.0,3132.0,0.247,41230.0,1
B0346,stable,27,13567.0,8096.0,3132.0,0.247,41230.0,1
B0346,stable,28,13668.0,8249.0,3132.0,0.247,41230.0,1
B0346,stable,29,13800.0,8169.0,3132.0,0.247,41230.0,1
B0346,stable,30,13579.0,7983.0,3132.0,0.247,41230.0,1
B0346,stable,31,13153.0,8077.0,3132.0,0.247,41230.0,1
B0346,stable,32,12979.0,7868.0,3132.0,0.247,41230.0,1
B0346,stable,33,12930.0,8047.0,3132.0,0.247,41230.0,1
B0346,stable,34,13072.0,8161.0,3132.0,0.247,41230.0,1
B0346,stable,35,13257.0,8090.0,3132.0,0.247,41230.0,1
B0346,stable,36,13350.0,7941.0,3132.0,0.247,41230.0,1
B0346,stable,37,13539.0,8191.0,3132.0,0.247,41230.0,1
B0346,stable,38,13318.0,8223.0,3132.0,0.247,41230.0,1
B0347,temporary_stress,0,15718.0,10971.0,3571.0,0.173,48564.0,1
B0347,temporary_stress,1,15797.0,11007.0,3571.0,0.173,48564.0,1
B0347,temporary_stress,2,15527.0,10886.0,3571.0,0.173,48564.0,1
B0347,temporary_stress,3,15381.0,11189.0,3571.0,0.173,48564.0,1
B0347,temporary_stress,4,15463.0,11285.0,3571.0,0.173,48564.0,1
B0347,temporary_stress,5,15082.0,11302.0,3571.0,0.173,48564.0,1
B0347,temporary_stress,6,14837.0,11568.0,3571.0,0.173,48564.0,0
B0347,temporary_stress,7,15086.0,11194.0,3571.0,0.173,48564.0,1
B0347,temporary_stress,8,15118.0,11388.0,3571.0,0.173,48564.0,1
B0347,temporary_stress,9,14943.0,11150.0,3571.0,0.173,48564.0,1
B0347,temporary_stress,10,7265.0,11186.0,3571.0,0.173,48564.0,0
B0347,temporary_stress,11,7156.0,11257.0,3571.0,0.173,48564.0,0
B0347,temporary_stress,12,7325.0,10968.0,3571.0,0.173,48564.0,0
B0347,temporary_stress,13,7441.0,11271.0,3571.0,0.173,48564.0,0
B0347,temporary_stress,14,7507.0,11359.0,3571.0,0.173,48564.0,0
B0347,temporary_stress,15,7547.0,11287.0,3571.0,0.173,48564.0,0
B0347,temporary_stress,16,9639.0,11139.0,3571.0,0.173,48564.0,0
B0347,temporary_stress,17,11345.0,11208.0,3571.0,0.173,48564.0,0
B0347,temporary_stress,18,13223.0,11608.0,3571.0,0.173,48564.0,0
B0347,temporary_stress,19,15498.0,11953.0,3571.0,0.173,48564.0,0
B0347,temporary_stress,20,15270.0,11661.0,3571.0,0.173,48564.0,1
B0347,temporary_stress,21,14946.0,11502.0,3571.0,0.173,48564.0,0
B0347,temporary_stress,22,14675.0,11858.0,3571.0,0.173,48564.0,0
B0347,temporary_stress,23,14526.0,11656.0,3571.0,0.173,48564.0,0
B0347,temporary_stress,24,14728.0,11139.0,3571.0,0.173,48564.0,1
B0347,temporary_stress,25,14829.0,10988.0,3571.0,0.173,48564.0,1
B0347,temporary_stress,26,14877.0,11259.0,3571.0,0.173,48564.0,1
B0347,temporary_stress,27,14914.0,11138.0,3571.0,0.173,48564.0,1
B0347,temporary_stress,28,15046.0,11160.0,3571.0,0.173,48564.0,1
B0347,temporary_stress,29,15189.0,11249.0,3571.0,0.173,48564.0,1
B0347,temporary_stress,30,14928.0,11095.0,3571.0,0.173,48564.0,1
B0347,temporary_stress,31,15107.0,11028.0,3571.0,0.173,48564.0,1
B0347,temporary_stress,32,15269.0,11090.0,3571.0,0.173,48564.0,1
B0347,temporary_stress,33,15578.0,11208.0,3571.0,0.173,48564.0,1
B0347,temporary_stress,34,15761.0,11158.0,3571.0,0.173,48564.0,1
B0347,temporary_stress,35,15340.0,11082.0,3571.0,0.173,48564.0,1
B0347,temporary_stress,36,14976.0,11332.0,3571.0,0.173,48564.0,1
B0347,temporary_stress,37,15130.0,11622.0,3571.0,0.173,48564.0,0
B0347,temporary_stress,38,15180.0,11114.0,3571.0,0.173,48564.0,1
B0347,temporary_stress,39,15149.0,11031.0,3571.0,0.173,48564.0,1
B0347,temporary_stress,40,14953.0,11218.0,3571.0,0.173,48564.0,1
B0348,temporary_stress,0,12081.0,6726.0,1735.0,0.207,38123.0,1
B0348,temporary_stress,1,11698.0,6744.0,1735.0,0.207,38123.0,1
B0348,temporary_stress,2,11497.0,6828.0,1735.0,0.207,38123.0,1
B0348,temporary_stress,3,11368.0,7110.0,1735.0,0.207,38123.0,1
B0348,temporary_stress,4,11363.0,7179.0,1735.0,0.207,38123.0,1
B0348,temporary_stress,5,11567.0,6903.0,1735.0,0.207,38123.0,1
B0348,temporary_stress,6,11730.0,6774.0,1735.0,0.207,38123.0,1
B0348,temporary_stress,7,11850.0,6746.0,1735.0,0.207,38123.0,1
B0348,temporary_stress,8,11904.0,6792.0,1735.0,0.207,38123.0,1
B0348,temporary_stress,9,11776.0,6730.0,1735.0,0.207,38123.0,1
B0348,temporary_stress,10,11760.0,6815.0,1735.0,0.207,38123.0,1
B0348,temporary_stress,11,5319.0,7033.0,1735.0,0.207,38123.0,0
B0348,temporary_stress,12,5327.0,6925.0,1735.0,0.207,38123.0,0
B0348,temporary_stress,13,5384.0,6991.0,1735.0,0.207,38123.0,0
B0348,temporary_stress,14,6064.0,6842.0,1735.0,0.207,38123.0,0
B0348,temporary_stress,15,7433.0,6841.0,1735.0,0.207,38123.0,0
B0348,temporary_stress,16,8729.0,6922.0,1735.0,0.207,38123.0,1
B0348,temporary_stress,17,10257.0,6829.0,1735.0,0.207,38123.0,1
B0348,temporary_stress,18,11764.0,6757.0,1735.0,0.207,38123.0,1
B0348,temporary_stress,19,11724.0,6550.0,1735.0,0.207,38123.0,1
B0348,temporary_stress,20,11521.0,6551.0,1735.0,0.207,38123.0,1
B0348,temporary_stress,21,11396.0,6671.0,1735.0,0.207,38123.0,1
B0348,temporary_stress,22,11546.0,6765.0,1735.0,0.207,38123.0,1
B0348,temporary_stress,23,11539.0,6719.0,1735.0,0.207,38123.0,1
B0348,temporary_stress,24,11569.0,6709.0,1735.0,0.207,38123.0,1
B0348,temporary_stress,25,11728.0,6896.0,1735.0,0.207,38123.0,1
B0348,temporary_stress,26,11807.0,6924.0,1735.0,0.207,38123.0,1
B0348,temporary_stress,27,11844.0,6862.0,1735.0,0.207,38123.0,1
B0348,temporary_stress,28,11913.0,6661.0,1735.0,0.207,38123.0,1
B0348,temporary_stress,29,11881.0,6623.0,1735.0,0.207,38123.0,1
B0348,temporary_stress,30,11763.0,6809.0,1735.0,0.207,38123.0,1
B0348,temporary_stress,31,11671.0,7050.0,1735.0,0.207,38123.0,1
B0348,temporary_stress,32,11802.0,6905.0,1735.0,0.207,38123.0,1
B0348,temporary_stress,33,11617.0,6766.0,1735.0,0.207,38123.0,1
B0348,temporary_stress,34,11513.0,6709.0,1735.0,0.207,38123.0,1
B0348,temporary_stress,35,11499.0,6856.0,1735.0,0.207,38123.0,1
B0348,temporary_stress,36,11631.0,6850.0,1735.0,0.207,38123.0,1
B0348,temporary_stress,37,11592.0,6899.0,1735.0,0.207,38123.0,1
B0348,temporary_stress,38,11761.0,7120.0,1735.0,0.207,38123.0,1
B0349,stable,0,18094.0,13209.0,3032.0,0.119,62017.0,1
B0349,stable,1,18206.0,13301.0,3032.0,0.119,62017.0,1
B0349,stable,2,18023.0,13764.0,3032.0,0.119,62017.0,1
B0349,stable,3,17992.0,13943.0,3032.0,0.119,62017.0,1
B0349,stable,4,18121.0,13313.0,3032.0,0.119,62017.0,1
B0349,stable,5,18240.0,12810.0,3032.0,0.119,62017.0,1
B0349,stable,6,18453.0,12825.0,3032.0,0.119,62017.0,1
B0349,stable,7,18268.0,13122.0,3032.0,0.119,62017.0,1
B0349,stable,8,18126.0,13253.0,3032.0,0.119,62017.0,1
B0349,stable,9,18119.0,13113.0,3032.0,0.119,62017.0,1
B0349,stable,10,18602.0,12925.0,3032.0,0.119,62017.0,1
B0349,stable,11,18568.0,13175.0,3032.0,0.119,62017.0,1
B0349,stable,12,18168.0,13208.0,3032.0,0.119,62017.0,1
B0349,stable,13,17713.0,13504.0,3032.0,0.119,62017.0,1
B0349,stable,14,17322.0,12728.0,3032.0,0.119,62017.0,1
B0349,stable,15,17224.0,12374.0,3032.0,0.119,62017.0,1
B0349,stable,16,17414.0,12238.0,3032.0,0.119,62017.0,1
B0349,stable,17,17213.0,12130.0,3032.0,0.119,62017.0,1
B0349,stable,18,17206.0,12570.0,3032.0,0.119,62017.0,1
B0349,stable,19,17374.0,13093.0,3032.0,0.119,62017.0,1
B0349,stable,20,17698.0,13072.0,3032.0,0.119,62017.0,1
B0349,stable,21,17941.0,12822.0,3032.0,0.119,62017.0,1
B0349,stable,22,17840.0,12623.0,3032.0,0.119,62017.0,1
B0349,stable,23,17807.0,12981.0,3032.0,0.119,62017.0,1
B0349,stable,24,18069.0,13496.0,3032.0,0.119,62017.0,1
B0349,stable,25,18187.0,13291.0,3032.0,0.119,62017.0,1
B0349,stable,26,18063.0,13043.0,3032.0,0.119,62017.0,1
B0349,stable,27,17819.0,12444.0,3032.0,0.119,62017.0,1
B0349,stable,28,17971.0,12692.0,3032.0,0.119,62017.0,1
B0349,stable,29,18161.0,13294.0,3032.0,0.119,62017.0,1
B0349,stable,30,18119.0,13643.0,3032.0,0.119,62017.0,1
B0349,stable,31,17802.0,12985.0,3032.0,0.119,62017.0,1
B0349,stable,32,17569.0,13009.0,3032.0,0.119,62017.0,1
B0349,stable,33,17383.0,13505.0,3032.0,0.119,62017.0,1
B0349,stable,34,17251.0,13327.0,3032.0,0.119,62017.0,1
B0349,stable,35,17216.0,13162.0,3032.0,0.119,62017.0,1
B0350,temporary_stress,0,19853.0,10767.0,4504.0,0.19,98623.0,1
B0350,temporary_stress,1,19861.0,11111.0,4504.0,0.19,98623.0,1
B0350,temporary_stress,2,19718.0,11208.0,4504.0,0.19,98623.0,1
B0350,temporary_stress,3,19691.0,11167.0,4504.0,0.19,98623.0,1
B0350,temporary_stress,4,19669.0,11276.0,4504.0,0.19,98623.0,1
B0350,temporary_stress,5,19783.0,11262.0,4504.0,0.19,98623.0,1
B0350,temporary_stress,6,19900.0,11374.0,4504.0,0.19,98623.0,1
B0350,temporary_stress,7,19738.0,11310.0,4504.0,0.19,98623.0,1
B0350,temporary_stress,8,19815.0,11257.0,4504.0,0.19,98623.0,1
B0350,temporary_stress,9,20291.0,11294.0,4504.0,0.19,98623.0,1
B0350,temporary_stress,10,20400.0,11430.0,4504.0,0.19,98623.0,1
B0350,temporary_stress,11,20386.0,11642.0,4504.0,0.19,98623.0,1
B0350,temporary_stress,12,20398.0,11192.0,4504.0,0.19,98623.0,1
B0350,temporary_stress,13,20249.0,11121.0,4504.0,0.19,98623.0,1
B0350,temporary_stress,14,20263.0,11354.0,4504.0,0.19,98623.0,1
B0350,temporary_stress,15,20173.0,11679.0,4504.0,0.19,98623.0,1
B0350,temporary_stress,16,20093.0,11716.0,4504.0,0.19,98623.0,1
B0350,temporary_stress,17,20030.0,11685.0,4504.0,0.19,98623.0,1
B0350,temporary_stress,18,10536.0,12141.0,4504.0,0.19,98623.0,0
B0350,temporary_stress,19,10416.0,12095.0,4504.0,0.19,98623.0,0
B0350,temporary_stress,20,10432.0,11936.0,4504.0,0.19,98623.0,0
B0350,temporary_stress,21,10280.0,11442.0,4504.0,0.19,98623.0,0
B0350,temporary_stress,22,10131.0,11263.0,4504.0,0.19,98623.0,0
B0350,temporary_stress,23,11772.0,11464.0,4504.0,0.19,98623.0,0
B0350,temporary_stress,24,13846.0,11958.0,4504.0,0.19,98623.0,0
B0350,temporary_stress,25,16231.0,12150.0,4504.0,0.19,98623.0,0
B0350,temporary_stress,26,18236.0,11722.0,4504.0,0.19,98623.0,1
B0350,temporary_stress,27,20067.0,11223.0,4504.0,0.19,98623.0,1
B0350,temporary_stress,28,20341.0,11646.0,4504.0,0.19,98623.0,1
B0350,temporary_stress,29,20686.0,11561.0,4504.0,0.19,98623.0,1
B0350,temporary_stress,30,20425.0,11078.0,4504.0,0.19,98623.0,1
B0350,temporary_stress,31,20182.0,10920.0,4504.0,0.19,98623.0,1
B0350,temporary_stress,32,20242.0,11185.0,4504.0,0.19,98623.0,1
B0350,temporary_stress,33,20252.0,11318.0,4504.0,0.19,98623.0,1
B0351,stable,0,14752.0,9165.0,2526.0,0.252,36755.0,1
B0351,stable,1,14383.0,9203.0,2526.0,0.252,36755.0,1
B0351,stable,2,14448.0,9542.0,2526.0,0.252,36755.0,1
B0351,stable,3,14424.0,9589.0,2526.0,0.252,36755.0,1
B0351,stable,4,14203.0,9746.0,2526.0,0.252,36755.0,1
B0351,stable,5,14185.0,9713.0,2526.0,0.252,36755.0,1
B0351,stable,6,14356.0,9618.0,2526.0,0.252,36755.0,1
B0351,stable,7,14406.0,9581.0,2526.0,0.252,36755.0,1
B0351,stable,8,14395.0,9404.0,2526.0,0.252,36755.0,1
B0351,stable,9,14549.0,9537.0,2526.0,0.252,36755.0,1
B0351,stable,10,14839.0,9283.0,2526.0,0.252,36755.0,1
B0351,stable,11,15013.0,9127.0,2526.0,0.252,36755.0,1
B0351,stable,12,15127.0,9254.0,2526.0,0.252,36755.0,1
B0351,stable,13,15077.0,9329.0,2526.0,0.252,36755.0,1
B0351,stable,14,15149.0,9564.0,2526.0,0.252,36755.0,1
B0351,stable,15,15200.0,9672.0,2526.0,0.252,36755.0,1
B0351,stable,16,15245.0,9799.0,2526.0,0.252,36755.0,1
B0351,stable,17,15438.0,9849.0,2526.0,0.252,36755.0,1
B0351,stable,18,15495.0,9848.0,2526.0,0.252,36755.0,1
B0351,stable,19,15187.0,10032.0,2526.0,0.252,36755.0,1
B0351,stable,20,15055.0,9678.0,2526.0,0.252,36755.0,1
B0351,stable,21,15126.0,9392.0,2526.0,0.252,36755.0,1
B0351,stable,22,14964.0,9279.0,2526.0,0.252,36755.0,1
B0351,stable,23,14821.0,9482.0,2526.0,0.252,36755.0,1
B0351,stable,24,14946.0,9671.0,2526.0,0.252,36755.0,1
B0351,stable,25,14624.0,9856.0,2526.0,0.252,36755.0,1
B0351,stable,26,14879.0,9737.0,2526.0,0.252,36755.0,1
B0351,stable,27,15273.0,9548.0,2526.0,0.252,36755.0,1
B0351,stable,28,15323.0,9391.0,2526.0,0.252,36755.0,1
B0351,stable,29,15628.0,9269.0,2526.0,0.252,36755.0,1
B0351,stable,30,15861.0,9347.0,2526.0,0.252,36755.0,1
B0351,stable,31,15824.0,9418.0,2526.0,0.252,36755.0,1
B0351,stable,32,15925.0,9642.0,2526.0,0.252,36755.0,1
B0351,stable,33,15850.0,9768.0,2526.0,0.252,36755.0,1
B0351,stable,34,15848.0,9372.0,2526.0,0.252,36755.0,1
B0352,stable,0,14191.0,8630.0,2372.0,0.165,68779.0,1
B0352,stable,1,14003.0,8420.0,2372.0,0.165,68779.0,1
B0352,stable,2,13959.0,8352.0,2372.0,0.165,68779.0,1
B0352,stable,3,14317.0,8250.0,2372.0,0.165,68779.0,1
B0352,stable,4,14551.0,8175.0,2372.0,0.165,68779.0,1
B0352,stable,5,14390.0,8088.0,2372.0,0.165,68779.0,1
B0352,stable,6,14408.0,8357.0,2372.0,0.165,68779.0,1
B0352,stable,7,14474.0,8529.0,2372.0,0.165,68779.0,1
B0352,stable,8,14835.0,8303.0,2372.0,0.165,68779.0,1
B0352,stable,9,14835.0,8366.0,2372.0,0.165,68779.0,1
B0352,stable,10,14861.0,8675.0,2372.0,0.165,68779.0,1
B0352,stable,11,15014.0,8757.0,2372.0,0.165,68779.0,1
B0352,stable,12,14833.0,8299.0,2372.0,0.165,68779.0,1
B0352,stable,13,14733.0,8158.0,2372.0,0.165,68779.0,1
B0352,stable,14,14676.0,8293.0,2372.0,0.165,68779.0,1
B0352,stable,15,14438.0,8127.0,2372.0,0.165,68779.0,1
B0352,stable,16,14580.0,8201.0,2372.0,0.165,68779.0,1
B0352,stable,17,14880.0,8093.0,2372.0,0.165,68779.0,1
B0352,stable,18,14645.0,8184.0,2372.0,0.165,68779.0,1
B0352,stable,19,14584.0,8090.0,2372.0,0.165,68779.0,1
B0352,stable,20,14580.0,8077.0,2372.0,0.165,68779.0,1
B0352,stable,21,14706.0,8240.0,2372.0,0.165,68779.0,1
B0352,stable,22,14665.0,8194.0,2372.0,0.165,68779.0,1
B0352,stable,23,14877.0,8039.0,2372.0,0.165,68779.0,1
B0352,stable,24,15123.0,7923.0,2372.0,0.165,68779.0,1
B0352,stable,25,14935.0,7856.0,2372.0,0.165,68779.0,1
B0352,stable,26,14808.0,8153.0,2372.0,0.165,68779.0,1
B0352,stable,27,15132.0,8399.0,2372.0,0.165,68779.0,1
B0352,stable,28,15523.0,8478.0,2372.0,0.165,68779.0,1
B0352,stable,29,15671.0,8277.0,2372.0,0.165,68779.0,1
B0352,stable,30,15743.0,8376.0,2372.0,0.165,68779.0,1
B0352,stable,31,15446.0,8247.0,2372.0,0.165,68779.0,1
B0352,stable,32,15367.0,8241.0,2372.0,0.165,68779.0,1
B0352,stable,33,15438.0,8458.0,2372.0,0.165,68779.0,1
B0353,stable,0,16177.0,7914.0,2528.0,0.262,46195.0,1
B0353,stable,1,15885.0,7921.0,2528.0,0.262,46195.0,1
B0353,stable,2,15885.0,8057.0,2528.0,0.262,46195.0,1
B0353,stable,3,16009.0,8179.0,2528.0,0.262,46195.0,1
B0353,stable,4,16121.0,8251.0,2528.0,0.262,46195.0,1
B0353,stable,5,16374.0,8168.0,2528.0,0.262,46195.0,1
B0353,stable,6,16483.0,8027.0,2528.0,0.262,46195.0,1
B0353,stable,7,16860.0,8052.0,2528.0,0.262,46195.0,1
B0353,stable,8,17111.0,8120.0,2528.0,0.262,46195.0,1
B0353,stable,9,17105.0,8220.0,2528.0,0.262,46195.0,1
B0353,stable,10,17224.0,8341.0,2528.0,0.262,46195.0,1
B0353,stable,11,17245.0,8113.0,2528.0,0.262,46195.0,1
B0353,stable,12,17431.0,8054.0,2528.0,0.262,46195.0,1
B0353,stable,13,17507.0,8357.0,2528.0,0.262,46195.0,1
B0353,stable,14,17325.0,8312.0,2528.0,0.262,46195.0,1
B0353,stable,15,17352.0,8262.0,2528.0,0.262,46195.0,1
B0353,stable,16,17223.0,8138.0,2528.0,0.262,46195.0,1
B0353,stable,17,16904.0,8079.0,2528.0,0.262,46195.0,1
B0353,stable,18,16968.0,8044.0,2528.0,0.262,46195.0,1
B0353,stable,19,17037.0,8299.0,2528.0,0.262,46195.0,1
B0353,stable,20,16811.0,8537.0,2528.0,0.262,46195.0,1
B0353,stable,21,16550.0,8335.0,2528.0,0.262,46195.0,1
B0353,stable,22,16490.0,8217.0,2528.0,0.262,46195.0,1
B0353,stable,23,16926.0,8264.0,2528.0,0.262,46195.0,1
B0353,stable,24,17180.0,8429.0,2528.0,0.262,46195.0,1
B0353,stable,25,17177.0,8511.0,2528.0,0.262,46195.0,1
B0353,stable,26,17410.0,8388.0,2528.0,0.262,46195.0,1
B0353,stable,27,17545.0,8434.0,2528.0,0.262,46195.0,1
B0353,stable,28,17810.0,8189.0,2528.0,0.262,46195.0,1
B0353,stable,29,18034.0,7963.0,2528.0,0.262,46195.0,1
B0353,stable,30,17809.0,7625.0,2528.0,0.262,46195.0,1
B0353,stable,31,18235.0,7770.0,2528.0,0.262,46195.0,1
B0353,stable,32,18448.0,8041.0,2528.0,0.262,46195.0,1
B0353,stable,33,18091.0,7870.0,2528.0,0.262,46195.0,1
B0353,stable,34,18164.0,8010.0,2528.0,0.262,46195.0,1
B0353,stable,35,17956.0,8101.0,2528.0,0.262,46195.0,1
B0353,stable,36,17660.0,7704.0,2528.0,0.262,46195.0,1
B0353,stable,37,17619.0,7771.0,2528.0,0.262,46195.0,1
B0353,stable,38,17428.0,7818.0,2528.0,0.262,46195.0,1
B0353,stable,39,17353.0,7787.0,2528.0,0.262,46195.0,1
B0353,stable,40,17721.0,7980.0,2528.0,0.262,46195.0,1
B0353,stable,41,17730.0,8347.0,2528.0,0.262,46195.0,1
B0354,temporary_stress,0,17620.0,11561.0,3542.0,0.265,90238.0,1
B0354,temporary_stress,1,17347.0,12590.0,3542.0,0.265,90238.0,1
B0354,temporary_stress,2,17402.0,12343.0,3542.0,0.265,90238.0,1
B0354,temporary_stress,3,17451.0,12052.0,3542.0,0.265,90238.0,1
B0354,temporary_stress,4,17493.0,12446.0,3542.0,0.265,90238.0,1
B0354,temporary_stress,5,17700.0,12406.0,3542.0,0.265,90238.0,1
B0354,temporary_stress,6,17775.0,12431.0,3542.0,0.265,90238.0,1
B0354,temporary_stress,7,17814.0,12425.0,3542.0,0.265,90238.0,1
B0354,temporary_stress,8,17742.0,12402.0,3542.0,0.265,90238.0,1
B0354,temporary_stress,9,17445.0,12248.0,3542.0,0.265,90238.0,1
B0354,temporary_stress,10,17632.0,12450.0,3542.0,0.265,90238.0,1
B0354,temporary_stress,11,17638.0,12512.0,3542.0,0.265,90238.0,1
B0354,temporary_stress,12,17441.0,12821.0,3542.0,0.265,90238.0,1
B0354,temporary_stress,13,17115.0,12774.0,3542.0,0.265,90238.0,1
B0354,temporary_stress,14,17310.0,12683.0,3542.0,0.265,90238.0,1
B0354,temporary_stress,15,17304.0,12203.0,3542.0,0.265,90238.0,1
B0354,temporary_stress,16,17046.0,11908.0,3542.0,0.265,90238.0,1
B0354,temporary_stress,17,17198.0,12339.0,3542.0,0.265,90238.0,1
B0354,temporary_stress,18,17665.0,12571.0,3542.0,0.265,90238.0,1
B0354,temporary_stress,19,17521.0,12278.0,3542.0,0.265,90238.0,1
B0354,temporary_stress,20,17056.0,11751.0,3542.0,0.265,90238.0,1
B0354,temporary_stress,21,8028.0,11629.0,3542.0,0.265,90238.0,0
B0354,temporary_stress,22,8119.0,11937.0,3542.0,0.265,90238.0,0
B0354,temporary_stress,23,8171.0,12067.0,3542.0,0.265,90238.0,0
B0354,temporary_stress,24,10101.0,11732.0,3542.0,0.265,90238.0,0
B0354,temporary_stress,25,12617.0,11652.0,3542.0,0.265,90238.0,0
B0354,temporary_stress,26,15196.0,11814.0,3542.0,0.265,90238.0,0
B0354,temporary_stress,27,17566.0,11958.0,3542.0,0.265,90238.0,1
B0354,temporary_stress,28,17403.0,12213.0,3542.0,0.265,90238.0,1
B0354,temporary_stress,29,17245.0,12090.0,3542.0,0.265,90238.0,1
B0354,temporary_stress,30,17118.0,11733.0,3542.0,0.265,90238.0,1
B0354,temporary_stress,31,17054.0,11856.0,3542.0,0.265,90238.0,1
B0354,temporary_stress,32,17200.0,11934.0,3542.0,0.265,90238.0,1
B0354,temporary_stress,33,17104.0,11576.0,3542.0,0.265,90238.0,1
B0354,temporary_stress,34,17012.0,12044.0,3542.0,0.265,90238.0,1
B0354,temporary_stress,35,17102.0,12353.0,3542.0,0.265,90238.0,1
B0354,temporary_stress,36,17238.0,12484.0,3542.0,0.265,90238.0,1
B0354,temporary_stress,37,17250.0,12476.0,3542.0,0.265,90238.0,1
B0354,temporary_stress,38,17320.0,12022.0,3542.0,0.265,90238.0,1
B0355,structural_decline,0,11263.0,7568.0,1873.0,0.154,55314.0,1
B0355,structural_decline,1,11238.0,7205.0,1873.0,0.154,55314.0,1
B0355,structural_decline,2,11283.0,6979.0,1873.0,0.154,55314.0,1
B0355,structural_decline,3,11172.0,7015.0,1873.0,0.154,55314.0,1
B0355,structural_decline,4,11243.0,7103.0,1873.0,0.154,55314.0,1
B0355,structural_decline,5,11125.0,7091.0,1873.0,0.154,55314.0,1
B0355,structural_decline,6,11029.0,7166.0,1873.0,0.154,55314.0,1
B0355,structural_decline,7,11115.0,7244.0,1873.0,0.154,55314.0,1
B0355,structural_decline,8,11037.0,7473.0,1873.0,0.154,55314.0,1
B0355,structural_decline,9,11111.0,7247.0,1873.0,0.154,55314.0,1
B0355,structural_decline,10,11358.0,6973.0,1873.0,0.154,55314.0,1
B0355,structural_decline,11,11548.0,6968.0,1873.0,0.154,55314.0,1
B0355,structural_decline,12,11516.0,7213.0,1873.0,0.154,55314.0,1
B0355,structural_decline,13,11462.0,7168.0,1873.0,0.154,55314.0,1
B0355,structural_decline,14,11425.0,7326.0,1873.0,0.154,55314.0,1
B0355,structural_decline,15,11439.0,7368.0,1873.0,0.154,55314.0,1
B0355,structural_decline,16,11215.0,7360.0,1873.0,0.154,55314.0,1
B0355,structural_decline,17,11149.0,7411.0,1873.0,0.154,55314.0,1
B0355,structural_decline,18,10907.0,7536.0,1873.0,0.154,55314.0,1
B0355,structural_decline,19,10753.0,7446.0,1873.0,0.154,55314.0,1
B0355,structural_decline,20,10599.0,7135.0,1873.0,0.154,55314.0,1
B0355,structural_decline,21,10341.0,7326.0,1873.0,0.154,55314.0,1
B0355,structural_decline,22,9985.0,7457.0,1873.0,0.154,55314.0,1
B0355,structural_decline,23,9802.0,7414.0,1873.0,0.154,55314.0,1
B0355,structural_decline,24,9632.0,7286.0,1873.0,0.154,55314.0,1
B0355,structural_decline,25,9524.0,7217.0,1873.0,0.154,55314.0,1
B0355,structural_decline,26,9440.0,7392.0,1873.0,0.154,55314.0,1
B0355,structural_decline,27,9267.0,7320.0,1873.0,0.154,55314.0,1
B0355,structural_decline,28,9234.0,7155.0,1873.0,0.154,55314.0,1
B0355,structural_decline,29,8859.0,7093.0,1873.0,0.154,55314.0,0
B0355,structural_decline,30,8561.0,6880.0,1873.0,0.154,55314.0,0
B0355,structural_decline,31,8375.0,6886.0,1873.0,0.154,55314.0,0
B0355,structural_decline,32,8345.0,6935.0,1873.0,0.154,55314.0,0
B0355,structural_decline,33,8260.0,7001.0,1873.0,0.154,55314.0,0
B0355,structural_decline,34,7861.0,7161.0,1873.0,0.154,55314.0,0
B0355,structural_decline,35,7748.0,7431.0,1873.0,0.154,55314.0,0
B0355,structural_decline,36,7765.0,7365.0,1873.0,0.154,55314.0,0
B0355,structural_decline,37,7548.0,7312.0,1873.0,0.154,55314.0,0
B0356,temporary_stress,0,16385.0,11473.0,3205.0,0.203,58193.0,1
B0356,temporary_stress,1,16305.0,11582.0,3205.0,0.203,58193.0,1
B0356,temporary_stress,2,16324.0,11705.0,3205.0,0.203,58193.0,1
B0356,temporary_stress,3,16611.0,11445.0,3205.0,0.203,58193.0,1
B0356,temporary_stress,4,16517.0,11645.0,3205.0,0.203,58193.0,1
B0356,temporary_stress,5,16107.0,11678.0,3205.0,0.203,58193.0,1
B0356,temporary_stress,6,15882.0,11502.0,3205.0,0.203,58193.0,1
B0356,temporary_stress,7,15883.0,11623.0,3205.0,0.203,58193.0,1
B0356,temporary_stress,8,16282.0,11357.0,3205.0,0.203,58193.0,1
B0356,temporary_stress,9,16271.0,11377.0,3205.0,0.203,58193.0,1
B0356,temporary_stress,10,16206.0,11351.0,3205.0,0.203,58193.0,1
B0356,temporary_stress,11,16001.0,11542.0,3205.0,0.203,58193.0,1
B0356,temporary_stress,12,16013.0,11349.0,3205.0,0.203,58193.0,1
B0356,temporary_stress,13,8548.0,11513.0,3205.0,0.203,58193.0,0
B0356,temporary_stress,14,8540.0,11530.0,3205.0,0.203,58193.0,0
B0356,temporary_stress,15,8378.0,11600.0,3205.0,0.203,58193.0,0
B0356,temporary_stress,16,8619.0,11592.0,3205.0,0.203,58193.0,0
B0356,temporary_stress,17,9428.0,11519.0,3205.0,0.203,58193.0,0
B0356,temporary_stress,18,11178.0,11467.0,3205.0,0.203,58193.0,0
B0356,temporary_stress,19,13019.0,11328.0,3205.0,0.203,58193.0,0
B0356,temporary_stress,20,14482.0,11450.0,3205.0,0.203,58193.0,0
B0356,temporary_stress,21,16097.0,11644.0,3205.0,0.203,58193.0,1
B0356,temporary_stress,22,16145.0,11423.0,3205.0,0.203,58193.0,1
B0356,temporary_stress,23,16148.0,11805.0,3205.0,0.203,58193.0,1
B0356,temporary_stress,24,16270.0,11997.0,3205.0,0.203,58193.0,1
B0356,temporary_stress,25,16282.0,11627.0,3205.0,0.203,58193.0,1
B0356,temporary_stress,26,16291.0,11229.0,3205.0,0.203,58193.0,1
B0356,temporary_stress,27,16056.0,11468.0,3205.0,0.203,58193.0,1
B0356,temporary_stress,28,15802.0,11629.0,3205.0,0.203,58193.0,1
B0356,temporary_stress,29,15846.0,11412.0,3205.0,0.203,58193.0,1
B0356,temporary_stress,30,15942.0,11274.0,3205.0,0.203,58193.0,1
B0357,structural_decline,0,15025.0,10861.0,2809.0,0.177,49494.0,1
B0357,structural_decline,1,15350.0,11118.0,2809.0,0.177,49494.0,1
B0357,structural_decline,2,15342.0,11593.0,2809.0,0.177,49494.0,1
B0357,structural_decline,3,15104.0,11582.0,2809.0,0.177,49494.0,1
B0357,structural_decline,4,15081.0,11549.0,2809.0,0.177,49494.0,1
B0357,structural_decline,5,15101.0,11420.0,2809.0,0.177,49494.0,1
B0357,structural_decline,6,15062.0,11118.0,2809.0,0.177,49494.0,1
B0357,structural_decline,7,15072.0,10918.0,2809.0,0.177,49494.0,1
B0357,structural_decline,8,15250.0,10978.0,2809.0,0.177,49494.0,1
B0357,structural_decline,9,15502.0,11271.0,2809.0,0.177,49494.0,1
B0357,structural_decline,10,15342.0,11158.0,2809.0,0.177,49494.0,1
B0357,structural_decline,11,15185.0,11350.0,2809.0,0.177,49494.0,1
B0357,structural_decline,12,15223.0,11576.0,2809.0,0.177,49494.0,1
B0357,structural_decline,13,15108.0,11842.0,2809.0,0.177,49494.0,1
B0357,structural_decline,14,14988.0,11622.0,2809.0,0.177,49494.0,1
B0357,structural_decline,15,14942.0,11280.0,2809.0,0.177,49494.0,1
B0357,structural_decline,16,15087.0,11358.0,2809.0,0.177,49494.0,1
B0357,structural_decline,17,11794.0,11379.0,2809.0,0.177,49494.0,0
B0357,structural_decline,18,11567.0,11069.0,2809.0,0.177,49494.0,0
B0357,structural_decline,19,11420.0,10948.0,2809.0,0.177,49494.0,0
B0357,structural_decline,20,14050.0,11270.0,2809.0,0.177,49494.0,0
B0357,structural_decline,21,13732.0,11195.0,2809.0,0.177,49494.0,0
B0357,structural_decline,22,13478.0,11149.0,2809.0,0.177,49494.0,0
B0357,structural_decline,23,13310.0,11120.0,2809.0,0.177,49494.0,0
B0357,structural_decline,24,13146.0,11181.0,2809.0,0.177,49494.0,0
B0357,structural_decline,25,13045.0,11357.0,2809.0,0.177,49494.0,0
B0357,structural_decline,26,12584.0,11280.0,2809.0,0.177,49494.0,0
B0357,structural_decline,27,12318.0,11131.0,2809.0,0.177,49494.0,0
B0357,structural_decline,28,12166.0,11396.0,2809.0,0.177,49494.0,0
B0357,structural_decline,29,11969.0,11279.0,2809.0,0.177,49494.0,0
B0358,temporary_stress,0,14303.0,6865.0,3215.0,0.232,39330.0,1
B0358,temporary_stress,1,14053.0,6891.0,3215.0,0.232,39330.0,1
B0358,temporary_stress,2,13757.0,6827.0,3215.0,0.232,39330.0,1
B0358,temporary_stress,3,13730.0,6815.0,3215.0,0.232,39330.0,1
B0358,temporary_stress,4,13782.0,6992.0,3215.0,0.232,39330.0,1
B0358,temporary_stress,5,13597.0,6750.0,3215.0,0.232,39330.0,1
B0358,temporary_stress,6,13594.0,6557.0,3215.0,0.232,39330.0,1
B0358,temporary_stress,7,13667.0,6658.0,3215.0,0.232,39330.0,1
B0358,temporary_stress,8,13696.0,6961.0,3215.0,0.232,39330.0,1
B0358,temporary_stress,9,13951.0,7078.0,3215.0,0.232,39330.0,1
B0358,temporary_stress,10,6282.0,6907.0,3215.0,0.232,39330.0,0
B0358,temporary_stress,11,6322.0,7039.0,3215.0,0.232,39330.0,0
B0358,temporary_stress,12,6308.0,6991.0,3215.0,0.232,39330.0,0
B0358,temporary_stress,13,6347.0,7082.0,3215.0,0.232,39330.0,0
B0358,temporary_stress,14,7167.0,7208.0,3215.0,0.232,39330.0,0
B0358,temporary_stress,15,8175.0,7245.0,3215.0,0.232,39330.0,0
B0358,temporary_stress,16,9133.0,7014.0,3215.0,0.232,39330.0,0
B0358,temporary_stress,17,10030.0,6855.0,3215.0,0.232,39330.0,0
B0358,temporary_stress,18,10857.0,6732.0,3215.0,0.232,39330.0,1
B0358,temporary_stress,19,11860.0,6794.0,3215.0,0.232,39330.0,1
B0358,temporary_stress,20,12774.0,7130.0,3215.0,0.232,39330.0,1
B0358,temporary_stress,21,13673.0,7020.0,3215.0,0.232,39330.0,1
B0358,temporary_stress,22,13656.0,6772.0,3215.0,0.232,39330.0,1
B0358,temporary_stress,23,13649.0,6616.0,3215.0,0.232,39330.0,1
B0358,temporary_stress,24,13639.0,6594.0,3215.0,0.232,39330.0,1
B0358,temporary_stress,25,13830.0,6793.0,3215.0,0.232,39330.0,1
B0358,temporary_stress,26,13871.0,6872.0,3215.0,0.232,39330.0,1
B0358,temporary_stress,27,13956.0,6745.0,3215.0,0.232,39330.0,1
B0358,temporary_stress,28,14146.0,6791.0,3215.0,0.232,39330.0,1
B0358,temporary_stress,29,14184.0,6637.0,3215.0,0.232,39330.0,1
B0358,temporary_stress,30,14200.0,6536.0,3215.0,0.232,39330.0,1
B0358,temporary_stress,31,14276.0,6749.0,3215.0,0.232,39330.0,1
B0358,temporary_stress,32,14158.0,6856.0,3215.0,0.232,39330.0,1
B0358,temporary_stress,33,14029.0,6672.0,3215.0,0.232,39330.0,1
B0358,temporary_stress,34,13958.0,6705.0,3215.0,0.232,39330.0,1
B0358,temporary_stress,35,13911.0,6587.0,3215.0,0.232,39330.0,1
B0358,temporary_stress,36,13955.0,6587.0,3215.0,0.232,39330.0,1
B0358,temporary_stress,37,14049.0,6738.0,3215.0,0.232,39330.0,1
B0359,temporary_stress,0,11388.0,6783.0,1341.0,0.219,44439.0,1
B0359,temporary_stress,1,11130.0,6659.0,1341.0,0.219,44439.0,1
B0359,temporary_stress,2,10956.0,6912.0,1341.0,0.219,44439.0,1
B0359,temporary_stress,3,11024.0,6742.0,1341.0,0.219,44439.0,1
B0359,temporary_stress,4,11241.0,6749.0,1341.0,0.219,44439.0,1
B0359,temporary_stress,5,11582.0,6860.0,1341.0,0.219,44439.0,1
B0359,temporary_stress,6,11785.0,6704.0,1341.0,0.219,44439.0,1
B0359,temporary_stress,7,11774.0,6736.0,1341.0,0.219,44439.0,1
B0359,temporary_stress,8,11799.0,6747.0,1341.0,0.219,44439.0,1
B0359,temporary_stress,9,11772.0,6826.0,1341.0,0.219,44439.0,1
B0359,temporary_stress,10,11576.0,6884.0,1341.0,0.219,44439.0,1
B0359,temporary_stress,11,11454.0,6627.0,1341.0,0.219,44439.0,1
B0359,temporary_stress,12,11155.0,6743.0,1341.0,0.219,44439.0,1
B0359,temporary_stress,13,11032.0,6791.0,1341.0,0.219,44439.0,1
B0359,temporary_stress,14,11100.0,6680.0,1341.0,0.219,44439.0,1
B0359,temporary_stress,15,6014.0,6796.0,1341.0,0.219,44439.0,0
B0359,temporary_stress,16,5875.0,6843.0,1341.0,0.219,44439.0,0
B0359,temporary_stress,17,5925.0,6802.0,1341.0,0.219,44439.0,0
B0359,temporary_stress,18,5975.0,6734.0,1341.0,0.219,44439.0,0
B0359,temporary_stress,19,7266.0,6681.0,1341.0,0.219,44439.0,0
B0359,temporary_stress,20,8234.0,6811.0,1341.0,0.219,44439.0,1
B0359,temporary_stress,21,9088.0,6817.0,1341.0,0.219,44439.0,1
B0359,temporary_stress,22,9778.0,6862.0,1341.0,0.219,44439.0,1
B0359,temporary_stress,23,10553.0,6799.0,1341.0,0.219,44439.0,1
B0359,temporary_stress,24,11451.0,6634.0,1341.0,0.219,44439.0,1
B0359,temporary_stress,25,11464.0,6608.0,1341.0,0.219,44439.0,1
B0359,temporary_stress,26,11418.0,6657.0,1341.0,0.219,44439.0,1
B0359,temporary_stress,27,11375.0,6592.0,1341.0,0.219,44439.0,1
B0359,temporary_stress,28,11218.0,6591.0,1341.0,0.219,44439.0,1
B0359,temporary_stress,29,11029.0,6601.0,1341.0,0.219,44439.0,1
B0359,temporary_stress,30,10911.0,6818.0,1341.0,0.219,44439.0,1
B0359,temporary_stress,31,11049.0,6925.0,1341.0,0.219,44439.0,1
B0359,temporary_stress,32,10980.0,6830.0,1341.0,0.219,44439.0,1
B0359,temporary_stress,33,11010.0,6625.0,1341.0,0.219,44439.0,1
B0359,temporary_stress,34,11162.0,6623.0,1341.0,0.219,44439.0,1
B0359,temporary_stress,35,11235.0,6477.0,1341.0,0.219,44439.0,1
B0359,temporary_stress,36,11296.0,6417.0,1341.0,0.219,44439.0,1
B0359,temporary_stress,37,11318.0,6996.0,1341.0,0.219,44439.0,1
B0359,temporary_stress,38,11377.0,6967.0,1341.0,0.219,44439.0,1
B0359,temporary_stress,39,11478.0,6667.0,1341.0,0.219,44439.0,1
B0359,temporary_stress,40,11672.0,6594.0,1341.0,0.219,44439.0,1
B0359,temporary_stress,41,11782.0,6636.0,1341.0,0.219,44439.0,1
B0360,stable,0,17075.0,10157.0,2653.0,0.199,55702.0,1
B0360,stable,1,17179.0,10147.0,2653.0,0.199,55702.0,1
B0360,stable,2,17099.0,10205.0,2653.0,0.199,55702.0,1
B0360,stable,3,17058.0,10598.0,2653.0,0.199,55702.0,1
B0360,stable,4,17264.0,10652.0,2653.0,0.199,55702.0,1
B0360,stable,5,16941.0,10317.0,2653.0,0.199,55702.0,1
B0360,stable,6,16521.0,10548.0,2653.0,0.199,55702.0,1
B0360,stable,7,16518.0,10414.0,2653.0,0.199,55702.0,1
B0360,stable,8,16438.0,10237.0,2653.0,0.199,55702.0,1
B0360,stable,9,16674.0,10350.0,2653.0,0.199,55702.0,1
B0360,stable,10,16693.0,10625.0,2653.0,0.199,55702.0,1
B0360,stable,11,16428.0,10580.0,2653.0,0.199,55702.0,1
B0360,stable,12,16494.0,10569.0,2653.0,0.199,55702.0,1
B0360,stable,13,16681.0,10401.0,2653.0,0.199,55702.0,1
B0360,stable,14,17010.0,10298.0,2653.0,0.199,55702.0,1
B0360,stable,15,17069.0,10294.0,2653.0,0.199,55702.0,1
B0360,stable,16,17252.0,10369.0,2653.0,0.199,55702.0,1
B0360,stable,17,17409.0,10389.0,2653.0,0.199,55702.0,1
B0360,stable,18,17491.0,10791.0,2653.0,0.199,55702.0,1
B0360,stable,19,17448.0,10850.0,2653.0,0.199,55702.0,1
B0360,stable,20,17692.0,10666.0,2653.0,0.199,55702.0,1
B0360,stable,21,17816.0,10423.0,2653.0,0.199,55702.0,1
B0360,stable,22,17456.0,10239.0,2653.0,0.199,55702.0,1
B0360,stable,23,17389.0,10385.0,2653.0,0.199,55702.0,1
B0360,stable,24,17652.0,10407.0,2653.0,0.199,55702.0,1
B0360,stable,25,17754.0,10766.0,2653.0,0.199,55702.0,1
B0360,stable,26,17325.0,10858.0,2653.0,0.199,55702.0,1
B0360,stable,27,17113.0,10636.0,2653.0,0.199,55702.0,1
B0360,stable,28,16898.0,10310.0,2653.0,0.199,55702.0,1
B0360,stable,29,17279.0,10601.0,2653.0,0.199,55702.0,1
B0360,stable,30,17432.0,10603.0,2653.0,0.199,55702.0,1
B0360,stable,31,17222.0,10613.0,2653.0,0.199,55702.0,1
B0360,stable,32,17115.0,10317.0,2653.0,0.199,55702.0,1
B0360,stable,33,17378.0,10502.0,2653.0,0.199,55702.0,1
B0361,stable,0,16381.0,10687.0,2652.0,0.105,46251.0,1
B0361,stable,1,16990.0,10459.0,2652.0,0.105,46251.0,1
B0361,stable,2,17057.0,10427.0,2652.0,0.105,46251.0,1
B0361,stable,3,17029.0,10071.0,2652.0,0.105,46251.0,1
B0361,stable,4,16987.0,10322.0,2652.0,0.105,46251.0,1
B0361,stable,5,16858.0,10371.0,2652.0,0.105,46251.0,1
B0361,stable,6,17234.0,10114.0,2652.0,0.105,46251.0,1
B0361,stable,7,17407.0,10447.0,2652.0,0.105,46251.0,1
B0361,stable,8,17152.0,10449.0,2652.0,0.105,46251.0,1
B0361,stable,9,17399.0,10159.0,2652.0,0.105,46251.0,1
B0361,stable,10,17466.0,10503.0,2652.0,0.105,46251.0,1
B0361,stable,11,17157.0,10793.0,2652.0,0.105,46251.0,1
B0361,stable,12,17070.0,10432.0,2652.0,0.105,46251.0,1
B0361,stable,13,17066.0,10080.0,2652.0,0.105,46251.0,1
B0361,stable,14,17245.0,10155.0,2652.0,0.105,46251.0,1
B0361,stable,15,17109.0,10420.0,2652.0,0.105,46251.0,1
B0361,stable,16,17037.0,10325.0,2652.0,0.105,46251.0,1
B0361,stable,17,17268.0,10191.0,2652.0,0.105,46251.0,1
B0361,stable,18,17199.0,10154.0,2652.0,0.105,46251.0,1
B0361,stable,19,17210.0,10562.0,2652.0,0.105,46251.0,1
B0361,stable,20,17191.0,10571.0,2652.0,0.105,46251.0,1
B0361,stable,21,17473.0,10667.0,2652.0,0.105,46251.0,1
B0361,stable,22,17770.0,10253.0,2652.0,0.105,46251.0,1
B0361,stable,23,17736.0,10075.0,2652.0,0.105,46251.0,1
B0361,stable,24,18060.0,10109.0,2652.0,0.105,46251.0,1
B0361,stable,25,18274.0,10155.0,2652.0,0.105,46251.0,1
B0361,stable,26,18192.0,10020.0,2652.0,0.105,46251.0,1
B0361,stable,27,18123.0,10176.0,2652.0,0.105,46251.0,1
B0361,stable,28,18364.0,10228.0,2652.0,0.105,46251.0,1
B0361,stable,29,18237.0,10153.0,2652.0,0.105,46251.0,1
B0361,stable,30,18150.0,10339.0,2652.0,0.105,46251.0,1
B0361,stable,31,17960.0,10257.0,2652.0,0.105,46251.0,1
B0361,stable,32,17536.0,10430.0,2652.0,0.105,46251.0,1
B0362,stable,0,12458.0,8681.0,2745.0,0.151,54182.0,1
B0362,stable,1,12596.0,8833.0,2745.0,0.151,54182.0,1
B0362,stable,2,12711.0,9103.0,2745.0,0.151,54182.0,1
B0362,stable,3,12586.0,9097.0,2745.0,0.151,54182.0,1
B0362,stable,4,12229.0,9033.0,2745.0,0.151,54182.0,1
B0362,stable,5,12014.0,9143.0,2745.0,0.151,54182.0,1
B0362,stable,6,11940.0,9015.0,2745.0,0.151,54182.0,1
B0362,stable,7,11911.0,9058.0,2745.0,0.151,54182.0,1
B0362,stable,8,11789.0,9271.0,2745.0,0.151,54182.0,0
B0362,stable,9,11724.0,9308.0,2745.0,0.151,54182.0,0
B0362,stable,10,11682.0,9103.0,2745.0,0.151,54182.0,0
B0362,stable,11,11739.0,9058.0,2745.0,0.151,54182.0,0
B0362,stable,12,11890.0,9035.0,2745.0,0.151,54182.0,1
B0362,stable,13,12052.0,9258.0,2745.0,0.151,54182.0,1
B0362,stable,14,12012.0,9048.0,2745.0,0.151,54182.0,1
B0362,stable,15,12041.0,8728.0,2745.0,0.151,54182.0,1
B0362,stable,16,12103.0,8561.0,2745.0,0.151,54182.0,1
B0362,stable,17,12209.0,8460.0,2745.0,0.151,54182.0,1
B0362,stable,18,12452.0,8650.0,2745.0,0.151,54182.0,1
B0362,stable,19,12409.0,8430.0,2745.0,0.151,54182.0,1
B0362,stable,20,12390.0,8467.0,2745.0,0.151,54182.0,1
B0362,stable,21,12574.0,8612.0,2745.0,0.151,54182.0,1
B0362,stable,22,12447.0,8709.0,2745.0,0.151,54182.0,1
B0362,stable,23,12303.0,8519.0,2745.0,0.151,54182.0,1
B0362,stable,24,12301.0,8676.0,2745.0,0.151,54182.0,1
B0362,stable,25,12239.0,8816.0,2745.0,0.151,54182.0,1
B0362,stable,26,12043.0,8788.0,2745.0,0.151,54182.0,1
B0362,stable,27,12180.0,8848.0,2745.0,0.151,54182.0,1
B0362,stable,28,12225.0,8996.0,2745.0,0.151,54182.0,1
B0362,stable,29,12053.0,9250.0,2745.0,0.151,54182.0,1
B0362,stable,30,12162.0,9083.0,2745.0,0.151,54182.0,1
B0362,stable,31,12308.0,9079.0,2745.0,0.151,54182.0,1
B0363,structural_decline,0,10238.0,6852.0,1219.0,0.186,31241.0,1
B0363,structural_decline,1,10235.0,6809.0,1219.0,0.186,31241.0,1
B0363,structural_decline,2,10271.0,6692.0,1219.0,0.186,31241.0,1
B0363,structural_decline,3,10305.0,6821.0,1219.0,0.186,31241.0,1
B0363,structural_decline,4,10388.0,6784.0,1219.0,0.186,31241.0,1
B0363,structural_decline,5,10136.0,6722.0,1219.0,0.186,31241.0,1
B0363,structural_decline,6,10056.0,6626.0,1219.0,0.186,31241.0,1
B0363,structural_decline,7,10006.0,6661.0,1219.0,0.186,31241.0,1
B0363,structural_decline,8,10069.0,6843.0,1219.0,0.186,31241.0,1
B0363,structural_decline,9,10214.0,6813.0,1219.0,0.186,31241.0,1
B0363,structural_decline,10,10105.0,6943.0,1219.0,0.186,31241.0,1
B0363,structural_decline,11,10178.0,6877.0,1219.0,0.186,31241.0,1
B0363,structural_decline,12,10208.0,6924.0,1219.0,0.186,31241.0,1
B0363,structural_decline,13,9865.0,7165.0,1219.0,0.186,31241.0,1
B0363,structural_decline,14,9648.0,6999.0,1219.0,0.186,31241.0,1
B0363,structural_decline,15,9320.0,6989.0,1219.0,0.186,31241.0,1
B0363,structural_decline,16,9209.0,6865.0,1219.0,0.186,31241.0,1
B0363,structural_decline,17,9010.0,7010.0,1219.0,0.186,31241.0,1
B0363,structural_decline,18,8882.0,7013.0,1219.0,0.186,31241.0,1
B0363,structural_decline,19,8712.0,6977.0,1219.0,0.186,31241.0,1
B0363,structural_decline,20,8433.0,7041.0,1219.0,0.186,31241.0,1
B0363,structural_decline,21,8219.0,7211.0,1219.0,0.186,31241.0,0
B0363,structural_decline,22,8106.0,7141.0,1219.0,0.186,31241.0,0
B0363,structural_decline,23,8035.0,7093.0,1219.0,0.186,31241.0,0
B0363,structural_decline,24,7780.0,7219.0,1219.0,0.186,31241.0,0
B0363,structural_decline,25,5782.0,7063.0,1219.0,0.186,31241.0,0
B0363,structural_decline,26,5676.0,7042.0,1219.0,0.186,31241.0,0
B0363,structural_decline,27,5605.0,7418.0,1219.0,0.186,31241.0,0
B0363,structural_decline,28,7026.0,7214.0,1219.0,0.186,31241.0,0
B0363,structural_decline,29,6876.0,6841.0,1219.0,0.186,31241.0,0
B0363,structural_decline,30,6730.0,6716.0,1219.0,0.186,31241.0,0
B0363,structural_decline,31,6582.0,6788.0,1219.0,0.186,31241.0,0
B0363,structural_decline,32,6396.0,7072.0,1219.0,0.186,31241.0,0
B0363,structural_decline,33,6236.0,6919.0,1219.0,0.186,31241.0,0
B0363,structural_decline,34,6171.0,6810.0,1219.0,0.186,31241.0,0
B0363,structural_decline,35,6065.0,7102.0,1219.0,0.186,31241.0,0
B0363,structural_decline,36,5947.0,7081.0,1219.0,0.186,31241.0,0
B0363,structural_decline,37,5733.0,6978.0,1219.0,0.186,31241.0,0
B0363,structural_decline,38,5537.0,6937.0,1219.0,0.186,31241.0,0
B0364,structural_decline,0,13239.0,7741.0,2372.0,0.129,39965.0,1
B0364,structural_decline,1,13251.0,7926.0,2372.0,0.129,39965.0,1
B0364,structural_decline,2,13322.0,8033.0,2372.0,0.129,39965.0,1
B0364,structural_decline,3,13140.0,8023.0,2372.0,0.129,39965.0,1
B0364,structural_decline,4,12951.0,8109.0,2372.0,0.129,39965.0,1
B0364,structural_decline,5,13074.0,8281.0,2372.0,0.129,39965.0,1
B0364,structural_decline,6,13205.0,8185.0,2372.0,0.129,39965.0,1
B0364,structural_decline,7,13084.0,7747.0,2372.0,0.129,39965.0,1
B0364,structural_decline,8,13348.0,8222.0,2372.0,0.129,39965.0,1
B0364,structural_decline,9,13010.0,8198.0,2372.0,0.129,39965.0,1
B0364,structural_decline,10,12617.0,7856.0,2372.0,0.129,39965.0,1
B0364,structural_decline,11,12077.0,7916.0,2372.0,0.129,39965.0,1
B0364,structural_decline,12,11884.0,8049.0,2372.0,0.129,39965.0,1
B0364,structural_decline,13,11708.0,7731.0,2372.0,0.129,39965.0,1
B0364,structural_decline,14,11590.0,7466.0,2372.0,0.129,39965.0,1
B0364,structural_decline,15,11243.0,7265.0,2372.0,0.129,39965.0,1
B0364,structural_decline,16,8948.0,7481.0,2372.0,0.129,39965.0,0
B0364,structural_decline,17,8902.0,7834.0,2372.0,0.129,39965.0,0
B0364,structural_decline,18,10568.0,7656.0,2372.0,0.129,39965.0,1
B0364,structural_decline,19,10378.0,7515.0,2372.0,0.129,39965.0,1
B0364,structural_decline,20,10295.0,7854.0,2372.0,0.129,39965.0,1
B0364,structural_decline,21,10042.0,7801.0,2372.0,0.129,39965.0,0
B0364,structural_decline,22,9936.0,7551.0,2372.0,0.129,39965.0,1
B0364,structural_decline,23,9640.0,7681.0,2372.0,0.129,39965.0,0
B0364,structural_decline,24,9471.0,7631.0,2372.0,0.129,39965.0,0
B0364,structural_decline,25,9125.0,7738.0,2372.0,0.129,39965.0,0
B0364,structural_decline,26,8928.0,7830.0,2372.0,0.129,39965.0,0
B0364,structural_decline,27,8799.0,7604.0,2372.0,0.129,39965.0,0
B0364,structural_decline,28,8675.0,7723.0,2372.0,0.129,39965.0,0
B0364,structural_decline,29,8627.0,7883.0,2372.0,0.129,39965.0,0
B0364,structural_decline,30,8339.0,7904.0,2372.0,0.129,39965.0,0
B0364,structural_decline,31,8069.0,7952.0,2372.0,0.129,39965.0,0
B0364,structural_decline,32,7989.0,7907.0,2372.0,0.129,39965.0,0
B0364,structural_decline,33,7706.0,7973.0,2372.0,0.129,39965.0,0
B0364,structural_decline,34,7482.0,8017.0,2372.0,0.129,39965.0,0
B0364,structural_decline,35,7474.0,8347.0,2372.0,0.129,39965.0,0
B0365,stable,0,12630.0,9225.0,1698.0,0.157,36178.0,1
B0365,stable,1,12837.0,8826.0,1698.0,0.157,36178.0,1
B0365,stable,2,12758.0,8767.0,1698.0,0.157,36178.0,1
B0365,stable,3,12624.0,9121.0,1698.0,0.157,36178.0,1
B0365,stable,4,12867.0,9203.0,1698.0,0.157,36178.0,1
B0365,stable,5,13031.0,9292.0,1698.0,0.157,36178.0,1
B0365,stable,6,13249.0,9695.0,1698.0,0.157,36178.0,1
B0365,stable,7,13326.0,9559.0,1698.0,0.157,36178.0,1
B0365,stable,8,13396.0,9343.0,1698.0,0.157,36178.0,1
B0365,stable,9,13498.0,9594.0,1698.0,0.157,36178.0,1
B0365,stable,10,13413.0,9308.0,1698.0,0.157,36178.0,1
B0365,stable,11,13115.0,9167.0,1698.0,0.157,36178.0,1
B0365,stable,12,13078.0,8916.0,1698.0,0.157,36178.0,1
B0365,stable,13,13376.0,9056.0,1698.0,0.157,36178.0,1
B0365,stable,14,13367.0,9392.0,1698.0,0.157,36178.0,1
B0365,stable,15,13114.0,9256.0,1698.0,0.157,36178.0,1
B0365,stable,16,12794.0,9121.0,1698.0,0.157,36178.0,1
B0365,stable,17,12686.0,9257.0,1698.0,0.157,36178.0,1
B0365,stable,18,13014.0,9406.0,1698.0,0.157,36178.0,1
B0365,stable,19,13144.0,9095.0,1698.0,0.157,36178.0,1
B0365,stable,20,12965.0,9278.0,1698.0,0.157,36178.0,1
B0365,stable,21,12877.0,8904.0,1698.0,0.157,36178.0,1
B0365,stable,22,13184.0,9219.0,1698.0,0.157,36178.0,1
B0365,stable,23,13298.0,9331.0,1698.0,0.157,36178.0,1
B0365,stable,24,13315.0,9259.0,1698.0,0.157,36178.0,1
B0365,stable,25,13556.0,9272.0,1698.0,0.157,36178.0,1
B0365,stable,26,13609.0,9126.0,1698.0,0.157,36178.0,1
B0365,stable,27,13517.0,8987.0,1698.0,0.157,36178.0,1
B0365,stable,28,13777.0,9023.0,1698.0,0.157,36178.0,1
B0365,stable,29,13955.0,9073.0,1698.0,0.157,36178.0,1
B0365,stable,30,13844.0,9353.0,1698.0,0.157,36178.0,1
B0365,stable,31,13685.0,9027.0,1698.0,0.157,36178.0,1
B0365,stable,32,13759.0,9141.0,1698.0,0.157,36178.0,1
B0365,stable,33,13840.0,9110.0,1698.0,0.157,36178.0,1
B0365,stable,34,13744.0,9031.0,1698.0,0.157,36178.0,1
B0365,stable,35,13636.0,9136.0,1698.0,0.157,36178.0,1
B0366,stable,0,15876.0,9847.0,3503.0,0.093,64585.0,1
B0366,stable,1,15883.0,10094.0,3503.0,0.093,64585.0,1
B0366,stable,2,16001.0,10150.0,3503.0,0.093,64585.0,1
B0366,stable,3,16110.0,9815.0,3503.0,0.093,64585.0,1
B0366,stable,4,15977.0,9962.0,3503.0,0.093,64585.0,1
B0366,stable,5,15659.0,9987.0,3503.0,0.093,64585.0,1
B0366,stable,6,15704.0,9943.0,3503.0,0.093,64585.0,1
B0366,stable,7,15858.0,9950.0,3503.0,0.093,64585.0,1
B0366,stable,8,15551.0,9817.0,3503.0,0.093,64585.0,1
B0366,stable,9,15718.0,10039.0,3503.0,0.093,64585.0,1
B0366,stable,10,15752.0,10342.0,3503.0,0.093,64585.0,1
B0366,stable,11,15719.0,10057.0,3503.0,0.093,64585.0,1
B0366,stable,12,15953.0,9938.0,3503.0,0.093,64585.0,1
B0366,stable,13,16033.0,10150.0,3503.0,0.093,64585.0,1
B0366,stable,14,16021.0,10197.0,3503.0,0.093,64585.0,1
B0366,stable,15,16210.0,10303.0,3503.0,0.093,64585.0,1
B0366,stable,16,16329.0,10181.0,3503.0,0.093,64585.0,1
B0366,stable,17,16616.0,9920.0,3503.0,0.093,64585.0,1
B0366,stable,18,16546.0,10039.0,3503.0,0.093,64585.0,1
B0366,stable,19,16338.0,10172.0,3503.0,0.093,64585.0,1
B0366,stable,20,16022.0,10368.0,3503.0,0.093,64585.0,1
B0366,stable,21,15841.0,10192.0,3503.0,0.093,64585.0,1
B0366,stable,22,15871.0,9898.0,3503.0,0.093,64585.0,1
B0366,stable,23,15633.0,9844.0,3503.0,0.093,64585.0,1
B0366,stable,24,15375.0,10425.0,3503.0,0.093,64585.0,1
B0366,stable,25,15192.0,10384.0,3503.0,0.093,64585.0,1
B0366,stable,26,15550.0,10067.0,3503.0,0.093,64585.0,1
B0366,stable,27,15923.0,9852.0,3503.0,0.093,64585.0,1
B0366,stable,28,15815.0,9761.0,3503.0,0.093,64585.0,1
B0366,stable,29,15544.0,9625.0,3503.0,0.093,64585.0,1
B0367,structural_decline,0,14224.0,9374.0,1952.0,0.13,65394.0,1
B0367,structural_decline,1,14111.0,9465.0,1952.0,0.13,65394.0,1
B0367,structural_decline,2,14115.0,9530.0,1952.0,0.13,65394.0,1
B0367,structural_decline,3,14371.0,9477.0,1952.0,0.13,65394.0,1
B0367,structural_decline,4,14450.0,9408.0,1952.0,0.13,65394.0,1
B0367,structural_decline,5,14631.0,9053.0,1952.0,0.13,65394.0,1
B0367,structural_decline,6,14731.0,9287.0,1952.0,0.13,65394.0,1
B0367,structural_decline,7,14604.0,9417.0,1952.0,0.13,65394.0,1
B0367,structural_decline,8,14212.0,9725.0,1952.0,0.13,65394.0,1
B0367,structural_decline,9,14061.0,9687.0,1952.0,0.13,65394.0,1
B0367,structural_decline,10,14274.0,9565.0,1952.0,0.13,65394.0,1
B0367,structural_decline,11,14609.0,9594.0,1952.0,0.13,65394.0,1
B0367,structural_decline,12,14609.0,9247.0,1952.0,0.13,65394.0,1
B0367,structural_decline,13,14211.0,9359.0,1952.0,0.13,65394.0,1
B0367,structural_decline,14,13861.0,9449.0,1952.0,0.13,65394.0,1
B0367,structural_decline,15,13731.0,9809.0,1952.0,0.13,65394.0,1
B0367,structural_decline,16,13527.0,9677.0,1952.0,0.13,65394.0,1
B0367,structural_decline,17,13360.0,9381.0,1952.0,0.13,65394.0,1
B0367,structural_decline,18,12873.0,9400.0,1952.0,0.13,65394.0,1
B0367,structural_decline,19,12732.0,9154.0,1952.0,0.13,65394.0,1
B0367,structural_decline,20,12806.0,9221.0,1952.0,0.13,65394.0,1
B0367,structural_decline,21,12447.0,9555.0,1952.0,0.13,65394.0,1
B0367,structural_decline,22,12171.0,9285.0,1952.0,0.13,65394.0,1
B0367,structural_decline,23,9797.0,9173.0,1952.0,0.13,65394.0,0
B0367,structural_decline,24,9678.0,9175.0,1952.0,0.13,65394.0,0
B0367,structural_decline,25,9471.0,9009.0,1952.0,0.13,65394.0,0
B0367,structural_decline,26,9301.0,9202.0,1952.0,0.13,65394.0,0
B0367,structural_decline,27,11259.0,9404.0,1952.0,0.13,65394.0,0
B0367,structural_decline,28,10849.0,9420.0,1952.0,0.13,65394.0,0
B0367,structural_decline,29,10710.0,9161.0,1952.0,0.13,65394.0,0
B0367,structural_decline,30,10468.0,9533.0,1952.0,0.13,65394.0,0
B0367,structural_decline,31,10345.0,9630.0,1952.0,0.13,65394.0,0
B0367,structural_decline,32,10235.0,9811.0,1952.0,0.13,65394.0,0
B0367,structural_decline,33,9996.0,9968.0,1952.0,0.13,65394.0,0
B0367,structural_decline,34,9830.0,9518.0,1952.0,0.13,65394.0,0
B0368,temporary_stress,0,17246.0,10413.0,2002.0,0.257,52988.0,1
B0368,temporary_stress,1,17073.0,10851.0,2002.0,0.257,52988.0,1
B0368,temporary_stress,2,17197.0,10695.0,2002.0,0.257,52988.0,1
B0368,temporary_stress,3,17299.0,10891.0,2002.0,0.257,52988.0,1
B0368,temporary_stress,4,17156.0,11100.0,2002.0,0.257,52988.0,1
B0368,temporary_stress,5,17321.0,11020.0,2002.0,0.257,52988.0,1
B0368,temporary_stress,6,17302.0,11111.0,2002.0,0.257,52988.0,1
B0368,temporary_stress,7,17458.0,11114.0,2002.0,0.257,52988.0,1
B0368,temporary_stress,8,17259.0,10516.0,2002.0,0.257,52988.0,1
B0368,temporary_stress,9,17275.0,10557.0,2002.0,0.257,52988.0,1
B0368,temporary_stress,10,17394.0,10736.0,2002.0,0.257,52988.0,1
B0368,temporary_stress,11,17579.0,10291.0,2002.0,0.257,52988.0,1
B0368,temporary_stress,12,17276.0,10400.0,2002.0,0.257,52988.0,1
B0368,temporary_stress,13,17167.0,10347.0,2002.0,0.257,52988.0,1
B0368,temporary_stress,14,17162.0,10482.0,2002.0,0.257,52988.0,1
B0368,temporary_stress,15,16892.0,10685.0,2002.0,0.257,52988.0,1
B0368,temporary_stress,16,16795.0,10638.0,2002.0,0.257,52988.0,1
B0368,temporary_stress,17,16905.0,10753.0,2002.0,0.257,52988.0,1
B0368,temporary_stress,18,8614.0,10780.0,2002.0,0.257,52988.0,0
B0368,temporary_stress,19,8577.0,10756.0,2002.0,0.257,52988.0,0
B0368,temporary_stress,20,8644.0,10604.0,2002.0,0.257,52988.0,0
B0368,temporary_stress,21,8642.0,10622.0,2002.0,0.257,52988.0,0
B0368,temporary_stress,22,11200.0,10613.0,2002.0,0.257,52988.0,0
B0368,temporary_stress,23,12209.0,10193.0,2002.0,0.257,52988.0,1
B0368,temporary_stress,24,12920.0,10282.0,2002.0,0.257,52988.0,1
B0368,temporary_stress,25,13619.0,10655.0,2002.0,0.257,52988.0,1
B0368,temporary_stress,26,14673.0,11045.0,2002.0,0.257,52988.0,1
B0368,temporary_stress,27,15686.0,11013.0,2002.0,0.257,52988.0,1
B0368,temporary_stress,28,16463.0,10868.0,2002.0,0.257,52988.0,1
B0368,temporary_stress,29,16830.0,10615.0,2002.0,0.257,52988.0,1
B0368,temporary_stress,30,16392.0,10912.0,2002.0,0.257,52988.0,1
B0368,temporary_stress,31,16450.0,11120.0,2002.0,0.257,52988.0,1
B0368,temporary_stress,32,16825.0,11201.0,2002.0,0.257,52988.0,1
B0368,temporary_stress,33,17018.0,10701.0,2002.0,0.257,52988.0,1
B0369,stable,0,19383.0,13912.0,2220.0,0.208,61208.0,1
B0369,stable,1,18974.0,13656.0,2220.0,0.208,61208.0,1
B0369,stable,2,18798.0,13555.0,2220.0,0.208,61208.0,1
B0369,stable,3,18885.0,14162.0,2220.0,0.208,61208.0,1
B0369,stable,4,18566.0,14188.0,2220.0,0.208,61208.0,1
B0369,stable,5,18472.0,13964.0,2220.0,0.208,61208.0,1
B0369,stable,6,18963.0,14267.0,2220.0,0.208,61208.0,1
B0369,stable,7,19069.0,14073.0,2220.0,0.208,61208.0,1
B0369,stable,8,18973.0,13811.0,2220.0,0.208,61208.0,1
B0369,stable,9,19107.0,14158.0,2220.0,0.208,61208.0,1
B0369,stable,10,19320.0,14265.0,2220.0,0.208,61208.0,1
B0369,stable,11,19261.0,14506.0,2220.0,0.208,61208.0,1
B0369,stable,12,19623.0,14585.0,2220.0,0.208,61208.0,1
B0369,stable,13,20034.0,14405.0,2220.0,0.208,61208.0,1
B0369,stable,14,20178.0,14000.0,2220.0,0.208,61208.0,1
B0369,stable,15,20319.0,13692.0,2220.0,0.208,61208.0,1
B0369,stable,16,20133.0,13725.0,2220.0,0.208,61208.0,1
B0369,stable,17,20042.0,14151.0,2220.0,0.208,61208.0,1
B0369,stable,18,20053.0,13902.0,2220.0,0.208,61208.0,1
B0369,stable,19,19808.0,14312.0,2220.0,0.208,61208.0,1
B0369,stable,20,19727.0,14061.0,2220.0,0.208,61208.0,1
B0369,stable,21,20162.0,14038.0,2220.0,0.208,61208.0,1
B0369,stable,22,20195.0,14025.0,2220.0,0.208,61208.0,1
B0369,stable,23,20018.0,13958.0,2220.0,0.208,61208.0,1
B0369,stable,24,19781.0,13553.0,2220.0,0.208,61208.0,1
B0369,stable,25,19236.0,13936.0,2220.0,0.208,61208.0,1
B0369,stable,26,19230.0,13877.0,2220.0,0.208,61208.0,1
B0369,stable,27,19377.0,13755.0,2220.0,0.208,61208.0,1
B0369,stable,28,19436.0,13579.0,2220.0,0.208,61208.0,1
B0369,stable,29,19688.0,13756.0,2220.0,0.208,61208.0,1
B0369,stable,30,20215.0,14477.0,2220.0,0.208,61208.0,1
B0369,stable,31,20412.0,14167.0,2220.0,0.208,61208.0,1
B0369,stable,32,20454.0,13744.0,2220.0,0.208,61208.0,1
B0369,stable,33,20386.0,13854.0,2220.0,0.208,61208.0,1
B0370,structural_decline,0,18890.0,13593.0,2730.0,0.197,96743.0,1
B0370,structural_decline,1,18903.0,14050.0,2730.0,0.197,96743.0,1
B0370,structural_decline,2,18828.0,14229.0,2730.0,0.197,96743.0,1
B0370,structural_decline,3,18892.0,14309.0,2730.0,0.197,96743.0,1
B0370,structural_decline,4,19208.0,14385.0,2730.0,0.197,96743.0,1
B0370,structural_decline,5,19224.0,14118.0,2730.0,0.197,96743.0,1
B0370,structural_decline,6,19410.0,14463.0,2730.0,0.197,96743.0,1
B0370,structural_decline,7,19126.0,15158.0,2730.0,0.197,96743.0,1
B0370,structural_decline,8,19012.0,15190.0,2730.0,0.197,96743.0,1
B0370,structural_decline,9,19142.0,15032.0,2730.0,0.197,96743.0,1
B0370,structural_decline,10,19024.0,15093.0,2730.0,0.197,96743.0,1
B0370,structural_decline,11,19358.0,14672.0,2730.0,0.197,96743.0,1
B0370,structural_decline,12,19212.0,13999.0,2730.0,0.197,96743.0,1
B0370,structural_decline,13,18516.0,14013.0,2730.0,0.197,96743.0,1
B0370,structural_decline,14,17997.0,14501.0,2730.0,0.197,96743.0,1
B0370,structural_decline,15,17665.0,14650.0,2730.0,0.197,96743.0,1
B0370,structural_decline,16,17408.0,14318.0,2730.0,0.197,96743.0,1
B0370,structural_decline,17,16927.0,14380.0,2730.0,0.197,96743.0,0
B0370,structural_decline,18,16503.0,14423.0,2730.0,0.197,96743.0,0
B0370,structural_decline,19,16632.0,14414.0,2730.0,0.197,96743.0,0
B0370,structural_decline,20,12808.0,14534.0,2730.0,0.197,96743.0,0
B0370,structural_decline,21,12522.0,14853.0,2730.0,0.197,96743.0,0
B0370,structural_decline,22,12239.0,14725.0,2730.0,0.197,96743.0,0
B0370,structural_decline,23,15461.0,14093.0,2730.0,0.197,96743.0,0
B0370,structural_decline,24,14938.0,13861.0,2730.0,0.197,96743.0,0
B0370,structural_decline,25,14382.0,13935.0,2730.0,0.197,96743.0,0
B0370,structural_decline,26,14243.0,13708.0,2730.0,0.197,96743.0,0
B0370,structural_decline,27,13926.0,13738.0,2730.0,0.197,96743.0,0
B0370,structural_decline,28,13477.0,14647.0,2730.0,0.197,96743.0,0
B0370,structural_decline,29,13101.0,14995.0,2730.0,0.197,96743.0,0
B0371,stable,0,18154.0,11037.0,2298.0,0.217,67909.0,1
B0371,stable,1,17727.0,11184.0,2298.0,0.217,67909.0,1
B0371,stable,2,18058.0,11359.0,2298.0,0.217,67909.0,1
B0371,stable,3,18007.0,11207.0,2298.0,0.217,67909.0,1
B0371,stable,4,18280.0,11304.0,2298.0,0.217,67909.0,1
B0371,stable,5,18410.0,10942.0,2298.0,0.217,67909.0,1
B0371,stable,6,18582.0,10985.0,2298.0,0.217,67909.0,1
B0371,stable,7,18909.0,11600.0,2298.0,0.217,67909.0,1
B0371,stable,8,19136.0,11829.0,2298.0,0.217,67909.0,1
B0371,stable,9,19229.0,11794.0,2298.0,0.217,67909.0,1
B0371,stable,10,19169.0,11608.0,2298.0,0.217,67909.0,1
B0371,stable,11,19186.0,11435.0,2298.0,0.217,67909.0,1
B0371,stable,12,19450.0,11599.0,2298.0,0.217,67909.0,1
B0371,stable,13,19366.0,11981.0,2298.0,0.217,67909.0,1
B0371,stable,14,19327.0,11842.0,2298.0,0.217,67909.0,1
B0371,stable,15,19620.0,11800.0,2298.0,0.217,67909.0,1
B0371,stable,16,19451.0,11491.0,2298.0,0.217,67909.0,1
B0371,stable,17,19264.0,11289.0,2298.0,0.217,67909.0,1
B0371,stable,18,19058.0,11302.0,2298.0,0.217,67909.0,1
B0371,stable,19,18822.0,11698.0,2298.0,0.217,67909.0,1
B0371,stable,20,18695.0,12198.0,2298.0,0.217,67909.0,1
B0371,stable,21,18929.0,12088.0,2298.0,0.217,67909.0,1
B0371,stable,22,19129.0,11997.0,2298.0,0.217,67909.0,1
B0371,stable,23,19079.0,11956.0,2298.0,0.217,67909.0,1
B0371,stable,24,19104.0,11519.0,2298.0,0.217,67909.0,1
B0371,stable,25,19151.0,11236.0,2298.0,0.217,67909.0,1
B0371,stable,26,19377.0,11225.0,2298.0,0.217,67909.0,1
B0371,stable,27,19551.0,11241.0,2298.0,0.217,67909.0,1
B0371,stable,28,19826.0,11072.0,2298.0,0.217,67909.0,1
B0371,stable,29,20470.0,11117.0,2298.0,0.217,67909.0,1
B0371,stable,30,20403.0,11327.0,2298.0,0.217,67909.0,1
B0371,stable,31,20210.0,11817.0,2298.0,0.217,67909.0,1
B0372,structural_decline,0,11343.0,5742.0,1991.0,0.113,44521.0,1
B0372,structural_decline,1,11351.0,6030.0,1991.0,0.113,44521.0,1
B0372,structural_decline,2,11276.0,5854.0,1991.0,0.113,44521.0,1
B0372,structural_decline,3,11320.0,5904.0,1991.0,0.113,44521.0,1
B0372,structural_decline,4,11205.0,6094.0,1991.0,0.113,44521.0,1
B0372,structural_decline,5,11312.0,6024.0,1991.0,0.113,44521.0,1
B0372,structural_decline,6,11269.0,6117.0,1991.0,0.113,44521.0,1
B0372,structural_decline,7,11137.0,6039.0,1991.0,0.113,44521.0,1
B0372,structural_decline,8,11246.0,5855.0,1991.0,0.113,44521.0,1
B0372,structural_decline,9,11052.0,5888.0,1991.0,0.113,44521.0,1
B0372,structural_decline,10,11269.0,5941.0,1991.0,0.113,44521.0,1
B0372,structural_decline,11,11351.0,6234.0,1991.0,0.113,44521.0,1
B0372,structural_decline,12,11072.0,6506.0,1991.0,0.113,44521.0,1
B0372,structural_decline,13,10901.0,6432.0,1991.0,0.113,44521.0,1
B0372,structural_decline,14,11095.0,6280.0,1991.0,0.113,44521.0,1
B0372,structural_decline,15,11453.0,6229.0,1991.0,0.113,44521.0,1
B0372,structural_decline,16,11339.0,6160.0,1991.0,0.113,44521.0,1
B0372,structural_decline,17,11331.0,6145.0,1991.0,0.113,44521.0,1
B0372,structural_decline,18,11139.0,6068.0,1991.0,0.113,44521.0,1
B0372,structural_decline,19,10921.0,6081.0,1991.0,0.113,44521.0,1
B0372,structural_decline,20,10761.0,6091.0,1991.0,0.113,44521.0,1
B0372,structural_decline,21,10602.0,6149.0,1991.0,0.113,44521.0,1
B0372,structural_decline,22,10409.0,6251.0,1991.0,0.113,44521.0,1
B0372,structural_decline,23,10161.0,6143.0,1991.0,0.113,44521.0,1
B0372,structural_decline,24,10035.0,6176.0,1991.0,0.113,44521.0,1
B0372,structural_decline,25,9911.0,6080.0,1991.0,0.113,44521.0,1
B0372,structural_decline,26,9590.0,6010.0,1991.0,0.113,44521.0,1
B0372,structural_decline,27,9333.0,6071.0,1991.0,0.113,44521.0,1
B0372,structural_decline,28,9274.0,6206.0,1991.0,0.113,44521.0,1
B0372,structural_decline,29,9068.0,6121.0,1991.0,0.113,44521.0,1
B0372,structural_decline,30,9070.0,6027.0,1991.0,0.113,44521.0,1
B0372,structural_decline,31,8906.0,6085.0,1991.0,0.113,44521.0,1
B0372,structural_decline,32,7589.0,6067.0,1991.0,0.113,44521.0,0
B0372,structural_decline,33,7501.0,5879.0,1991.0,0.113,44521.0,0
B0372,structural_decline,34,7278.0,5858.0,1991.0,0.113,44521.0,0
B0372,structural_decline,35,7087.0,5948.0,1991.0,0.113,44521.0,0
B0372,structural_decline,36,8249.0,5916.0,1991.0,0.113,44521.0,1
B0372,structural_decline,37,8263.0,5832.0,1991.0,0.113,44521.0,1
B0373,temporary_stress,0,11454.0,8496.0,1957.0,0.119,30314.0,1
B0373,temporary_stress,1,11552.0,8511.0,1957.0,0.119,30314.0,1
B0373,temporary_stress,2,11817.0,8582.0,1957.0,0.119,30314.0,1
B0373,temporary_stress,3,12017.0,9219.0,1957.0,0.119,30314.0,1
B0373,temporary_stress,4,12062.0,9369.0,1957.0,0.119,30314.0,1
B0373,temporary_stress,5,11832.0,9009.0,1957.0,0.119,30314.0,1
B0373,temporary_stress,6,11453.0,8706.0,1957.0,0.119,30314.0,1
B0373,temporary_stress,7,11441.0,8721.0,1957.0,0.119,30314.0,1
B0373,temporary_stress,8,11655.0,8964.0,1957.0,0.119,30314.0,1
B0373,temporary_stress,9,11557.0,8812.0,1957.0,0.119,30314.0,1
B0373,temporary_stress,10,11433.0,8369.0,1957.0,0.119,30314.0,1
B0373,temporary_stress,11,11497.0,8791.0,1957.0,0.119,30314.0,1
B0373,temporary_stress,12,11340.0,8796.0,1957.0,0.119,30314.0,1
B0373,temporary_stress,13,11410.0,8802.0,1957.0,0.119,30314.0,1
B0373,temporary_stress,14,11229.0,8534.0,1957.0,0.119,30314.0,1
B0373,temporary_stress,15,11191.0,8299.0,1957.0,0.119,30314.0,1
B0373,temporary_stress,16,11289.0,8345.0,1957.0,0.119,30314.0,1
B0373,temporary_stress,17,11534.0,8461.0,1957.0,0.119,30314.0,1
B0373,temporary_stress,18,11739.0,8475.0,1957.0,0.119,30314.0,1
B0373,temporary_stress,19,11691.0,8495.0,1957.0,0.119,30314.0,1
B0373,temporary_stress,20,11685.0,8428.0,1957.0,0.119,30314.0,1
B0373,temporary_stress,21,6215.0,8680.0,1957.0,0.119,30314.0,0
B0373,temporary_stress,22,6242.0,8845.0,1957.0,0.119,30314.0,0
B0373,temporary_stress,23,6275.0,8899.0,1957.0,0.119,30314.0,0
B0373,temporary_stress,24,6187.0,8571.0,1957.0,0.119,30314.0,0
B0373,temporary_stress,25,6063.0,8588.0,1957.0,0.119,30314.0,0
B0373,temporary_stress,26,6298.0,8798.0,1957.0,0.119,30314.0,0
B0373,temporary_stress,27,7054.0,8822.0,1957.0,0.119,30314.0,0
B0373,temporary_stress,28,7871.0,8819.0,1957.0,0.119,30314.0,0
B0373,temporary_stress,29,8593.0,8876.0,1957.0,0.119,30314.0,0
B0373,temporary_stress,30,9167.0,9061.0,1957.0,0.119,30314.0,0
B0373,temporary_stress,31,9984.0,9116.0,1957.0,0.119,30314.0,0
B0373,temporary_stress,32,10900.0,8889.0,1957.0,0.119,30314.0,1
B0373,temporary_stress,33,11509.0,8963.0,1957.0,0.119,30314.0,1
B0373,temporary_stress,34,11246.0,8914.0,1957.0,0.119,30314.0,1
B0373,temporary_stress,35,11364.0,8528.0,1957.0,0.119,30314.0,1
B0373,temporary_stress,36,11488.0,8501.0,1957.0,0.119,30314.0,1
B0373,temporary_stress,37,11649.0,8445.0,1957.0,0.119,30314.0,1
B0373,temporary_stress,38,11773.0,8937.0,1957.0,0.119,30314.0,1
B0374,stable,0,18763.0,13079.0,3923.0,0.166,65100.0,1
B0374,stable,1,19151.0,12984.0,3923.0,0.166,65100.0,1
B0374,stable,2,19119.0,13117.0,3923.0,0.166,65100.0,1
B0374,stable,3,19291.0,13411.0,3923.0,0.166,65100.0,1
B0374,stable,4,19614.0,13384.0,3923.0,0.166,65100.0,1
B0374,stable,5,19773.0,13040.0,3923.0,0.166,65100.0,1
B0374,stable,6,19697.0,12913.0,3923.0,0.166,65100.0,1
B0374,stable,7,19848.0,12733.0,3923.0,0.166,65100.0,1
B0374,stable,8,20212.0,12711.0,3923.0,0.166,65100.0,1
B0374,stable,9,20116.0,12901.0,3923.0,0.166,65100.0,1
B0374,stable,10,20023.0,12890.0,3923.0,0.166,65100.0,1
B0374,stable,11,20126.0,13225.0,3923.0,0.166,65100.0,1
B0374,stable,12,20279.0,13442.0,3923.0,0.166,65100.0,1
B0374,stable,13,20337.0,13340.0,3923.0,0.166,65100.0,1
B0374,stable,14,20396.0,13687.0,3923.0,0.166,65100.0,1
B0374,stable,15,20187.0,13469.0,3923.0,0.166,65100.0,1
B0374,stable,16,19781.0,13626.0,3923.0,0.166,65100.0,1
B0374,stable,17,19498.0,14089.0,3923.0,0.166,65100.0,1
B0374,stable,18,19197.0,14076.0,3923.0,0.166,65100.0,1
B0374,stable,19,19387.0,13538.0,3923.0,0.166,65100.0,1
B0374,stable,20,19842.0,13385.0,3923.0,0.166,65100.0,1
B0374,stable,21,19472.0,13629.0,3923.0,0.166,65100.0,1
B0374,stable,22,19141.0,14070.0,3923.0,0.166,65100.0,1
B0374,stable,23,19533.0,13713.0,3923.0,0.166,65100.0,1
B0374,stable,24,19742.0,13754.0,3923.0,0.166,65100.0,1
B0374,stable,25,20003.0,13415.0,3923.0,0.166,65100.0,1
B0374,stable,26,20279.0,13241.0,3923.0,0.166,65100.0,1
B0374,stable,27,20083.0,13104.0,3923.0,0.166,65100.0,1
B0374,stable,28,20574.0,12917.0,3923.0,0.166,65100.0,1
B0374,stable,29,20727.0,12964.0,3923.0,0.166,65100.0,1
B0374,stable,30,20496.0,13513.0,3923.0,0.166,65100.0,1
B0374,stable,31,20465.0,13398.0,3923.0,0.166,65100.0,1
B0374,stable,32,20477.0,13521.0,3923.0,0.166,65100.0,1
B0374,stable,33,20453.0,13129.0,3923.0,0.166,65100.0,1
B0374,stable,34,20551.0,13072.0,3923.0,0.166,65100.0,1
B0375,structural_decline,0,14730.0,8010.0,2910.0,0.152,39629.0,1
B0375,structural_decline,1,14956.0,8148.0,2910.0,0.152,39629.0,1
B0375,structural_decline,2,15168.0,8422.0,2910.0,0.152,39629.0,1
B0375,structural_decline,3,15312.0,8635.0,2910.0,0.152,39629.0,1
B0375,structural_decline,4,15141.0,8033.0,2910.0,0.152,39629.0,1
B0375,structural_decline,5,14839.0,8250.0,2910.0,0.152,39629.0,1
B0375,structural_decline,6,14874.0,8623.0,2910.0,0.152,39629.0,1
B0375,structural_decline,7,14752.0,8526.0,2910.0,0.152,39629.0,1
B0375,structural_decline,8,14975.0,8153.0,2910.0,0.152,39629.0,1
B0375,structural_decline,9,15025.0,8384.0,2910.0,0.152,39629.0,1
B0375,structural_decline,10,14871.0,8487.0,2910.0,0.152,39629.0,1
B0375,structural_decline,11,14804.0,8637.0,2910.0,0.152,39629.0,1
B0375,structural_decline,12,14976.0,8682.0,2910.0,0.152,39629.0,1
B0375,structural_decline,13,14883.0,8402.0,2910.0,0.152,39629.0,1
B0375,structural_decline,14,15122.0,8558.0,2910.0,0.152,39629.0,1
B0375,structural_decline,15,15107.0,8751.0,2910.0,0.152,39629.0,1
B0375,structural_decline,16,14820.0,8499.0,2910.0,0.152,39629.0,1
B0375,structural_decline,17,14681.0,8715.0,2910.0,0.152,39629.0,1
B0375,structural_decline,18,15030.0,8793.0,2910.0,0.152,39629.0,1
B0375,structural_decline,19,15018.0,8513.0,2910.0,0.152,39629.0,1
B0375,structural_decline,20,14971.0,8572.0,2910.0,0.152,39629.0,1
B0375,structural_decline,21,15058.0,8546.0,2910.0,0.152,39629.0,1
B0375,structural_decline,22,14926.0,8721.0,2910.0,0.152,39629.0,1
B0375,structural_decline,23,15106.0,9060.0,2910.0,0.152,39629.0,1
B0375,structural_decline,24,15334.0,8814.0,2910.0,0.152,39629.0,1
B0375,structural_decline,25,15147.0,8625.0,2910.0,0.152,39629.0,1
B0375,structural_decline,26,15018.0,8831.0,2910.0,0.152,39629.0,1
B0375,structural_decline,27,14699.0,8946.0,2910.0,0.152,39629.0,1
B0375,structural_decline,28,14490.0,9148.0,2910.0,0.152,39629.0,1
B0375,structural_decline,29,14210.0,8890.0,2910.0,0.152,39629.0,1
B0375,structural_decline,30,14153.0,8621.0,2910.0,0.152,39629.0,1
B0375,structural_decline,31,13884.0,8428.0,2910.0,0.152,39629.0,1
B0375,structural_decline,32,14039.0,8258.0,2910.0,0.152,39629.0,1
B0375,structural_decline,33,13785.0,8253.0,2910.0,0.152,39629.0,1
B0375,structural_decline,34,13430.0,8525.0,2910.0,0.152,39629.0,1
B0375,structural_decline,35,13112.0,8576.0,2910.0,0.152,39629.0,1
B0375,structural_decline,36,12853.0,8472.0,2910.0,0.152,39629.0,1
B0375,structural_decline,37,12901.0,8503.0,2910.0,0.152,39629.0,1
B0375,structural_decline,38,12706.0,8683.0,2910.0,0.152,39629.0,1
B0376,stable,0,18197.0,10729.0,3144.0,0.161,84212.0,1
B0376,stable,1,18303.0,10509.0,3144.0,0.161,84212.0,1
B0376,stable,2,18139.0,10416.0,3144.0,0.161,84212.0,1
B0376,stable,3,18125.0,10296.0,3144.0,0.161,84212.0,1
B0376,stable,4,17962.0,10357.0,3144.0,0.161,84212.0,1
B0376,stable,5,17764.0,10831.0,3144.0,0.161,84212.0,1
B0376,stable,6,18138.0,10901.0,3144.0,0.161,84212.0,1
B0376,stable,7,18362.0,10940.0,3144.0,0.161,84212.0,1
B0376,stable,8,18340.0,10864.0,3144.0,0.161,84212.0,1
B0376,stable,9,18348.0,10860.0,3144.0,0.161,84212.0,1
B0376,stable,10,18436.0,10613.0,3144.0,0.161,84212.0,1
B0376,stable,11,18687.0,10800.0,3144.0,0.161,84212.0,1
B0376,stable,12,18990.0,10738.0,3144.0,0.161,84212.0,1
B0376,stable,13,19015.0,10554.0,3144.0,0.161,84212.0,1
B0376,stable,14,19142.0,10724.0,3144.0,0.161,84212.0,1
B0376,stable,15,19072.0,10690.0,3144.0,0.161,84212.0,1
B0376,stable,16,19274.0,10525.0,3144.0,0.161,84212.0,1
B0376,stable,17,19358.0,11234.0,3144.0,0.161,84212.0,1
B0376,stable,18,19444.0,11353.0,3144.0,0.161,84212.0,1
B0376,stable,19,19457.0,11010.0,3144.0,0.161,84212.0,1
B0376,stable,20,19183.0,10937.0,3144.0,0.161,84212.0,1
B0376,stable,21,19173.0,11322.0,3144.0,0.161,84212.0,1
B0376,stable,22,18328.0,11266.0,3144.0,0.161,84212.0,1
B0376,stable,23,17960.0,10707.0,3144.0,0.161,84212.0,1
B0376,stable,24,18363.0,10657.0,3144.0,0.161,84212.0,1
B0376,stable,25,18658.0,11182.0,3144.0,0.161,84212.0,1
B0376,stable,26,18682.0,11228.0,3144.0,0.161,84212.0,1
B0376,stable,27,19019.0,11028.0,3144.0,0.161,84212.0,1
B0376,stable,28,18932.0,10593.0,3144.0,0.161,84212.0,1
B0376,stable,29,18651.0,10661.0,3144.0,0.161,84212.0,1
B0377,temporary_stress,0,16907.0,11464.0,2768.0,0.112,83959.0,1
B0377,temporary_stress,1,16798.0,11559.0,2768.0,0.112,83959.0,1
B0377,temporary_stress,2,16460.0,11299.0,2768.0,0.112,83959.0,1
B0377,temporary_stress,3,16319.0,11525.0,2768.0,0.112,83959.0,1
B0377,temporary_stress,4,16468.0,11414.0,2768.0,0.112,83959.0,1
B0377,temporary_stress,5,16256.0,11311.0,2768.0,0.112,83959.0,1
B0377,temporary_stress,6,16007.0,11162.0,2768.0,0.112,83959.0,1
B0377,temporary_stress,7,15673.0,11151.0,2768.0,0.112,83959.0,1
B0377,temporary_stress,8,15360.0,11506.0,2768.0,0.112,83959.0,1
B0377,temporary_stress,9,15493.0,11591.0,2768.0,0.112,83959.0,1
B0377,temporary_stress,10,15702.0,11685.0,2768.0,0.112,83959.0,1
B0377,temporary_stress,11,15982.0,11283.0,2768.0,0.112,83959.0,1
B0377,temporary_stress,12,16069.0,11400.0,2768.0,0.112,83959.0,1
B0377,temporary_stress,13,16019.0,11511.0,2768.0,0.112,83959.0,1
B0377,temporary_stress,14,7722.0,11576.0,2768.0,0.112,83959.0,0
B0377,temporary_stress,15,7842.0,11602.0,2768.0,0.112,83959.0,0
B0377,temporary_stress,16,7800.0,11829.0,2768.0,0.112,83959.0,0
B0377,temporary_stress,17,7814.0,11424.0,2768.0,0.112,83959.0,0
B0377,temporary_stress,18,7860.0,11218.0,2768.0,0.112,83959.0,0
B0377,temporary_stress,19,7816.0,11871.0,2768.0,0.112,83959.0,0
B0377,temporary_stress,20,10359.0,12093.0,2768.0,0.112,83959.0,0
B0377,temporary_stress,21,10972.0,11771.0,2768.0,0.112,83959.0,0
B0377,temporary_stress,22,11937.0,11578.0,2768.0,0.112,83959.0,0
B0377,temporary_stress,23,12645.0,11947.0,2768.0,0.112,83959.0,0
B0377,temporary_stress,24,13307.0,11599.0,2768.0,0.112,83959.0,0
B0377,temporary_stress,25,14212.0,11814.0,2768.0,0.112,83959.0,0
B0377,temporary_stress,26,15160.0,12024.0,2768.0,0.112,83959.0,1
B0377,temporary_stress,27,16018.0,11995.0,2768.0,0.112,83959.0,1
B0377,temporary_stress,28,16034.0,12014.0,2768.0,0.112,83959.0,1
B0377,temporary_stress,29,16025.0,11907.0,2768.0,0.112,83959.0,1
B0377,temporary_stress,30,16163.0,11927.0,2768.0,0.112,83959.0,1
B0377,temporary_stress,31,16633.0,11869.0,2768.0,0.112,83959.0,1
B0377,temporary_stress,32,16749.0,11662.0,2768.0,0.112,83959.0,1
B0377,temporary_stress,33,16654.0,11018.0,2768.0,0.112,83959.0,1
B0377,temporary_stress,34,16520.0,11190.0,2768.0,0.112,83959.0,1
B0377,temporary_stress,35,16369.0,11696.0,2768.0,0.112,83959.0,1
B0377,temporary_stress,36,16283.0,11875.0,2768.0,0.112,83959.0,1
B0377,temporary_stress,37,16061.0,11668.0,2768.0,0.112,83959.0,1
B0378,structural_decline,0,11206.0,8324.0,2284.0,0.286,41023.0,1
B0378,structural_decline,1,11331.0,7896.0,2284.0,0.286,41023.0,1
B0378,structural_decline,2,11371.0,7838.0,2284.0,0.286,41023.0,1
B0378,structural_decline,3,11507.0,7798.0,2284.0,0.286,41023.0,1
B0378,structural_decline,4,11579.0,7938.0,2284.0,0.286,41023.0,1
B0378,structural_decline,5,11281.0,7980.0,2284.0,0.286,41023.0,1
B0378,structural_decline,6,11301.0,7849.0,2284.0,0.286,41023.0,1
B0378,structural_decline,7,11243.0,7682.0,2284.0,0.286,41023.0,1
B0378,structural_decline,8,11259.0,7873.0,2284.0,0.286,41023.0,1
B0378,structural_decline,9,11263.0,7988.0,2284.0,0.286,41023.0,1
B0378,structural_decline,10,11285.0,7954.0,2284.0,0.286,41023.0,1
B0378,structural_decline,11,11225.0,7853.0,2284.0,0.286,41023.0,1
B0378,structural_decline,12,10955.0,7974.0,2284.0,0.286,41023.0,1
B0378,structural_decline,13,10774.0,7949.0,2284.0,0.286,41023.0,1
B0378,structural_decline,14,10631.0,7954.0,2284.0,0.286,41023.0,1
B0378,structural_decline,15,10449.0,8219.0,2284.0,0.286,41023.0,0
B0378,structural_decline,16,10433.0,8057.0,2284.0,0.286,41023.0,1
B0378,structural_decline,17,10373.0,7820.0,2284.0,0.286,41023.0,1
B0378,structural_decline,18,10157.0,7668.0,2284.0,0.286,41023.0,1
B0378,structural_decline,19,9958.0,7887.0,2284.0,0.286,41023.0,0
B0378,structural_decline,20,9858.0,7742.0,2284.0,0.286,41023.0,0
B0378,structural_decline,21,9750.0,7637.0,2284.0,0.286,41023.0,0
B0378,structural_decline,22,9515.0,7712.0,2284.0,0.286,41023.0,0
B0378,structural_decline,23,9375.0,7502.0,2284.0,0.286,41023.0,0
B0378,structural_decline,24,9275.0,7454.0,2284.0,0.286,41023.0,0
B0378,structural_decline,25,9189.0,7622.0,2284.0,0.286,41023.0,0
B0378,structural_decline,26,9164.0,7803.0,2284.0,0.286,41023.0,0
B0378,structural_decline,27,9105.0,7680.0,2284.0,0.286,41023.0,0
B0378,structural_decline,28,8962.0,7786.0,2284.0,0.286,41023.0,0
B0378,structural_decline,29,8795.0,7738.0,2284.0,0.286,41023.0,0
B0378,structural_decline,30,8657.0,7355.0,2284.0,0.286,41023.0,0
B0378,structural_decline,31,8569.0,7470.0,2284.0,0.286,41023.0,0
B0378,structural_decline,32,8633.0,7615.0,2284.0,0.286,41023.0,0
B0379,temporary_stress,0,15161.0,8567.0,3185.0,0.28,48077.0,1
B0379,temporary_stress,1,15552.0,8534.0,3185.0,0.28,48077.0,1
B0379,temporary_stress,2,15536.0,8571.0,3185.0,0.28,48077.0,1
B0379,temporary_stress,3,15259.0,8615.0,3185.0,0.28,48077.0,1
B0379,temporary_stress,4,15354.0,8502.0,3185.0,0.28,48077.0,1
B0379,temporary_stress,5,15426.0,8392.0,3185.0,0.28,48077.0,1
B0379,temporary_stress,6,15284.0,8459.0,3185.0,0.28,48077.0,1
B0379,temporary_stress,7,14949.0,8413.0,3185.0,0.28,48077.0,1
B0379,temporary_stress,8,14621.0,8020.0,3185.0,0.28,48077.0,1
B0379,temporary_stress,9,14915.0,8061.0,3185.0,0.28,48077.0,1
B0379,temporary_stress,10,14917.0,8266.0,3185.0,0.28,48077.0,1
B0379,temporary_stress,11,14860.0,8373.0,3185.0,0.28,48077.0,1
B0379,temporary_stress,12,14843.0,8231.0,3185.0,0.28,48077.0,1
B0379,temporary_stress,13,14820.0,7964.0,3185.0,0.28,48077.0,1
B0379,temporary_stress,14,14823.0,8233.0,3185.0,0.28,48077.0,1
B0379,temporary_stress,15,14791.0,8594.0,3185.0,0.28,48077.0,1
B0379,temporary_stress,16,14878.0,8571.0,3185.0,0.28,48077.0,1
B0379,temporary_stress,17,15246.0,8299.0,3185.0,0.28,48077.0,1
B0379,temporary_stress,18,15454.0,8173.0,3185.0,0.28,48077.0,1
B0379,temporary_stress,19,8712.0,8105.0,3185.0,0.28,48077.0,0
B0379,temporary_stress,20,8655.0,8180.0,3185.0,0.28,48077.0,0
B0379,temporary_stress,21,8677.0,8016.0,3185.0,0.28,48077.0,0
B0379,temporary_stress,22,10931.0,7984.0,3185.0,0.28,48077.0,0
B0379,temporary_stress,23,11405.0,8128.0,3185.0,0.28,48077.0,1
B0379,temporary_stress,24,12048.0,7931.0,3185.0,0.28,48077.0,1
B0379,temporary_stress,25,12526.0,7995.0,3185.0,0.28,48077.0,1
B0379,temporary_stress,26,13273.0,8304.0,3185.0,0.28,48077.0,1
B0379,temporary_stress,27,13850.0,8622.0,3185.0,0.28,48077.0,1
B0379,temporary_stress,28,14298.0,8673.0,3185.0,0.28,48077.0,1
B0379,temporary_stress,29,14894.0,8651.0,3185.0,0.28,48077.0,1
B0379,temporary_stress,30,14899.0,8612.0,3185.0,0.28,48077.0,1
B0379,temporary_stress,31,14975.0,8353.0,3185.0,0.28,48077.0,1
B0379,temporary_stress,32,15225.0,8508.0,3185.0,0.28,48077.0,1
B0379,temporary_stress,33,15037.0,8374.0,3185.0,0.28,48077.0,1
B0379,temporary_stress,34,15301.0,8624.0,3185.0,0.28,48077.0,1
B0379,temporary_stress,35,15684.0,8606.0,3185.0,0.28,48077.0,1
B0380,structural_decline,0,10659.0,6215.0,1184.0,0.117,37097.0,1
B0380,structural_decline,1,10429.0,6085.0,1184.0,0.117,37097.0,1
B0380,structural_decline,2,10408.0,6163.0,1184.0,0.117,37097.0,1
B0380,structural_decline,3,10550.0,6411.0,1184.0,0.117,37097.0,1
B0380,structural_decline,4,10657.0,6451.0,1184.0,0.117,37097.0,1
B0380,structural_decline,5,10506.0,6153.0,1184.0,0.117,37097.0,1
B0380,structural_decline,6,10559.0,6034.0,1184.0,0.117,37097.0,1
B0380,structural_decline,7,10589.0,6404.0,1184.0,0.117,37097.0,1
B0380,structural_decline,8,10494.0,6416.0,1184.0,0.117,37097.0,1
B0380,structural_decline,9,10176.0,6355.0,1184.0,0.117,37097.0,1
B0380,structural_decline,10,9996.0,6267.0,1184.0,0.117,37097.0,1
B0380,structural_decline,11,9823.0,6272.0,1184.0,0.117,37097.0,1
B0380,structural_decline,12,9825.0,6215.0,1184.0,0.117,37097.0,1
B0380,structural_decline,13,9709.0,6192.0,1184.0,0.117,37097.0,1
B0380,structural_decline,14,9391.0,6139.0,1184.0,0.117,37097.0,1
B0380,structural_decline,15,9173.0,6069.0,1184.0,0.117,37097.0,1
B0380,structural_decline,16,8961.0,6096.0,1184.0,0.117,37097.0,1
B0380,structural_decline,17,8799.0,6277.0,1184.0,0.117,37097.0,1
B0380,structural_decline,18,8784.0,6272.0,1184.0,0.117,37097.0,1
B0380,structural_decline,19,8637.0,6169.0,1184.0,0.117,37097.0,1
B0380,structural_decline,20,8360.0,5969.0,1184.0,0.117,37097.0,1
B0380,structural_decline,21,8090.0,5986.0,1184.0,0.117,37097.0,1
B0380,structural_decline,22,7868.0,6138.0,1184.0,0.117,37097.0,1
B0380,structural_decline,23,7832.0,6059.0,1184.0,0.117,37097.0,1
B0380,structural_decline,24,7731.0,6025.0,1184.0,0.117,37097.0,1
B0380,structural_decline,25,7737.0,6138.0,1184.0,0.117,37097.0,1
B0380,structural_decline,26,7497.0,6399.0,1184.0,0.117,37097.0,0
B0380,structural_decline,27,6103.0,6308.0,1184.0,0.117,37097.0,0
B0380,structural_decline,28,6054.0,6309.0,1184.0,0.117,37097.0,0
B0380,structural_decline,29,5873.0,6283.0,1184.0,0.117,37097.0,0
B0380,structural_decline,30,5741.0,6547.0,1184.0,0.117,37097.0,0
B0380,structural_decline,31,6622.0,6399.0,1184.0,0.117,37097.0,0
B0380,structural_decline,32,6623.0,6352.0,1184.0,0.117,37097.0,0
B0381,structural_decline,0,10325.0,5179.0,1833.0,0.11,48469.0,1
B0381,structural_decline,1,10266.0,5530.0,1833.0,0.11,48469.0,1
B0381,structural_decline,2,10285.0,5830.0,1833.0,0.11,48469.0,1
B0381,structural_decline,3,10322.0,5842.0,1833.0,0.11,48469.0,1
B0381,structural_decline,4,10226.0,5477.0,1833.0,0.11,48469.0,1
B0381,structural_decline,5,10167.0,5630.0,1833.0,0.11,48469.0,1
B0381,structural_decline,6,10330.0,5677.0,1833.0,0.11,48469.0,1
B0381,structural_decline,7,10306.0,5456.0,1833.0,0.11,48469.0,1
B0381,structural_decline,8,10147.0,5409.0,1833.0,0.11,48469.0,1
B0381,structural_decline,9,10163.0,5384.0,1833.0,0.11,48469.0,1
B0381,structural_decline,10,10096.0,5582.0,1833.0,0.11,48469.0,1
B0381,structural_decline,11,9872.0,5659.0,1833.0,0.11,48469.0,1
B0381,structural_decline,12,9804.0,5741.0,1833.0,0.11,48469.0,1
B0381,structural_decline,13,9741.0,5748.0,1833.0,0.11,48469.0,1
B0381,structural_decline,14,9640.0,5673.0,1833.0,0.11,48469.0,1
B0381,structural_decline,15,9582.0,5595.0,1833.0,0.11,48469.0,1
B0381,structural_decline,16,9318.0,5737.0,1833.0,0.11,48469.0,1
B0381,structural_decline,17,9100.0,5879.0,1833.0,0.11,48469.0,1
B0381,structural_decline,18,8973.0,5862.0,1833.0,0.11,48469.0,1
B0381,structural_decline,19,8855.0,5622.0,1833.0,0.11,48469.0,1
B0381,structural_decline,20,8733.0,5584.0,1833.0,0.11,48469.0,1
B0381,structural_decline,21,8552.0,5645.0,1833.0,0.11,48469.0,1
B0381,structural_decline,22,8288.0,5724.0,1833.0,0.11,48469.0,1
B0381,structural_decline,23,8154.0,5630.0,1833.0,0.11,48469.0,1
B0381,structural_decline,24,8031.0,5583.0,1833.0,0.11,48469.0,1
B0381,structural_decline,25,7931.0,5743.0,1833.0,0.11,48469.0,1
B0381,structural_decline,26,7700.0,5711.0,1833.0,0.11,48469.0,1
B0381,structural_decline,27,7546.0,5476.0,1833.0,0.11,48469.0,1
B0381,structural_decline,28,7516.0,5572.0,1833.0,0.11,48469.0,1
B0381,structural_decline,29,7489.0,5509.0,1833.0,0.11,48469.0,1
B0381,structural_decline,30,7405.0,5507.0,1833.0,0.11,48469.0,1
B0381,structural_decline,31,7420.0,5504.0,1833.0,0.11,48469.0,1
B0381,structural_decline,32,7320.0,5579.0,1833.0,0.11,48469.0,0
B0381,structural_decline,33,7100.0,5661.0,1833.0,0.11,48469.0,0
B0381,structural_decline,34,6894.0,5507.0,1833.0,0.11,48469.0,0
B0381,structural_decline,35,6722.0,5410.0,1833.0,0.11,48469.0,0
B0381,structural_decline,36,6654.0,5486.0,1833.0,0.11,48469.0,0
B0381,structural_decline,37,6574.0,5666.0,1833.0,0.11,48469.0,0
B0382,temporary_stress,0,11356.0,7838.0,1744.0,0.138,49040.0,1
B0382,temporary_stress,1,11421.0,7544.0,1744.0,0.138,49040.0,1
B0382,temporary_stress,2,11340.0,7541.0,1744.0,0.138,49040.0,1
B0382,temporary_stress,3,11361.0,7647.0,1744.0,0.138,49040.0,1
B0382,temporary_stress,4,11514.0,7946.0,1744.0,0.138,49040.0,1
B0382,temporary_stress,5,11274.0,7788.0,1744.0,0.138,49040.0,1
B0382,temporary_stress,6,11176.0,7512.0,1744.0,0.138,49040.0,1
B0382,temporary_stress,7,11267.0,7393.0,1744.0,0.138,49040.0,1
B0382,temporary_stress,8,11445.0,7384.0,1744.0,0.138,49040.0,1
B0382,temporary_stress,9,11268.0,7544.0,1744.0,0.138,49040.0,1
B0382,temporary_stress,10,11096.0,7384.0,1744.0,0.138,49040.0,1
B0382,temporary_stress,11,11114.0,7118.0,1744.0,0.138,49040.0,1
B0382,temporary_stress,12,6890.0,7446.0,1744.0,0.138,49040.0,0
B0382,temporary_stress,13,6860.0,7746.0,1744.0,0.138,49040.0,0
B0382,temporary_stress,14,6922.0,7831.0,1744.0,0.138,49040.0,0
B0382,temporary_stress,15,8371.0,8173.0,1744.0,0.138,49040.0,0
B0382,temporary_stress,16,8859.0,7916.0,1744.0,0.138,49040.0,0
B0382,temporary_stress,17,9498.0,7906.0,1744.0,0.138,49040.0,0
B0382,temporary_stress,18,10222.0,7904.0,1744.0,0.138,49040.0,1
B0382,temporary_stress,19,10809.0,7779.0,1744.0,0.138,49040.0,1
B0382,temporary_stress,20,11183.0,7625.0,1744.0,0.138,49040.0,1
B0382,temporary_stress,21,11257.0,7712.0,1744.0,0.138,49040.0,1
B0382,temporary_stress,22,11496.0,7853.0,1744.0,0.138,49040.0,1
B0382,temporary_stress,23,11350.0,7753.0,1744.0,0.138,49040.0,1
B0382,temporary_stress,24,11393.0,7463.0,1744.0,0.138,49040.0,1
B0382,temporary_stress,25,11495.0,7761.0,1744.0,0.138,49040.0,1
B0382,temporary_stress,26,11258.0,7838.0,1744.0,0.138,49040.0,1
B0382,temporary_stress,27,11279.0,7644.0,1744.0,0.138,49040.0,1
B0382,temporary_stress,28,11384.0,7755.0,1744.0,0.138,49040.0,1
B0382,temporary_stress,29,11262.0,7873.0,1744.0,0.138,49040.0,1
B0382,temporary_stress,30,11150.0,7592.0,1744.0,0.138,49040.0,1
B0382,temporary_stress,31,11121.0,7611.0,1744.0,0.138,49040.0,1
B0382,temporary_stress,32,11344.0,7639.0,1744.0,0.138,49040.0,1
B0382,temporary_stress,33,11294.0,7585.0,1744.0,0.138,49040.0,1
B0382,temporary_stress,34,11260.0,7593.0,1744.0,0.138,49040.0,1
B0382,temporary_stress,35,11200.0,7633.0,1744.0,0.138,49040.0,1
B0383,stable,0,12123.0,7335.0,2713.0,0.217,40605.0,1
B0383,stable,1,11751.0,7186.0,2713.0,0.217,40605.0,1
B0383,stable,2,11623.0,6920.0,2713.0,0.217,40605.0,1
B0383,stable,3,11515.0,6985.0,2713.0,0.217,40605.0,1
B0383,stable,4,11421.0,7127.0,2713.0,0.217,40605.0,1
B0383,stable,5,11293.0,7141.0,2713.0,0.217,40605.0,1
B0383,stable,6,11285.0,7275.0,2713.0,0.217,40605.0,1
B0383,stable,7,11400.0,7342.0,2713.0,0.217,40605.0,1
B0383,stable,8,11293.0,7349.0,2713.0,0.217,40605.0,1
B0383,stable,9,11298.0,7189.0,2713.0,0.217,40605.0,1
B0383,stable,10,11365.0,6903.0,2713.0,0.217,40605.0,1
B0383,stable,11,11326.0,6831.0,2713.0,0.217,40605.0,1
B0383,stable,12,11454.0,6946.0,2713.0,0.217,40605.0,1
B0383,stable,13,11537.0,6972.0,2713.0,0.217,40605.0,1
B0383,stable,14,11475.0,7150.0,2713.0,0.217,40605.0,1
B0383,stable,15,11689.0,7179.0,2713.0,0.217,40605.0,1
B0383,stable,16,11674.0,7249.0,2713.0,0.217,40605.0,1
B0383,stable,17,11657.0,7089.0,2713.0,0.217,40605.0,1
B0383,stable,18,11762.0,7025.0,2713.0,0.217,40605.0,1
B0383,stable,19,11752.0,7053.0,2713.0,0.217,40605.0,1
B0383,stable,20,11777.0,6892.0,2713.0,0.217,40605.0,1
B0383,stable,21,11577.0,6872.0,2713.0,0.217,40605.0,1
B0383,stable,22,11503.0,6878.0,2713.0,0.217,40605.0,1
B0383,stable,23,11348.0,7061.0,2713.0,0.217,40605.0,1
B0383,stable,24,11223.0,6960.0,2713.0,0.217,40605.0,1
B0383,stable,25,11230.0,6931.0,2713.0,0.217,40605.0,1
B0383,stable,26,11101.0,6825.0,2713.0,0.217,40605.0,1
B0383,stable,27,10957.0,6710.0,2713.0,0.217,40605.0,1
B0383,stable,28,11157.0,6922.0,2713.0,0.217,40605.0,1
B0383,stable,29,11455.0,7024.0,2713.0,0.217,40605.0,1
B0383,stable,30,11555.0,7303.0,2713.0,0.217,40605.0,1
B0383,stable,31,11457.0,7409.0,2713.0,0.217,40605.0,1
B0383,stable,32,11502.0,7200.0,2713.0,0.217,40605.0,1
B0383,stable,33,11481.0,6980.0,2713.0,0.217,40605.0,1
B0383,stable,34,11297.0,7106.0,2713.0,0.217,40605.0,1
B0383,stable,35,11278.0,6957.0,2713.0,0.217,40605.0,1
B0383,stable,36,11682.0,7024.0,2713.0,0.217,40605.0,1
B0383,stable,37,11722.0,7077.0,2713.0,0.217,40605.0,1
B0383,stable,38,11711.0,6826.0,2713.0,0.217,40605.0,1
B0383,stable,39,11547.0,7116.0,2713.0,0.217,40605.0,1
B0383,stable,40,11478.0,7120.0,2713.0,0.217,40605.0,1
B0383,stable,41,11661.0,6961.0,2713.0,0.217,40605.0,1
B0384,structural_decline,0,19769.0,11007.0,3482.0,0.165,67266.0,1
B0384,structural_decline,1,19896.0,10871.0,3482.0,0.165,67266.0,1
B0384,structural_decline,2,19934.0,10880.0,3482.0,0.165,67266.0,1
B0384,structural_decline,3,19961.0,10672.0,3482.0,0.165,67266.0,1
B0384,structural_decline,4,19638.0,10754.0,3482.0,0.165,67266.0,1
B0384,structural_decline,5,19471.0,10890.0,3482.0,0.165,67266.0,1
B0384,structural_decline,6,19647.0,10603.0,3482.0,0.165,67266.0,1
B0384,structural_decline,7,19503.0,10128.0,3482.0,0.165,67266.0,1
B0384,structural_decline,8,19642.0,9901.0,3482.0,0.165,67266.0,1
B0384,structural_decline,9,20001.0,9962.0,3482.0,0.165,67266.0,1
B0384,structural_decline,10,20431.0,10527.0,3482.0,0.165,67266.0,1
B0384,structural_decline,11,19906.0,10552.0,3482.0,0.165,67266.0,1
B0384,structural_decline,12,19395.0,10248.0,3482.0,0.165,67266.0,1
B0384,structural_decline,13,19517.0,9802.0,3482.0,0.165,67266.0,1
B0384,structural_decline,14,20004.0,10404.0,3482.0,0.165,67266.0,1
B0384,structural_decline,15,20156.0,10941.0,3482.0,0.165,67266.0,1
B0384,structural_decline,16,20066.0,10869.0,3482.0,0.165,67266.0,1
B0384,structural_decline,17,19941.0,10606.0,3482.0,0.165,67266.0,1
B0384,structural_decline,18,20045.0,10603.0,3482.0,0.165,67266.0,1
B0384,structural_decline,19,19559.0,10885.0,3482.0,0.165,67266.0,1
B0384,structural_decline,20,19364.0,10686.0,3482.0,0.165,67266.0,1
B0384,structural_decline,21,18985.0,10706.0,3482.0,0.165,67266.0,1
B0384,structural_decline,22,18392.0,10829.0,3482.0,0.165,67266.0,1
B0384,structural_decline,23,18317.0,10980.0,3482.0,0.165,67266.0,1
B0384,structural_decline,24,17972.0,10989.0,3482.0,0.165,67266.0,1
B0384,structural_decline,25,17611.0,10955.0,3482.0,0.165,67266.0,1
B0384,structural_decline,26,17303.0,10869.0,3482.0,0.165,67266.0,1
B0384,structural_decline,27,13471.0,10850.0,3482.0,0.165,67266.0,0
B0384,structural_decline,28,13367.0,10762.0,3482.0,0.165,67266.0,0
B0384,structural_decline,29,16639.0,10730.0,3482.0,0.165,67266.0,1
B0384,structural_decline,30,16277.0,10603.0,3482.0,0.165,67266.0,1
B0384,structural_decline,31,15723.0,10593.0,3482.0,0.165,67266.0,1
B0384,structural_decline,32,15457.0,10411.0,3482.0,0.165,67266.0,1
B0384,structural_decline,33,15256.0,10345.0,3482.0,0.165,67266.0,1
B0384,structural_decline,34,14909.0,10578.0,3482.0,0.165,67266.0,1
B0384,structural_decline,35,14585.0,10272.0,3482.0,0.165,67266.0,1
B0384,structural_decline,36,14175.0,10337.0,3482.0,0.165,67266.0,1
B0385,stable,0,10303.0,7491.0,2097.0,0.259,37762.0,1
B0385,stable,1,10373.0,7601.0,2097.0,0.259,37762.0,1
B0385,stable,2,10466.0,7804.0,2097.0,0.259,37762.0,1
B0385,stable,3,10526.0,7950.0,2097.0,0.259,37762.0,1
B0385,stable,4,10699.0,7747.0,2097.0,0.259,37762.0,1
B0385,stable,5,10739.0,7686.0,2097.0,0.259,37762.0,1
B0385,stable,6,10788.0,7764.0,2097.0,0.259,37762.0,1
B0385,stable,7,10995.0,7758.0,2097.0,0.259,37762.0,1
B0385,stable,8,11025.0,7523.0,2097.0,0.259,37762.0,1
B0385,stable,9,11241.0,7704.0,2097.0,0.259,37762.0,1
B0385,stable,10,11113.0,7725.0,2097.0,0.259,37762.0,1
B0385,stable,11,11082.0,7757.0,2097.0,0.259,37762.0,1
B0385,stable,12,11187.0,7571.0,2097.0,0.259,37762.0,1
B0385,stable,13,11020.0,7253.0,2097.0,0.259,37762.0,1
B0385,stable,14,11011.0,7646.0,2097.0,0.259,37762.0,1
B0385,stable,15,10840.0,7814.0,2097.0,0.259,37762.0,1
B0385,stable,16,10670.0,7657.0,2097.0,0.259,37762.0,1
B0385,stable,17,10519.0,7273.0,2097.0,0.259,37762.0,1
B0385,stable,18,10707.0,7375.0,2097.0,0.259,37762.0,1
B0385,stable,19,10714.0,7617.0,2097.0,0.259,37762.0,1
B0385,stable,20,10754.0,7290.0,2097.0,0.259,37762.0,1
B0385,stable,21,10466.0,6912.0,2097.0,0.259,37762.0,1
B0385,stable,22,10422.0,7340.0,2097.0,0.259,37762.0,1
B0385,stable,23,10394.0,7452.0,2097.0,0.259,37762.0,1
B0385,stable,24,10545.0,7421.0,2097.0,0.259,37762.0,1
B0385,stable,25,10838.0,7458.0,2097.0,0.259,37762.0,1
B0385,stable,26,10835.0,7451.0,2097.0,0.259,37762.0,1
B0385,stable,27,10884.0,7685.0,2097.0,0.259,37762.0,1
B0385,stable,28,10955.0,7673.0,2097.0,0.259,37762.0,1
B0385,stable,29,11054.0,7912.0,2097.0,0.259,37762.0,1
B0385,stable,30,10935.0,7862.0,2097.0,0.259,37762.0,1
B0385,stable,31,10829.0,7876.0,2097.0,0.259,37762.0,1
B0385,stable,32,11031.0,8221.0,2097.0,0.259,37762.0,1
B0385,stable,33,11059.0,8152.0,2097.0,0.259,37762.0,1
B0386,structural_decline,0,17167.0,10676.0,2930.0,0.105,74842.0,1
B0386,structural_decline,1,17161.0,10571.0,2930.0,0.105,74842.0,1
B0386,structural_decline,2,17618.0,10686.0,2930.0,0.105,74842.0,1
B0386,structural_decline,3,17682.0,10880.0,2930.0,0.105,74842.0,1
B0386,structural_decline,4,17509.0,11024.0,2930.0,0.105,74842.0,1
B0386,structural_decline,5,17417.0,10758.0,2930.0,0.105,74842.0,1
B0386,structural_decline,6,17369.0,10789.0,2930.0,0.105,74842.0,1
B0386,structural_decline,7,17758.0,10581.0,2930.0,0.105,74842.0,1
B0386,structural_decline,8,18112.0,10387.0,2930.0,0.105,74842.0,1
B0386,structural_decline,9,17651.0,10651.0,2930.0,0.105,74842.0,1
B0386,structural_decline,10,17559.0,10536.0,2930.0,0.105,74842.0,1
B0386,structural_decline,11,17596.0,10363.0,2930.0,0.105,74842.0,1
B0386,structural_decline,12,17829.0,10810.0,2930.0,0.105,74842.0,1
B0386,structural_decline,13,17906.0,10675.0,2930.0,0.105,74842.0,1
B0386,structural_decline,14,17372.0,10368.0,2930.0,0.105,74842.0,1
B0386,structural_decline,15,16696.0,10529.0,2930.0,0.105,74842.0,1
B0386,structural_decline,16,16500.0,10426.0,2930.0,0.105,74842.0,1
B0386,structural_decline,17,16123.0,10262.0,2930.0,0.105,74842.0,1
B0386,structural_decline,18,15526.0,10243.0,2930.0,0.105,74842.0,1
B0386,structural_decline,19,15461.0,10152.0,2930.0,0.105,74842.0,1
B0386,structural_decline,20,14960.0,10726.0,2930.0,0.105,74842.0,1
B0386,structural_decline,21,14589.0,11031.0,2930.0,0.105,74842.0,1
B0386,structural_decline,22,14404.0,11134.0,2930.0,0.105,74842.0,1
B0386,structural_decline,23,13838.0,11027.0,2930.0,0.105,74842.0,0
B0386,structural_decline,24,13585.0,10940.0,2930.0,0.105,74842.0,0
B0386,structural_decline,25,13248.0,11231.0,2930.0,0.105,74842.0,0
B0386,structural_decline,26,12795.0,11021.0,2930.0,0.105,74842.0,0
B0386,structural_decline,27,12504.0,11097.0,2930.0,0.105,74842.0,0
B0386,structural_decline,28,12106.0,10707.0,2930.0,0.105,74842.0,0
B0386,structural_decline,29,12103.0,10395.0,2930.0,0.105,74842.0,0
B0386,structural_decline,30,12032.0,10790.0,2930.0,0.105,74842.0,0
B0386,structural_decline,31,11655.0,10681.0,2930.0,0.105,74842.0,0
B0386,structural_decline,32,11316.0,10449.0,2930.0,0.105,74842.0,0
B0386,structural_decline,33,10943.0,10344.0,2930.0,0.105,74842.0,0
B0386,structural_decline,34,10553.0,10169.0,2930.0,0.105,74842.0,0
B0386,structural_decline,35,10451.0,10474.0,2930.0,0.105,74842.0,0
B0386,structural_decline,36,10375.0,10529.0,2930.0,0.105,74842.0,0
B0386,structural_decline,37,9998.0,10524.0,2930.0,0.105,74842.0,0
B0386,structural_decline,38,9555.0,10672.0,2930.0,0.105,74842.0,0
B0386,structural_decline,39,9078.0,10133.0,2930.0,0.105,74842.0,0
B0387,temporary_stress,0,13977.0,8929.0,2310.0,0.219,51536.0,1
B0387,temporary_stress,1,14076.0,8535.0,2310.0,0.219,51536.0,1
B0387,temporary_stress,2,14451.0,8474.0,2310.0,0.219,51536.0,1
B0387,temporary_stress,3,14471.0,8495.0,2310.0,0.219,51536.0,1
B0387,temporary_stress,4,14413.0,8419.0,2310.0,0.219,51536.0,1
B0387,temporary_stress,5,14128.0,8531.0,2310.0,0.219,51536.0,1
B0387,temporary_stress,6,14073.0,8856.0,2310.0,0.219,51536.0,1
B0387,temporary_stress,7,14406.0,8899.0,2310.0,0.219,51536.0,1
B0387,temporary_stress,8,14535.0,8336.0,2310.0,0.219,51536.0,1
B0387,temporary_stress,9,14775.0,8329.0,2310.0,0.219,51536.0,1
B0387,temporary_stress,10,14642.0,8547.0,2310.0,0.219,51536.0,1
B0387,temporary_stress,11,6988.0,8548.0,2310.0,0.219,51536.0,0
B0387,temporary_stress,12,6924.0,8769.0,2310.0,0.219,51536.0,0
B0387,temporary_stress,13,6863.0,8822.0,2310.0,0.219,51536.0,0
B0387,temporary_stress,14,6715.0,8623.0,2310.0,0.219,51536.0,0
B0387,temporary_stress,15,6677.0,8869.0,2310.0,0.219,51536.0,0
B0387,temporary_stress,16,8759.0,8907.0,2310.0,0.219,51536.0,0
B0387,temporary_stress,17,9686.0,8839.0,2310.0,0.219,51536.0,0
B0387,temporary_stress,18,10749.0,8580.0,2310.0,0.219,51536.0,0
B0387,temporary_stress,19,12102.0,8495.0,2310.0,0.219,51536.0,1
B0387,temporary_stress,20,13240.0,8875.0,2310.0,0.219,51536.0,1
B0387,temporary_stress,21,14285.0,8859.0,2310.0,0.219,51536.0,1
B0387,temporary_stress,22,14344.0,8912.0,2310.0,0.219,51536.0,1
B0387,temporary_stress,23,14568.0,8859.0,2310.0,0.219,51536.0,1
B0387,temporary_stress,24,14608.0,8830.0,2310.0,0.219,51536.0,1
B0387,temporary_stress,25,14566.0,8633.0,2310.0,0.219,51536.0,1
B0387,temporary_stress,26,14634.0,8658.0,2310.0,0.219,51536.0,1
B0387,temporary_stress,27,14699.0,8859.0,2310.0,0.219,51536.0,1
B0387,temporary_stress,28,14618.0,8699.0,2310.0,0.219,51536.0,1
B0387,temporary_stress,29,14472.0,8666.0,2310.0,0.219,51536.0,1
B0387,temporary_stress,30,14397.0,8720.0,2310.0,0.219,51536.0,1
B0387,temporary_stress,31,14388.0,8743.0,2310.0,0.219,51536.0,1
B0387,temporary_stress,32,14165.0,8630.0,2310.0,0.219,51536.0,1
B0387,temporary_stress,33,14179.0,8463.0,2310.0,0.219,51536.0,1
B0387,temporary_stress,34,14096.0,8517.0,2310.0,0.219,51536.0,1
B0387,temporary_stress,35,14327.0,8974.0,2310.0,0.219,51536.0,1
B0387,temporary_stress,36,14392.0,8748.0,2310.0,0.219,51536.0,1
B0387,temporary_stress,37,14268.0,8729.0,2310.0,0.219,51536.0,1
B0387,temporary_stress,38,14434.0,8761.0,2310.0,0.219,51536.0,1
B0388,stable,0,13621.0,8184.0,2048.0,0.28,37872.0,1
B0388,stable,1,13416.0,8314.0,2048.0,0.28,37872.0,1
B0388,stable,2,13452.0,8401.0,2048.0,0.28,37872.0,1
B0388,stable,3,13350.0,8494.0,2048.0,0.28,37872.0,1
B0388,stable,4,13177.0,8594.0,2048.0,0.28,37872.0,1
B0388,stable,5,13199.0,8491.0,2048.0,0.28,37872.0,1
B0388,stable,6,12785.0,7925.0,2048.0,0.28,37872.0,1
B0388,stable,7,12620.0,7654.0,2048.0,0.28,37872.0,1
B0388,stable,8,12865.0,7912.0,2048.0,0.28,37872.0,1
B0388,stable,9,13007.0,7889.0,2048.0,0.28,37872.0,1
B0388,stable,10,13163.0,7784.0,2048.0,0.28,37872.0,1
B0388,stable,11,13122.0,7920.0,2048.0,0.28,37872.0,1
B0388,stable,12,13103.0,7993.0,2048.0,0.28,37872.0,1
B0388,stable,13,13388.0,8118.0,2048.0,0.28,37872.0,1
B0388,stable,14,13615.0,8182.0,2048.0,0.28,37872.0,1
B0388,stable,15,13703.0,8244.0,2048.0,0.28,37872.0,1
B0388,stable,16,13727.0,8402.0,2048.0,0.28,37872.0,1
B0388,stable,17,13656.0,8526.0,2048.0,0.28,37872.0,1
B0388,stable,18,13690.0,8610.0,2048.0,0.28,37872.0,1
B0388,stable,19,13888.0,8621.0,2048.0,0.28,37872.0,1
B0388,stable,20,13907.0,8459.0,2048.0,0.28,37872.0,1
B0388,stable,21,13895.0,8515.0,2048.0,0.28,37872.0,1
B0388,stable,22,13807.0,8679.0,2048.0,0.28,37872.0,1
B0388,stable,23,13741.0,8602.0,2048.0,0.28,37872.0,1
B0388,stable,24,13679.0,8495.0,2048.0,0.28,37872.0,1
B0388,stable,25,13531.0,8629.0,2048.0,0.28,37872.0,1
B0388,stable,26,13457.0,8717.0,2048.0,0.28,37872.0,1
B0388,stable,27,13235.0,8744.0,2048.0,0.28,37872.0,1
B0388,stable,28,13356.0,8677.0,2048.0,0.28,37872.0,1
B0388,stable,29,13325.0,8393.0,2048.0,0.28,37872.0,1
B0388,stable,30,13333.0,8069.0,2048.0,0.28,37872.0,1
B0388,stable,31,13663.0,7797.0,2048.0,0.28,37872.0,1
B0388,stable,32,13635.0,8278.0,2048.0,0.28,37872.0,1
B0388,stable,33,13567.0,8428.0,2048.0,0.28,37872.0,1
B0388,stable,34,13819.0,8453.0,2048.0,0.28,37872.0,1
B0388,stable,35,14148.0,8519.0,2048.0,0.28,37872.0,1
B0388,stable,36,14196.0,8314.0,2048.0,0.28,37872.0,1
B0388,stable,37,14032.0,8165.0,2048.0,0.28,37872.0,1
B0388,stable,38,14097.0,8413.0,2048.0,0.28,37872.0,1
B0388,stable,39,14047.0,8406.0,2048.0,0.28,37872.0,1
B0388,stable,40,13940.0,8468.0,2048.0,0.28,37872.0,1
B0388,stable,41,13857.0,8520.0,2048.0,0.28,37872.0,1
B0389,temporary_stress,0,19432.0,12868.0,2233.0,0.187,77694.0,1
B0389,temporary_stress,1,19569.0,12782.0,2233.0,0.187,77694.0,1
B0389,temporary_stress,2,19427.0,12783.0,2233.0,0.187,77694.0,1
B0389,temporary_stress,3,19169.0,12696.0,2233.0,0.187,77694.0,1
B0389,temporary_stress,4,19381.0,12931.0,2233.0,0.187,77694.0,1
B0389,temporary_stress,5,19539.0,12760.0,2233.0,0.187,77694.0,1
B0389,temporary_stress,6,19877.0,12990.0,2233.0,0.187,77694.0,1
B0389,temporary_stress,7,19732.0,12994.0,2233.0,0.187,77694.0,1
B0389,temporary_stress,8,19451.0,12910.0,2233.0,0.187,77694.0,1
B0389,temporary_stress,9,8535.0,12770.0,2233.0,0.187,77694.0,0
B0389,temporary_stress,10,8403.0,12465.0,2233.0,0.187,77694.0,0
B0389,temporary_stress,11,8284.0,12868.0,2233.0,0.187,77694.0,0
B0389,temporary_stress,12,8310.0,13080.0,2233.0,0.187,77694.0,0
B0389,temporary_stress,13,8415.0,13131.0,2233.0,0.187,77694.0,0
B0389,temporary_stress,14,8387.0,12540.0,2233.0,0.187,77694.0,0
B0389,temporary_stress,15,10536.0,12538.0,2233.0,0.187,77694.0,0
B0389,temporary_stress,16,11764.0,12616.0,2233.0,0.187,77694.0,0
B0389,temporary_stress,17,12961.0,12316.0,2233.0,0.187,77694.0,0
B0389,temporary_stress,18,14284.0,12337.0,2233.0,0.187,77694.0,0
B0389,temporary_stress,19,15852.0,12676.0,2233.0,0.187,77694.0,1
B0389,temporary_stress,20,16972.0,12892.0,2233.0,0.187,77694.0,1
B0389,temporary_stress,21,18442.0,12915.0,2233.0,0.187,77694.0,1
B0389,temporary_stress,22,20095.0,13234.0,2233.0,0.187,77694.0,1
B0389,temporary_stress,23,19871.0,12940.0,2233.0,0.187,77694.0,1
B0389,temporary_stress,24,19721.0,12518.0,2233.0,0.187,77694.0,1
B0389,temporary_stress,25,19586.0,12231.0,2233.0,0.187,77694.0,1
B0389,temporary_stress,26,19517.0,12507.0,2233.0,0.187,77694.0,1
B0389,temporary_stress,27,19431.0,12555.0,2233.0,0.187,77694.0,1
B0389,temporary_stress,28,19249.0,13089.0,2233.0,0.187,77694.0,1
B0389,temporary_stress,29,19137.0,13381.0,2233.0,0.187,77694.0,1
B0389,temporary_stress,30,18725.0,13120.0,2233.0,0.187,77694.0,1
B0389,temporary_stress,31,18873.0,12805.0,2233.0,0.187,77694.0,1
B0389,temporary_stress,32,19043.0,12684.0,2233.0,0.187,77694.0,1
B0389,temporary_stress,33,19204.0,12929.0,2233.0,0.187,77694.0,1
B0389,temporary_stress,34,19282.0,13031.0,2233.0,0.187,77694.0,1
B0389,temporary_stress,35,19334.0,13018.0,2233.0,0.187,77694.0,1
B0389,temporary_stress,36,19495.0,12616.0,2233.0,0.187,77694.0,1
B0389,temporary_stress,37,19634.0,12154.0,2233.0,0.187,77694.0,1
B0389,temporary_stress,38,19898.0,12349.0,2233.0,0.187,77694.0,1
B0390,temporary_stress,0,16712.0,8516.0,3765.0,0.282,60812.0,1
B0390,temporary_stress,1,16522.0,8530.0,3765.0,0.282,60812.0,1
B0390,temporary_stress,2,16628.0,8475.0,3765.0,0.282,60812.0,1
B0390,temporary_stress,3,16767.0,8193.0,3765.0,0.282,60812.0,1
B0390,temporary_stress,4,16644.0,8126.0,3765.0,0.282,60812.0,1
B0390,temporary_stress,5,16468.0,8249.0,3765.0,0.282,60812.0,1
B0390,temporary_stress,6,16435.0,8208.0,3765.0,0.282,60812.0,1
B0390,temporary_stress,7,16498.0,8301.0,3765.0,0.282,60812.0,1
B0390,temporary_stress,8,16359.0,8152.0,3765.0,0.282,60812.0,1
B0390,temporary_stress,9,16343.0,7995.0,3765.0,0.282,60812.0,1
B0390,temporary_stress,10,7427.0,8122.0,3765.0,0.282,60812.0,0
B0390,temporary_stress,11,7464.0,8187.0,3765.0,0.282,60812.0,0
B0390,temporary_stress,12,7526.0,8290.0,3765.0,0.282,60812.0,0
B0390,temporary_stress,13,7510.0,8431.0,3765.0,0.282,60812.0,0
B0390,temporary_stress,14,7543.0,8206.0,3765.0,0.282,60812.0,0
B0390,temporary_stress,15,7624.0,8226.0,3765.0,0.282,60812.0,0
B0390,temporary_stress,16,9332.0,8216.0,3765.0,0.282,60812.0,0
B0390,temporary_stress,17,10654.0,8386.0,3765.0,0.282,60812.0,0
B0390,temporary_stress,18,12079.0,8700.0,3765.0,0.282,60812.0,0
B0390,temporary_stress,19,13601.0,8793.0,3765.0,0.282,60812.0,1
B0390,temporary_stress,20,14883.0,8444.0,3765.0,0.282,60812.0,1
B0390,temporary_stress,21,15962.0,8425.0,3765.0,0.282,60812.0,1
B0390,temporary_stress,22,15916.0,8472.0,3765.0,0.282,60812.0,1
B0390,temporary_stress,23,16005.0,8415.0,3765.0,0.282,60812.0,1
B0390,temporary_stress,24,16089.0,8284.0,3765.0,0.282,60812.0,1
B0390,temporary_stress,25,16453.0,8085.0,3765.0,0.282,60812.0,1
B0390,temporary_stress,26,16743.0,8439.0,3765.0,0.282,60812.0,1
B0390,temporary_stress,27,16540.0,8706.0,3765.0,0.282,60812.0,1
B0390,temporary_stress,28,16714.0,8499.0,3765.0,0.282,60812.0,1
B0390,temporary_stress,29,16805.0,8418.0,3765.0,0.282,60812.0,1
B0390,temporary_stress,30,16901.0,8267.0,3765.0,0.282,60812.0,1
B0390,temporary_stress,31,16594.0,8477.0,3765.0,0.282,60812.0,1
B0390,temporary_stress,32,16539.0,8667.0,3765.0,0.282,60812.0,1
B0390,temporary_stress,33,16651.0,8580.0,3765.0,0.282,60812.0,1
B0390,temporary_stress,34,16642.0,8351.0,3765.0,0.282,60812.0,1
B0390,temporary_stress,35,16394.0,8215.0,3765.0,0.282,60812.0,1
B0390,temporary_stress,36,16227.0,8333.0,3765.0,0.282,60812.0,1
B0391,structural_decline,0,17941.0,10953.0,4184.0,0.131,45223.0,1
B0391,structural_decline,1,17805.0,10659.0,4184.0,0.131,45223.0,1
B0391,structural_decline,2,18006.0,10697.0,4184.0,0.131,45223.0,1
B0391,structural_decline,3,17696.0,10933.0,4184.0,0.131,45223.0,1
B0391,structural_decline,4,17552.0,10429.0,4184.0,0.131,45223.0,1
B0391,structural_decline,5,17718.0,10436.0,4184.0,0.131,45223.0,1
B0391,structural_decline,6,17613.0,10682.0,4184.0,0.131,45223.0,1
B0391,structural_decline,7,17988.0,10507.0,4184.0,0.131,45223.0,1
B0391,structural_decline,8,18037.0,10492.0,4184.0,0.131,45223.0,1
B0391,structural_decline,9,17790.0,10473.0,4184.0,0.131,45223.0,1
B0391,structural_decline,10,17826.0,10876.0,4184.0,0.131,45223.0,1
B0391,structural_decline,11,18031.0,10904.0,4184.0,0.131,45223.0,1
B0391,structural_decline,12,18129.0,10333.0,4184.0,0.131,45223.0,1
B0391,structural_decline,13,18073.0,10147.0,4184.0,0.131,45223.0,1
B0391,structural_decline,14,17867.0,10322.0,4184.0,0.131,45223.0,1
B0391,structural_decline,15,17593.0,10330.0,4184.0,0.131,45223.0,1
B0391,structural_decline,16,17811.0,10494.0,4184.0,0.131,45223.0,1
B0391,structural_decline,17,17819.0,10689.0,4184.0,0.131,45223.0,1
B0391,structural_decline,18,17811.0,10820.0,4184.0,0.131,45223.0,1
B0391,structural_decline,19,18034.0,11124.0,4184.0,0.131,45223.0,1
B0391,structural_decline,20,17830.0,11209.0,4184.0,0.131,45223.0,1
B0391,structural_decline,21,17470.0,11354.0,4184.0,0.131,45223.0,1
B0391,structural_decline,22,17247.0,11170.0,4184.0,0.131,45223.0,1
B0391,structural_decline,23,16845.0,10880.0,4184.0,0.131,45223.0,1
B0391,structural_decline,24,16556.0,10886.0,4184.0,0.131,45223.0,1
B0391,structural_decline,25,16362.0,10969.0,4184.0,0.131,45223.0,1
B0391,structural_decline,26,16041.0,10770.0,4184.0,0.131,45223.0,1
B0391,structural_decline,27,15919.0,11019.0,4184.0,0.131,45223.0,1
B0391,structural_decline,28,15535.0,11337.0,4184.0,0.131,45223.0,1
B0391,structural_decline,29,14922.0,11220.0,4184.0,0.131,45223.0,0
B0391,structural_decline,30,14788.0,10662.0,4184.0,0.131,45223.0,0
B0391,structural_decline,31,14493.0,10396.0,4184.0,0.131,45223.0,0
B0391,structural_decline,32,14304.0,10230.0,4184.0,0.131,45223.0,0
B0391,structural_decline,33,14086.0,10805.0,4184.0,0.131,45223.0,0
B0391,structural_decline,34,13939.0,10986.0,4184.0,0.131,45223.0,0
B0391,structural_decline,35,13639.0,10680.0,4184.0,0.131,45223.0,0
B0391,structural_decline,36,13193.0,11103.0,4184.0,0.131,45223.0,0
B0392,structural_decline,0,19201.0,9179.0,3548.0,0.285,81967.0,1
B0392,structural_decline,1,19182.0,9297.0,3548.0,0.285,81967.0,1
B0392,structural_decline,2,19192.0,9338.0,3548.0,0.285,81967.0,1
B0392,structural_decline,3,19483.0,9748.0,3548.0,0.285,81967.0,1
B0392,structural_decline,4,19799.0,9662.0,3548.0,0.285,81967.0,1
B0392,structural_decline,5,19566.0,9258.0,3548.0,0.285,81967.0,1
B0392,structural_decline,6,19362.0,9452.0,3548.0,0.285,81967.0,1
B0392,structural_decline,7,19088.0,9440.0,3548.0,0.285,81967.0,1
B0392,structural_decline,8,19156.0,9774.0,3548.0,0.285,81967.0,1
B0392,structural_decline,9,18976.0,9912.0,3548.0,0.285,81967.0,1
B0392,structural_decline,10,18658.0,9785.0,3548.0,0.285,81967.0,1
B0392,structural_decline,11,18779.0,9860.0,3548.0,0.285,81967.0,1
B0392,structural_decline,12,18492.0,9668.0,3548.0,0.285,81967.0,1
B0392,structural_decline,13,17797.0,9528.0,3548.0,0.285,81967.0,1
B0392,structural_decline,14,17494.0,9506.0,3548.0,0.285,81967.0,1
B0392,structural_decline,15,17024.0,9369.0,3548.0,0.285,81967.0,1
B0392,structural_decline,16,16793.0,9225.0,3548.0,0.285,81967.0,1
B0392,structural_decline,17,16373.0,9090.0,3548.0,0.285,81967.0,1
B0392,structural_decline,18,16074.0,9320.0,3548.0,0.285,81967.0,1
B0392,structural_decline,19,15846.0,9409.0,3548.0,0.285,81967.0,1
B0392,structural_decline,20,15399.0,9224.0,3548.0,0.285,81967.0,1
B0392,structural_decline,21,15094.0,9338.0,3548.0,0.285,81967.0,1
B0392,structural_decline,22,14856.0,9327.0,3548.0,0.285,81967.0,1
B0392,structural_decline,23,14628.0,9359.0,3548.0,0.285,81967.0,1
B0392,structural_decline,24,14391.0,9456.0,3548.0,0.285,81967.0,1
B0392,structural_decline,25,13968.0,9082.0,3548.0,0.285,81967.0,1
B0392,structural_decline,26,13251.0,9359.0,3548.0,0.285,81967.0,1
B0392,structural_decline,27,13273.0,9792.0,3548.0,0.285,81967.0,0
B0392,structural_decline,28,13094.0,9964.0,3548.0,0.285,81967.0,0
B0392,structural_decline,29,12996.0,10016.0,3548.0,0.285,81967.0,0
B0392,structural_decline,30,12593.0,9774.0,3548.0,0.285,81967.0,0
B0392,structural_decline,31,12259.0,9336.0,3548.0,0.285,81967.0,0
B0393,stable,0,13431.0,9137.0,3018.0,0.242,57366.0,1
B0393,stable,1,13525.0,9263.0,3018.0,0.242,57366.0,1
B0393,stable,2,13711.0,9504.0,3018.0,0.242,57366.0,1
B0393,stable,3,13768.0,9547.0,3018.0,0.242,57366.0,1
B0393,stable,4,13823.0,9487.0,3018.0,0.242,57366.0,1
B0393,stable,5,13636.0,9430.0,3018.0,0.242,57366.0,1
B0393,stable,6,13468.0,9173.0,3018.0,0.242,57366.0,1
B0393,stable,7,13375.0,9363.0,3018.0,0.242,57366.0,1
B0393,stable,8,13383.0,9664.0,3018.0,0.242,57366.0,1
B0393,stable,9,13572.0,9651.0,3018.0,0.242,57366.0,1
B0393,stable,10,13373.0,9307.0,3018.0,0.242,57366.0,1
B0393,stable,11,13209.0,9196.0,3018.0,0.242,57366.0,1
B0393,stable,12,13301.0,9542.0,3018.0,0.242,57366.0,1
B0393,stable,13,13441.0,9774.0,3018.0,0.242,57366.0,1
B0393,stable,14,13504.0,9605.0,3018.0,0.242,57366.0,1
B0393,stable,15,13611.0,9195.0,3018.0,0.242,57366.0,1
B0393,stable,16,13903.0,9170.0,3018.0,0.242,57366.0,1
B0393,stable,17,14245.0,9090.0,3018.0,0.242,57366.0,1
B0393,stable,18,14329.0,9124.0,3018.0,0.242,57366.0,1
B0393,stable,19,14121.0,9022.0,3018.0,0.242,57366.0,1
B0393,stable,20,14300.0,9251.0,3018.0,0.242,57366.0,1
B0393,stable,21,14447.0,9582.0,3018.0,0.242,57366.0,1
B0393,stable,22,14599.0,9520.0,3018.0,0.242,57366.0,1
B0393,stable,23,14630.0,9210.0,3018.0,0.242,57366.0,1
B0393,stable,24,14351.0,9367.0,3018.0,0.242,57366.0,1
B0393,stable,25,14387.0,9637.0,3018.0,0.242,57366.0,1
B0393,stable,26,14199.0,9849.0,3018.0,0.242,57366.0,1
B0393,stable,27,14263.0,9540.0,3018.0,0.242,57366.0,1
B0393,stable,28,14221.0,9241.0,3018.0,0.242,57366.0,1
B0393,stable,29,14214.0,9337.0,3018.0,0.242,57366.0,1
B0393,stable,30,14193.0,9658.0,3018.0,0.242,57366.0,1
B0393,stable,31,14004.0,9670.0,3018.0,0.242,57366.0,1
B0393,stable,32,13823.0,9235.0,3018.0,0.242,57366.0,1
B0393,stable,33,13928.0,9252.0,3018.0,0.242,57366.0,1
B0393,stable,34,14226.0,9349.0,3018.0,0.242,57366.0,1
B0393,stable,35,14453.0,9769.0,3018.0,0.242,57366.0,1
B0393,stable,36,14549.0,9776.0,3018.0,0.242,57366.0,1
B0393,stable,37,14478.0,9655.0,3018.0,0.242,57366.0,1
B0393,stable,38,14558.0,9758.0,3018.0,0.242,57366.0,1
B0393,stable,39,14799.0,9912.0,3018.0,0.242,57366.0,1
B0394,structural_decline,0,12140.0,7260.0,2030.0,0.131,31357.0,1
B0394,structural_decline,1,12177.0,7529.0,2030.0,0.131,31357.0,1
B0394,structural_decline,2,12137.0,7337.0,2030.0,0.131,31357.0,1
B0394,structural_decline,3,12066.0,7456.0,2030.0,0.131,31357.0,1
B0394,structural_decline,4,12017.0,7511.0,2030.0,0.131,31357.0,1
B0394,structural_decline,5,11993.0,7162.0,2030.0,0.131,31357.0,1
B0394,structural_decline,6,12071.0,7126.0,2030.0,0.131,31357.0,1
B0394,structural_decline,7,12213.0,7487.0,2030.0,0.131,31357.0,1
B0394,structural_decline,8,12296.0,7591.0,2030.0,0.131,31357.0,1
B0394,structural_decline,9,12286.0,7746.0,2030.0,0.131,31357.0,1
B0394,structural_decline,10,12071.0,7433.0,2030.0,0.131,31357.0,1
B0394,structural_decline,11,12037.0,7399.0,2030.0,0.131,31357.0,1
B0394,structural_decline,12,11908.0,7431.0,2030.0,0.131,31357.0,1
B0394,structural_decline,13,11864.0,7695.0,2030.0,0.131,31357.0,1
B0394,structural_decline,14,11954.0,7809.0,2030.0,0.131,31357.0,1
B0394,structural_decline,15,12111.0,7435.0,2030.0,0.131,31357.0,1
B0394,structural_decline,16,12008.0,7254.0,2030.0,0.131,31357.0,1
B0394,structural_decline,17,11902.0,7448.0,2030.0,0.131,31357.0,1
B0394,structural_decline,18,11946.0,7417.0,2030.0,0.131,31357.0,1
B0394,structural_decline,19,11821.0,7339.0,2030.0,0.131,31357.0,1
B0394,structural_decline,20,11365.0,7339.0,2030.0,0.131,31357.0,1
B0394,structural_decline,21,11135.0,7305.0,2030.0,0.131,31357.0,1
B0394,structural_decline,22,10946.0,7401.0,2030.0,0.131,31357.0,1
B0394,structural_decline,23,9280.0,7551.0,2030.0,0.131,31357.0,0
B0394,structural_decline,24,8925.0,7545.0,2030.0,0.131,31357.0,0
B0394,structural_decline,25,9935.0,7601.0,2030.0,0.131,31357.0,1
B0394,structural_decline,26,9800.0,7519.0,2030.0,0.131,31357.0,1
B0394,structural_decline,27,9856.0,7701.0,2030.0,0.131,31357.0,1
B0394,structural_decline,28,9651.0,7389.0,2030.0,0.131,31357.0,1
B0394,structural_decline,29,9210.0,7332.0,2030.0,0.131,31357.0,0
B0394,structural_decline,30,8969.0,7516.0,2030.0,0.131,31357.0,0
B0394,structural_decline,31,8909.0,7495.0,2030.0,0.131,31357.0,0
B0394,structural_decline,32,8663.0,7480.0,2030.0,0.131,31357.0,0
B0395,temporary_stress,0,11933.0,7989.0,1371.0,0.227,56718.0,1
B0395,temporary_stress,1,11912.0,8506.0,1371.0,0.227,56718.0,1
B0395,temporary_stress,2,12202.0,8640.0,1371.0,0.227,56718.0,1
B0395,temporary_stress,3,12260.0,8629.0,1371.0,0.227,56718.0,1
B0395,temporary_stress,4,12504.0,9004.0,1371.0,0.227,56718.0,1
B0395,temporary_stress,5,12727.0,8866.0,1371.0,0.227,56718.0,1
B0395,temporary_stress,6,12565.0,8491.0,1371.0,0.227,56718.0,1
B0395,temporary_stress,7,12693.0,8309.0,1371.0,0.227,56718.0,1
B0395,temporary_stress,8,12659.0,8387.0,1371.0,0.227,56718.0,1
B0395,temporary_stress,9,12612.0,8561.0,1371.0,0.227,56718.0,1
B0395,temporary_stress,10,12560.0,8464.0,1371.0,0.227,56718.0,1
B0395,temporary_stress,11,12481.0,8207.0,1371.0,0.227,56718.0,1
B0395,temporary_stress,12,12422.0,8293.0,1371.0,0.227,56718.0,1
B0395,temporary_stress,13,12298.0,8285.0,1371.0,0.227,56718.0,1
B0395,temporary_stress,14,12397.0,8326.0,1371.0,0.227,56718.0,1
B0395,temporary_stress,15,12222.0,7978.0,1371.0,0.227,56718.0,1
B0395,temporary_stress,16,7518.0,7944.0,1371.0,0.227,56718.0,0
B0395,temporary_stress,17,7466.0,8218.0,1371.0,0.227,56718.0,0
B0395,temporary_stress,18,7598.0,8400.0,1371.0,0.227,56718.0,0
B0395,temporary_stress,19,8642.0,8428.0,1371.0,0.227,56718.0,0
B0395,temporary_stress,20,9129.0,8145.0,1371.0,0.227,56718.0,0
B0395,temporary_stress,21,9649.0,8111.0,1371.0,0.227,56718.0,1
B0395,temporary_stress,22,10309.0,8367.0,1371.0,0.227,56718.0,1
B0395,temporary_stress,23,10855.0,8544.0,1371.0,0.227,56718.0,1
B0395,temporary_stress,24,11351.0,8546.0,1371.0,0.227,56718.0,1
B0395,temporary_stress,25,12009.0,8343.0,1371.0,0.227,56718.0,1
B0395,temporary_stress,26,12640.0,8484.0,1371.0,0.227,56718.0,1
B0395,temporary_stress,27,12514.0,8390.0,1371.0,0.227,56718.0,1
B0395,temporary_stress,28,12386.0,8147.0,1371.0,0.227,56718.0,1
B0395,temporary_stress,29,12215.0,8528.0,1371.0,0.227,56718.0,1
B0395,temporary_stress,30,12087.0,8535.0,1371.0,0.227,56718.0,1
B0395,temporary_stress,31,12216.0,8250.0,1371.0,0.227,56718.0,1
B0395,temporary_stress,32,12128.0,8673.0,1371.0,0.227,56718.0,1
B0396,structural_decline,0,9880.0,5585.0,1545.0,0.251,33494.0,1
B0396,structural_decline,1,10163.0,5644.0,1545.0,0.251,33494.0,1
B0396,structural_decline,2,10257.0,5651.0,1545.0,0.251,33494.0,1
B0396,structural_decline,3,10209.0,5628.0,1545.0,0.251,33494.0,1
B0396,structural_decline,4,10199.0,5755.0,1545.0,0.251,33494.0,1
B0396,structural_decline,5,10116.0,5721.0,1545.0,0.251,33494.0,1
B0396,structural_decline,6,10081.0,5659.0,1545.0,0.251,33494.0,1
B0396,structural_decline,7,10071.0,5472.0,1545.0,0.251,33494.0,1
B0396,structural_decline,8,10118.0,5395.0,1545.0,0.251,33494.0,1
B0396,structural_decline,9,10120.0,5412.0,1545.0,0.251,33494.0,1
B0396,structural_decline,10,10239.0,5628.0,1545.0,0.251,33494.0,1
B0396,structural_decline,11,10386.0,5692.0,1545.0,0.251,33494.0,1
B0396,structural_decline,12,10335.0,5762.0,1545.0,0.251,33494.0,1
B0396,structural_decline,13,10206.0,5681.0,1545.0,0.251,33494.0,1
B0396,structural_decline,14,10300.0,5621.0,1545.0,0.251,33494.0,1
B0396,structural_decline,15,10187.0,5499.0,1545.0,0.251,33494.0,1
B0396,structural_decline,16,9884.0,5422.0,1545.0,0.251,33494.0,1
B0396,structural_decline,17,9426.0,5341.0,1545.0,0.251,33494.0,1
B0396,structural_decline,18,9118.0,5284.0,1545.0,0.251,33494.0,1
B0396,structural_decline,19,9045.0,5412.0,1545.0,0.251,33494.0,1
B0396,structural_decline,20,8817.0,5535.0,1545.0,0.251,33494.0,1
B0396,structural_decline,21,8620.0,5692.0,1545.0,0.251,33494.0,1
B0396,structural_decline,22,8499.0,5649.0,1545.0,0.251,33494.0,1
B0396,structural_decline,23,8243.0,5410.0,1545.0,0.251,33494.0,1
B0396,structural_decline,24,8054.0,5512.0,1545.0,0.251,33494.0,1
B0396,structural_decline,25,7838.0,5486.0,1545.0,0.251,33494.0,1
B0396,structural_decline,26,7617.0,5492.0,1545.0,0.251,33494.0,1
B0396,structural_decline,27,7477.0,5404.0,1545.0,0.251,33494.0,1
B0396,structural_decline,28,7249.0,5291.0,1545.0,0.251,33494.0,1
B0396,structural_decline,29,7124.0,5399.0,1545.0,0.251,33494.0,1
B0396,structural_decline,30,6976.0,5688.0,1545.0,0.251,33494.0,0
B0396,structural_decline,31,6752.0,5775.0,1545.0,0.251,33494.0,0
B0396,structural_decline,32,6626.0,5814.0,1545.0,0.251,33494.0,0
B0396,structural_decline,33,6444.0,5701.0,1545.0,0.251,33494.0,0
B0396,structural_decline,34,6258.0,5457.0,1545.0,0.251,33494.0,0
B0396,structural_decline,35,6229.0,5414.0,1545.0,0.251,33494.0,0
B0396,structural_decline,36,6139.0,5434.0,1545.0,0.251,33494.0,0
B0396,structural_decline,37,5939.0,5450.0,1545.0,0.251,33494.0,0
B0396,structural_decline,38,5746.0,5341.0,1545.0,0.251,33494.0,0
B0396,structural_decline,39,5625.0,5493.0,1545.0,0.251,33494.0,0
B0396,structural_decline,40,5484.0,5506.0,1545.0,0.251,33494.0,0
B0397,structural_decline,0,13501.0,6261.0,3035.0,0.243,66460.0,1
B0397,structural_decline,1,13601.0,6270.0,3035.0,0.243,66460.0,1
B0397,structural_decline,2,13181.0,6637.0,3035.0,0.243,66460.0,1
B0397,structural_decline,3,13232.0,6673.0,3035.0,0.243,66460.0,1
B0397,structural_decline,4,13407.0,6610.0,3035.0,0.243,66460.0,1
B0397,structural_decline,5,13482.0,6807.0,3035.0,0.243,66460.0,1
B0397,structural_decline,6,13445.0,6515.0,3035.0,0.243,66460.0,1
B0397,structural_decline,7,13372.0,6268.0,3035.0,0.243,66460.0,1
B0397,structural_decline,8,13497.0,6666.0,3035.0,0.243,66460.0,1
B0397,structural_decline,9,13559.0,6663.0,3035.0,0.243,66460.0,1
B0397,structural_decline,10,13214.0,6517.0,3035.0,0.243,66460.0,1
B0397,structural_decline,11,13038.0,6470.0,3035.0,0.243,66460.0,1
B0397,structural_decline,12,12805.0,6586.0,3035.0,0.243,66460.0,1
B0397,structural_decline,13,12697.0,6630.0,3035.0,0.243,66460.0,1
B0397,structural_decline,14,12456.0,6516.0,3035.0,0.243,66460.0,1
B0397,structural_decline,15,12370.0,6492.0,3035.0,0.243,66460.0,1
B0397,structural_decline,16,11960.0,6624.0,3035.0,0.243,66460.0,1
B0397,structural_decline,17,11925.0,6348.0,3035.0,0.243,66460.0,1
B0397,structural_decline,18,12086.0,6556.0,3035.0,0.243,66460.0,1
B0397,structural_decline,19,11804.0,6655.0,3035.0,0.243,66460.0,1
B0397,structural_decline,20,11613.0,6487.0,3035.0,0.243,66460.0,1
B0397,structural_decline,21,11682.0,6300.0,3035.0,0.243,66460.0,1
B0397,structural_decline,22,11567.0,6433.0,3035.0,0.243,66460.0,1
B0397,structural_decline,23,11224.0,6606.0,3035.0,0.243,66460.0,1
B0397,structural_decline,24,10926.0,6487.0,3035.0,0.243,66460.0,1
B0397,structural_decline,25,10773.0,6455.0,3035.0,0.243,66460.0,1
B0397,structural_decline,26,10596.0,6535.0,3035.0,0.243,66460.0,1
B0397,structural_decline,27,10580.0,6431.0,3035.0,0.243,66460.0,1
B0397,structural_decline,28,8420.0,6288.0,3035.0,0.243,66460.0,0
B0397,structural_decline,29,8366.0,6146.0,3035.0,0.243,66460.0,0
B0397,structural_decline,30,8263.0,6383.0,3035.0,0.243,66460.0,0
B0397,structural_decline,31,10172.0,6455.0,3035.0,0.243,66460.0,1
B0397,structural_decline,32,10065.0,6397.0,3035.0,0.243,66460.0,1
B0397,structural_decline,33,9937.0,6311.0,3035.0,0.243,66460.0,1
B0397,structural_decline,34,9749.0,6125.0,3035.0,0.243,66460.0,1
B0397,structural_decline,35,9496.0,6386.0,3035.0,0.243,66460.0,1
B0397,structural_decline,36,9446.0,6511.0,3035.0,0.243,66460.0,0
B0397,structural_decline,37,9219.0,6433.0,3035.0,0.243,66460.0,0
B0397,structural_decline,38,9310.0,6772.0,3035.0,0.243,66460.0,0
B0397,structural_decline,39,9333.0,7196.0,3035.0,0.243,66460.0,0
B0397,structural_decline,40,9051.0,7218.0,3035.0,0.243,66460.0,0
B0398,temporary_stress,0,17891.0,12467.0,3314.0,0.092,73839.0,1
B0398,temporary_stress,1,17826.0,12930.0,3314.0,0.092,73839.0,1
B0398,temporary_stress,2,18182.0,12779.0,3314.0,0.092,73839.0,1
B0398,temporary_stress,3,18305.0,12180.0,3314.0,0.092,73839.0,1
B0398,temporary_stress,4,17872.0,12476.0,3314.0,0.092,73839.0,1
B0398,temporary_stress,5,17958.0,12937.0,3314.0,0.092,73839.0,1
B0398,temporary_stress,6,18004.0,12878.0,3314.0,0.092,73839.0,1
B0398,temporary_stress,7,17987.0,13205.0,3314.0,0.092,73839.0,1
B0398,temporary_stress,8,17834.0,13339.0,3314.0,0.092,73839.0,1
B0398,temporary_stress,9,17615.0,13185.0,3314.0,0.092,73839.0,1
B0398,temporary_stress,10,17783.0,13245.0,3314.0,0.092,73839.0,1
B0398,temporary_stress,11,17810.0,13036.0,3314.0,0.092,73839.0,1
B0398,temporary_stress,12,17600.0,13099.0,3314.0,0.092,73839.0,1
B0398,temporary_stress,13,17068.0,13090.0,3314.0,0.092,73839.0,1
B0398,temporary_stress,14,16861.0,12962.0,3314.0,0.092,73839.0,1
B0398,temporary_stress,15,17570.0,12629.0,3314.0,0.092,73839.0,1
B0398,temporary_stress,16,17961.0,12524.0,3314.0,0.092,73839.0,1
B0398,temporary_stress,17,18228.0,12949.0,3314.0,0.092,73839.0,1
B0398,temporary_stress,18,18400.0,13049.0,3314.0,0.092,73839.0,1
B0398,temporary_stress,19,18195.0,12493.0,3314.0,0.092,73839.0,1
B0398,temporary_stress,20,18073.0,12099.0,3314.0,0.092,73839.0,1
B0398,temporary_stress,21,18247.0,12202.0,3314.0,0.092,73839.0,1
B0398,temporary_stress,22,11426.0,12386.0,3314.0,0.092,73839.0,0
B0398,temporary_stress,23,11243.0,12624.0,3314.0,0.092,73839.0,0
B0398,temporary_stress,24,11287.0,12802.0,3314.0,0.092,73839.0,0
B0398,temporary_stress,25,11197.0,12951.0,3314.0,0.092,73839.0,0
B0398,temporary_stress,26,10870.0,12872.0,3314.0,0.092,73839.0,0
B0398,temporary_stress,27,11581.0,13012.0,3314.0,0.092,73839.0,0
B0398,temporary_stress,28,12467.0,13237.0,3314.0,0.092,73839.0,0
B0398,temporary_stress,29,13403.0,13077.0,3314.0,0.092,73839.0,0
B0398,temporary_stress,30,14715.0,12738.0,3314.0,0.092,73839.0,0
B0398,temporary_stress,31,15764.0,12715.0,3314.0,0.092,73839.0,0
B0398,temporary_stress,32,16769.0,12630.0,3314.0,0.092,73839.0,1
B0398,temporary_stress,33,17591.0,12531.0,3314.0,0.092,73839.0,1
B0398,temporary_stress,34,17834.0,12948.0,3314.0,0.092,73839.0,1
B0398,temporary_stress,35,18247.0,13274.0,3314.0,0.092,73839.0,1
B0398,temporary_stress,36,18426.0,12775.0,3314.0,0.092,73839.0,1
B0398,temporary_stress,37,18408.0,12266.0,3314.0,0.092,73839.0,1
B0398,temporary_stress,38,18406.0,12430.0,3314.0,0.092,73839.0,1
B0398,temporary_stress,39,18277.0,12862.0,3314.0,0.092,73839.0,1
B0398,temporary_stress,40,18033.0,13125.0,3314.0,0.092,73839.0,1
B0399,stable,0,13692.0,6964.0,1824.0,0.152,51766.0,1
B0399,stable,1,13994.0,6986.0,1824.0,0.152,51766.0,1
B0399,stable,2,13813.0,6843.0,1824.0,0.152,51766.0,1
B0399,stable,3,13595.0,6742.0,1824.0,0.152,51766.0,1
B0399,stable,4,13792.0,6649.0,1824.0,0.152,51766.0,1
B0399,stable,5,14129.0,6689.0,1824.0,0.152,51766.0,1
B0399,stable,6,14234.0,6813.0,1824.0,0.152,51766.0,1
B0399,stable,7,13994.0,6984.0,1824.0,0.152,51766.0,1
B0399,stable,8,13817.0,6944.0,1824.0,0.152,51766.0,1
B0399,stable,9,13715.0,6795.0,1824.0,0.152,51766.0,1
B0399,stable,10,13740.0,6633.0,1824.0,0.152,51766.0,1
B0399,stable,11,13676.0,6807.0,1824.0,0.152,51766.0,1
B0399,stable,12,13621.0,6792.0,1824.0,0.152,51766.0,1
B0399,stable,13,13598.0,6953.0,1824.0,0.152,51766.0,1
B0399,stable,14,13699.0,7075.0,1824.0,0.152,51766.0,1
B0399,stable,15,13700.0,7172.0,1824.0,0.152,51766.0,1
B0399,stable,16,13601.0,7259.0,1824.0,0.152,51766.0,1
B0399,stable,17,13601.0,7173.0,1824.0,0.152,51766.0,1
B0399,stable,18,13383.0,7100.0,1824.0,0.152,51766.0,1
B0399,stable,19,13564.0,7058.0,1824.0,0.152,51766.0,1
B0399,stable,20,13724.0,6905.0,1824.0,0.152,51766.0,1
B0399,stable,21,13896.0,6912.0,1824.0,0.152,51766.0,1
B0399,stable,22,14276.0,7038.0,1824.0,0.152,51766.0,1
B0399,stable,23,14227.0,7195.0,1824.0,0.152,51766.0,1
B0399,stable,24,14539.0,7163.0,1824.0,0.152,51766.0,1
B0399,stable,25,14477.0,6980.0,1824.0,0.152,51766.0,1
B0399,stable,26,14237.0,7036.0,1824.0,0.152,51766.0,1
B0399,stable,27,14029.0,7224.0,1824.0,0.152,51766.0,1
B0399,stable,28,14015.0,7379.0,1824.0,0.152,51766.0,1
B0399,stable,29,13873.0,7298.0,1824.0,0.152,51766.0,1
B0399,stable,30,13673.0,6878.0,1824.0,0.152,51766.0,1
B0399,stable,31,13853.0,6981.0,1824.0,0.152,51766.0,1
B0400,temporary_stress,0,12849.0,9648.0,2702.0,0.137,44720.0,1
B0400,temporary_stress,1,12759.0,9916.0,2702.0,0.137,44720.0,1
B0400,temporary_stress,2,12794.0,9852.0,2702.0,0.137,44720.0,1
B0400,temporary_stress,3,12674.0,9675.0,2702.0,0.137,44720.0,1
B0400,temporary_stress,4,12776.0,9608.0,2702.0,0.137,44720.0,1
B0400,temporary_stress,5,12801.0,9748.0,2702.0,0.137,44720.0,1
B0400,temporary_stress,6,12905.0,9771.0,2702.0,0.137,44720.0,1
B0400,temporary_stress,7,12890.0,9554.0,2702.0,0.137,44720.0,1
B0400,temporary_stress,8,6403.0,9432.0,2702.0,0.137,44720.0,0
B0400,temporary_stress,9,6436.0,9359.0,2702.0,0.137,44720.0,0
B0400,temporary_stress,10,6481.0,9561.0,2702.0,0.137,44720.0,0
B0400,temporary_stress,11,6524.0,9685.0,2702.0,0.137,44720.0,0
B0400,temporary_stress,12,6499.0,9514.0,2702.0,0.137,44720.0,0
B0400,temporary_stress,13,8425.0,9338.0,2702.0,0.137,44720.0,0
B0400,temporary_stress,14,9293.0,9523.0,2702.0,0.137,44720.0,0
B0400,temporary_stress,15,10132.0,9585.0,2702.0,0.137,44720.0,0
B0400,temporary_stress,16,10968.0,9551.0,2702.0,0.137,44720.0,0
B0400,temporary_stress,17,11803.0,9712.0,2702.0,0.137,44720.0,0
B0400,temporary_stress,18,12421.0,9306.0,2702.0,0.137,44720.0,1
B0400,temporary_stress,19,12736.0,9083.0,2702.0,0.137,44720.0,1
B0400,temporary_stress,20,12806.0,9099.0,2702.0,0.137,44720.0,1
B0400,temporary_stress,21,12921.0,9148.0,2702.0,0.137,44720.0,1
B0400,temporary_stress,22,13004.0,9231.0,2702.0,0.137,44720.0,1
B0400,temporary_stress,23,13046.0,9460.0,2702.0,0.137,44720.0,1
B0400,temporary_stress,24,13019.0,9421.0,2702.0,0.137,44720.0,1
B0400,temporary_stress,25,13153.0,9385.0,2702.0,0.137,44720.0,1
B0400,temporary_stress,26,13424.0,9380.0,2702.0,0.137,44720.0,1
B0400,temporary_stress,27,13397.0,9140.0,2702.0,0.137,44720.0,1
B0400,temporary_stress,28,13324.0,9549.0,2702.0,0.137,44720.0,1
B0400,temporary_stress,29,13151.0,9592.0,2702.0,0.137,44720.0,1
B0400,temporary_stress,30,13146.0,9264.0,2702.0,0.137,44720.0,1
B0400,temporary_stress,31,13326.0,9296.0,2702.0,0.137,44720.0,1
B0401,temporary_stress,0,18460.0,11572.0,2279.0,0.11,91978.0,1
B0401,temporary_stress,1,18842.0,12080.0,2279.0,0.11,91978.0,1
B0401,temporary_stress,2,19206.0,12270.0,2279.0,0.11,91978.0,1
B0401,temporary_stress,3,19060.0,12518.0,2279.0,0.11,91978.0,1
B0401,temporary_stress,4,19362.0,12578.0,2279.0,0.11,91978.0,1
B0401,temporary_stress,5,19316.0,12346.0,2279.0,0.11,91978.0,1
B0401,temporary_stress,6,19000.0,12207.0,2279.0,0.11,91978.0,1
B0401,temporary_stress,7,19185.0,12509.0,2279.0,0.11,91978.0,1
B0401,temporary_stress,8,19049.0,12588.0,2279.0,0.11,91978.0,1
B0401,temporary_stress,9,18798.0,12782.0,2279.0,0.11,91978.0,1
B0401,temporary_stress,10,18671.0,12635.0,2279.0,0.11,91978.0,1
B0401,temporary_stress,11,18957.0,12100.0,2279.0,0.11,91978.0,1
B0401,temporary_stress,12,18870.0,11523.0,2279.0,0.11,91978.0,1
B0401,temporary_stress,13,18613.0,11202.0,2279.0,0.11,91978.0,1
B0401,temporary_stress,14,18187.0,11724.0,2279.0,0.11,91978.0,1
B0401,temporary_stress,15,18096.0,11958.0,2279.0,0.11,91978.0,1
B0401,temporary_stress,16,18278.0,11690.0,2279.0,0.11,91978.0,1
B0401,temporary_stress,17,18679.0,12053.0,2279.0,0.11,91978.0,1
B0401,temporary_stress,18,18898.0,12452.0,2279.0,0.11,91978.0,1
B0401,temporary_stress,19,19174.0,12462.0,2279.0,0.11,91978.0,1
B0401,temporary_stress,20,9002.0,12276.0,2279.0,0.11,91978.0,0
B0401,temporary_stress,21,8987.0,12590.0,2279.0,0.11,91978.0,0
B0401,temporary_stress,22,8945.0,12669.0,2279.0,0.11,91978.0,0
B0401,temporary_stress,23,8787.0,12299.0,2279.0,0.11,91978.0,0
B0401,temporary_stress,24,8731.0,12455.0,2279.0,0.11,91978.0,0
B0401,temporary_stress,25,9550.0,12319.0,2279.0,0.11,91978.0,0
B0401,temporary_stress,26,10656.0,12496.0,2279.0,0.11,91978.0,0
B0401,temporary_stress,27,11807.0,12598.0,2279.0,0.11,91978.0,0
B0401,temporary_stress,28,13337.0,12422.0,2279.0,0.11,91978.0,0
B0401,temporary_stress,29,14860.0,12685.0,2279.0,0.11,91978.0,0
B0401,temporary_stress,30,16106.0,12927.0,2279.0,0.11,91978.0,1
B0401,temporary_stress,31,17288.0,12930.0,2279.0,0.11,91978.0,1
B0401,temporary_stress,32,18518.0,12458.0,2279.0,0.11,91978.0,1
B0401,temporary_stress,33,18439.0,12285.0,2279.0,0.11,91978.0,1
B0401,temporary_stress,34,18455.0,12350.0,2279.0,0.11,91978.0,1
B0401,temporary_stress,35,18666.0,12501.0,2279.0,0.11,91978.0,1
B0401,temporary_stress,36,19082.0,12316.0,2279.0,0.11,91978.0,1
B0401,temporary_stress,37,19396.0,12366.0,2279.0,0.11,91978.0,1
B0402,structural_decline,0,15857.0,8666.0,2338.0,0.159,63532.0,1
B0402,structural_decline,1,15622.0,8476.0,2338.0,0.159,63532.0,1
B0402,structural_decline,2,15834.0,8335.0,2338.0,0.159,63532.0,1
B0402,structural_decline,3,15825.0,8359.0,2338.0,0.159,63532.0,1
B0402,structural_decline,4,16030.0,8262.0,2338.0,0.159,63532.0,1
B0402,structural_decline,5,16098.0,8357.0,2338.0,0.159,63532.0,1
B0402,structural_decline,6,16018.0,8512.0,2338.0,0.159,63532.0,1
B0402,structural_decline,7,15936.0,8372.0,2338.0,0.159,63532.0,1
B0402,structural_decline,8,16111.0,8037.0,2338.0,0.159,63532.0,1
B0402,structural_decline,9,16084.0,8139.0,2338.0,0.159,63532.0,1
B0402,structural_decline,10,16234.0,8069.0,2338.0,0.159,63532.0,1
B0402,structural_decline,11,16058.0,8293.0,2338.0,0.159,63532.0,1
B0402,structural_decline,12,15731.0,8442.0,2338.0,0.159,63532.0,1
B0402,structural_decline,13,15654.0,8446.0,2338.0,0.159,63532.0,1
B0402,structural_decline,14,16031.0,8454.0,2338.0,0.159,63532.0,1
B0402,structural_decline,15,15957.0,8325.0,2338.0,0.159,63532.0,1
B0402,structural_decline,16,16039.0,8278.0,2338.0,0.159,63532.0,1
B0402,structural_decline,17,16097.0,8514.0,2338.0,0.159,63532.0,1
B0402,structural_decline,18,15663.0,8639.0,2338.0,0.159,63532.0,1
B0402,structural_decline,19,15408.0,8503.0,2338.0,0.159,63532.0,1
B0402,structural_decline,20,14754.0,8377.0,2338.0,0.159,63532.0,1
B0402,structural_decline,21,14357.0,8393.0,2338.0,0.159,63532.0,1
B0402,structural_decline,22,12117.0,8405.0,2338.0,0.159,63532.0,1
B0402,structural_decline,23,11760.0,8516.0,2338.0,0.159,63532.0,1
B0402,structural_decline,24,13201.0,8533.0,2338.0,0.159,63532.0,1
B0402,structural_decline,25,13040.0,8519.0,2338.0,0.159,63532.0,1
B0402,structural_decline,26,12847.0,8446.0,2338.0,0.159,63532.0,1
B0402,structural_decline,27,12690.0,8530.0,2338.0,0.159,63532.0,1
B0402,structural_decline,28,12311.0,8267.0,2338.0,0.159,63532.0,1
B0402,structural_decline,29,11939.0,8062.0,2338.0,0.159,63532.0,1
B0402,structural_decline,30,11625.0,8278.0,2338.0,0.159,63532.0,1
B0402,structural_decline,31,11564.0,8371.0,2338.0,0.159,63532.0,1
B0403,temporary_stress,0,12694.0,7164.0,2934.0,0.248,35959.0,1
B0403,temporary_stress,1,12603.0,6826.0,2934.0,0.248,35959.0,1
B0403,temporary_stress,2,12617.0,6675.0,2934.0,0.248,35959.0,1
B0403,temporary_stress,3,12612.0,6802.0,2934.0,0.248,35959.0,1
B0403,temporary_stress,4,12529.0,6925.0,2934.0,0.248,35959.0,1
B0403,temporary_stress,5,12382.0,6824.0,2934.0,0.248,35959.0,1
B0403,temporary_stress,6,12227.0,6934.0,2934.0,0.248,35959.0,1
B0403,temporary_stress,7,12646.0,6770.0,2934.0,0.248,35959.0,1
B0403,temporary_stress,8,12690.0,6678.0,2934.0,0.248,35959.0,1
B0403,temporary_stress,9,12537.0,6736.0,2934.0,0.248,35959.0,1
B0403,temporary_stress,10,12603.0,7140.0,2934.0,0.248,35959.0,1
B0403,temporary_stress,11,12813.0,7189.0,2934.0,0.248,35959.0,1
B0403,temporary_stress,12,12826.0,7004.0,2934.0,0.248,35959.0,1
B0403,temporary_stress,13,12904.0,7023.0,2934.0,0.248,35959.0,1
B0403,temporary_stress,14,12607.0,7118.0,2934.0,0.248,35959.0,1
B0403,temporary_stress,15,12611.0,6879.0,2934.0,0.248,35959.0,1
B0403,temporary_stress,16,12422.0,6758.0,2934.0,0.248,35959.0,1
B0403,temporary_stress,17,12355.0,6764.0,2934.0,0.248,35959.0,1
B0403,temporary_stress,18,6365.0,6931.0,2934.0,0.248,35959.0,0
B0403,temporary_stress,19,6398.0,7058.0,2934.0,0.248,35959.0,0
B0403,temporary_stress,20,6396.0,6959.0,2934.0,0.248,35959.0,0
B0403,temporary_stress,21,8060.0,6978.0,2934.0,0.248,35959.0,0
B0403,temporary_stress,22,9110.0,6784.0,2934.0,0.248,35959.0,0
B0403,temporary_stress,23,10350.0,6683.0,2934.0,0.248,35959.0,1
B0403,temporary_stress,24,11518.0,6864.0,2934.0,0.248,35959.0,1
B0403,temporary_stress,25,12568.0,6757.0,2934.0,0.248,35959.0,1
B0403,temporary_stress,26,12582.0,6802.0,2934.0,0.248,35959.0,1
B0403,temporary_stress,27,12555.0,6793.0,2934.0,0.248,35959.0,1
B0403,temporary_stress,28,12542.0,6776.0,2934.0,0.248,35959.0,1
B0403,temporary_stress,29,12588.0,6841.0,2934.0,0.248,35959.0,1
B0403,temporary_stress,30,12742.0,6915.0,2934.0,0.248,35959.0,1
B0403,temporary_stress,31,12965.0,7039.0,2934.0,0.248,35959.0,1
B0403,temporary_stress,32,12797.0,7092.0,2934.0,0.248,35959.0,1
B0403,temporary_stress,33,12755.0,6914.0,2934.0,0.248,35959.0,1
B0403,temporary_stress,34,12592.0,7178.0,2934.0,0.248,35959.0,1
B0404,stable,0,18899.0,9743.0,3283.0,0.274,92528.0,1
B0404,stable,1,18674.0,9909.0,3283.0,0.274,92528.0,1
B0404,stable,2,18821.0,9524.0,3283.0,0.274,92528.0,1
B0404,stable,3,18686.0,9449.0,3283.0,0.274,92528.0,1
B0404,stable,4,18560.0,9417.0,3283.0,0.274,92528.0,1
B0404,stable,5,18713.0,9695.0,3283.0,0.274,92528.0,1
B0404,stable,6,19000.0,9726.0,3283.0,0.274,92528.0,1
B0404,stable,7,19448.0,9976.0,3283.0,0.274,92528.0,1
B0404,stable,8,19696.0,9734.0,3283.0,0.274,92528.0,1
B0404,stable,9,19602.0,9821.0,3283.0,0.274,92528.0,1
B0404,stable,10,19624.0,9988.0,3283.0,0.274,92528.0,1
B0404,stable,11,19546.0,9980.0,3283.0,0.274,92528.0,1
B0404,stable,12,19622.0,10083.0,3283.0,0.274,92528.0,1
B0404,stable,13,20184.0,10062.0,3283.0,0.274,92528.0,1
B0404,stable,14,20230.0,10234.0,3283.0,0.274,92528.0,1
B0404,stable,15,19665.0,10273.0,3283.0,0.274,92528.0,1
B0404,stable,16,19330.0,10081.0,3283.0,0.274,92528.0,1
B0404,stable,17,19422.0,9781.0,3283.0,0.274,92528.0,1
B0404,stable,18,19272.0,9779.0,3283.0,0.274,92528.0,1
B0404,stable,19,19217.0,10145.0,3283.0,0.274,92528.0,1
B0404,stable,20,19433.0,10112.0,3283.0,0.274,92528.0,1
B0404,stable,21,19678.0,9989.0,3283.0,0.274,92528.0,1
B0404,stable,22,19539.0,10356.0,3283.0,0.274,92528.0,1
B0404,stable,23,19535.0,10154.0,3283.0,0.274,92528.0,1
B0404,stable,24,19459.0,9974.0,3283.0,0.274,92528.0,1
B0404,stable,25,19446.0,10214.0,3283.0,0.274,92528.0,1
B0404,stable,26,19734.0,10162.0,3283.0,0.274,92528.0,1
B0404,stable,27,20028.0,10187.0,3283.0,0.274,92528.0,1
B0404,stable,28,20220.0,9971.0,3283.0,0.274,92528.0,1
B0404,stable,29,20579.0,10037.0,3283.0,0.274,92528.0,1
B0404,stable,30,20776.0,10093.0,3283.0,0.274,92528.0,1
B0404,stable,31,20656.0,9896.0,3283.0,0.274,92528.0,1
B0404,stable,32,20984.0,9824.0,3283.0,0.274,92528.0,1
B0404,stable,33,20748.0,10020.0,3283.0,0.274,92528.0,1
B0404,stable,34,20880.0,9839.0,3283.0,0.274,92528.0,1
B0404,stable,35,20765.0,9640.0,3283.0,0.274,92528.0,1
B0404,stable,36,20924.0,9675.0,3283.0,0.274,92528.0,1
B0404,stable,37,20919.0,9636.0,3283.0,0.274,92528.0,1
B0404,stable,38,20474.0,10019.0,3283.0,0.274,92528.0,1
B0404,stable,39,20220.0,10029.0,3283.0,0.274,92528.0,1
B0404,stable,40,20073.0,9746.0,3283.0,0.274,92528.0,1
B0405,stable,0,15986.0,11593.0,3681.0,0.127,66526.0,1
B0405,stable,1,16424.0,11326.0,3681.0,0.127,66526.0,1
B0405,stable,2,16451.0,11698.0,3681.0,0.127,66526.0,1
B0405,stable,3,16711.0,11342.0,3681.0,0.127,66526.0,1
B0405,stable,4,16919.0,11241.0,3681.0,0.127,66526.0,1
B0405,stable,5,17069.0,11281.0,3681.0,0.127,66526.0,1
B0405,stable,6,17226.0,11443.0,3681.0,0.127,66526.0,1
B0405,stable,7,17159.0,11459.0,3681.0,0.127,66526.0,1
B0405,stable,8,17341.0,11364.0,3681.0,0.127,66526.0,1
B0405,stable,9,17308.0,11228.0,3681.0,0.127,66526.0,1
B0405,stable,10,17274.0,11257.0,3681.0,0.127,66526.0,1
B0405,stable,11,17203.0,11557.0,3681.0,0.127,66526.0,1
B0405,stable,12,17147.0,11620.0,3681.0,0.127,66526.0,1
B0405,stable,13,17514.0,11706.0,3681.0,0.127,66526.0,1
B0405,stable,14,17335.0,11733.0,3681.0,0.127,66526.0,1
B0405,stable,15,16946.0,11587.0,3681.0,0.127,66526.0,1
B0405,stable,16,16844.0,11458.0,3681.0,0.127,66526.0,1
B0405,stable,17,16906.0,11663.0,3681.0,0.127,66526.0,1
B0405,stable,18,17196.0,11114.0,3681.0,0.127,66526.0,1
B0405,stable,19,17239.0,10375.0,3681.0,0.127,66526.0,1
B0405,stable,20,17078.0,10409.0,3681.0,0.127,66526.0,1
B0405,stable,21,17651.0,10872.0,3681.0,0.127,66526.0,1
B0405,stable,22,17421.0,11296.0,3681.0,0.127,66526.0,1
B0405,stable,23,17321.0,10878.0,3681.0,0.127,66526.0,1
B0405,stable,24,17374.0,11090.0,3681.0,0.127,66526.0,1
B0405,stable,25,17731.0,11329.0,3681.0,0.127,66526.0,1
B0405,stable,26,17799.0,11090.0,3681.0,0.127,66526.0,1
B0405,stable,27,17926.0,10764.0,3681.0,0.127,66526.0,1
B0405,stable,28,18370.0,10801.0,3681.0,0.127,66526.0,1
B0405,stable,29,18314.0,10501.0,3681.0,0.127,66526.0,1
B0405,stable,30,18549.0,10617.0,3681.0,0.127,66526.0,1
B0405,stable,31,18270.0,10815.0,3681.0,0.127,66526.0,1
B0405,stable,32,17946.0,11259.0,3681.0,0.127,66526.0,1
B0405,stable,33,17586.0,11601.0,3681.0,0.127,66526.0,1
B0405,stable,34,17863.0,11401.0,3681.0,0.127,66526.0,1
B0405,stable,35,17796.0,11412.0,3681.0,0.127,66526.0,1
B0405,stable,36,17527.0,11111.0,3681.0,0.127,66526.0,1
B0406,temporary_stress,0,12392.0,6903.0,2656.0,0.273,59181.0,1
B0406,temporary_stress,1,12288.0,6561.0,2656.0,0.273,59181.0,1
B0406,temporary_stress,2,12208.0,6314.0,2656.0,0.273,59181.0,1
B0406,temporary_stress,3,12277.0,6421.0,2656.0,0.273,59181.0,1
B0406,temporary_stress,4,12187.0,6809.0,2656.0,0.273,59181.0,1
B0406,temporary_stress,5,12059.0,6698.0,2656.0,0.273,59181.0,1
B0406,temporary_stress,6,12225.0,6511.0,2656.0,0.273,59181.0,1
B0406,temporary_stress,7,12421.0,6595.0,2656.0,0.273,59181.0,1
B0406,temporary_stress,8,12249.0,6544.0,2656.0,0.273,59181.0,1
B0406,temporary_stress,9,12178.0,6461.0,2656.0,0.273,59181.0,1
B0406,temporary_stress,10,12180.0,6457.0,2656.0,0.273,59181.0,1
B0406,temporary_stress,11,12432.0,6336.0,2656.0,0.273,59181.0,1
B0406,temporary_stress,12,12450.0,6298.0,2656.0,0.273,59181.0,1
B0406,temporary_stress,13,12357.0,6613.0,2656.0,0.273,59181.0,1
B0406,temporary_stress,14,12378.0,6552.0,2656.0,0.273,59181.0,1
B0406,temporary_stress,15,12255.0,6448.0,2656.0,0.273,59181.0,1
B0406,temporary_stress,16,5850.0,6304.0,2656.0,0.273,59181.0,0
B0406,temporary_stress,17,5911.0,6372.0,2656.0,0.273,59181.0,0
B0406,temporary_stress,18,5905.0,6342.0,2656.0,0.273,59181.0,0
B0406,temporary_stress,19,5909.0,6396.0,2656.0,0.273,59181.0,0
B0406,temporary_stress,20,5899.0,6668.0,2656.0,0.273,59181.0,0
B0406,temporary_stress,21,5880.0,6558.0,2656.0,0.273,59181.0,0
B0406,temporary_stress,22,8190.0,6687.0,2656.0,0.273,59181.0,0
B0406,temporary_stress,23,8873.0,6757.0,2656.0,0.273,59181.0,0
B0406,temporary_stress,24,9586.0,6612.0,2656.0,0.273,59181.0,1
B0406,temporary_stress,25,10231.0,6275.0,2656.0,0.273,59181.0,1
B0406,temporary_stress,26,10889.0,6384.0,2656.0,0.273,59181.0,1
B0406,temporary_stress,27,11610.0,6752.0,2656.0,0.273,59181.0,1
B0406,temporary_stress,28,12127.0,6709.0,2656.0,0.273,59181.0,1
B0406,temporary_stress,29,12433.0,6634.0,2656.0,0.273,59181.0,1
B0406,temporary_stress,30,12252.0,6686.0,2656.0,0.273,59181.0,1
B0406,temporary_stress,31,11941.0,6821.0,2656.0,0.273,59181.0,1
B0406,temporary_stress,32,11999.0,6669.0,2656.0,0.273,59181.0,1
B0407,structural_decline,0,13390.0,6764.0,2790.0,0.103,70030.0,1
B0407,structural_decline,1,13548.0,6704.0,2790.0,0.103,70030.0,1
B0407,structural_decline,2,13652.0,6564.0,2790.0,0.103,70030.0,1
B0407,structural_decline,3,13444.0,6727.0,2790.0,0.103,70030.0,1
B0407,structural_decline,4,13446.0,6599.0,2790.0,0.103,70030.0,1
B0407,structural_decline,5,13573.0,6570.0,2790.0,0.103,70030.0,1
B0407,structural_decline,6,13565.0,6664.0,2790.0,0.103,70030.0,1
B0407,structural_decline,7,13412.0,6676.0,2790.0,0.103,70030.0,1
B0407,structural_decline,8,13390.0,6709.0,2790.0,0.103,70030.0,1
B0407,structural_decline,9,13336.0,6823.0,2790.0,0.103,70030.0,1
B0407,structural_decline,10,13305.0,6679.0,2790.0,0.103,70030.0,1
B0407,structural_decline,11,13370.0,6761.0,2790.0,0.103,70030.0,1
B0407,structural_decline,12,13386.0,6988.0,2790.0,0.103,70030.0,1
B0407,structural_decline,13,13378.0,6838.0,2790.0,0.103,70030.0,1
B0407,structural_decline,14,13379.0,6716.0,2790.0,0.103,70030.0,1
B0407,structural_decline,15,13646.0,6653.0,2790.0,0.103,70030.0,1
B0407,structural_decline,16,13787.0,6777.0,2790.0,0.103,70030.0,1
B0407,structural_decline,17,13679.0,6867.0,2790.0,0.103,70030.0,1
B0407,structural_decline,18,13526.0,7053.0,2790.0,0.103,70030.0,1
B0407,structural_decline,19,12991.0,6846.0,2790.0,0.103,70030.0,1
B0407,structural_decline,20,12757.0,6770.0,2790.0,0.103,70030.0,1
B0407,structural_decline,21,12639.0,6949.0,2790.0,0.103,70030.0,1
B0407,structural_decline,22,10110.0,7016.0,2790.0,0.103,70030.0,1
B0407,structural_decline,23,10013.0,6966.0,2790.0,0.103,70030.0,1
B0407,structural_decline,24,10029.0,6979.0,2790.0,0.103,70030.0,1
B0407,structural_decline,25,11956.0,6709.0,2790.0,0.103,70030.0,1
B0407,structural_decline,26,11417.0,6466.0,2790.0,0.103,70030.0,1
B0407,structural_decline,27,11266.0,6556.0,2790.0,0.103,70030.0,1
B0407,structural_decline,28,11157.0,6585.0,2790.0,0.103,70030.0,1
B0407,structural_decline,29,10947.0,6600.0,2790.0,0.103,70030.0,1
B0407,structural_decline,30,10748.0,6634.0,2790.0,0.103,70030.0,1
B0408,temporary_stress,0,12046.0,9246.0,1622.0,0.268,50391.0,1
B0408,temporary_stress,1,12089.0,9538.0,1622.0,0.268,50391.0,1
B0408,temporary_stress,2,12127.0,9331.0,1622.0,0.268,50391.0,1
B0408,temporary_stress,3,12228.0,9173.0,1622.0,0.268,50391.0,1
B0408,temporary_stress,4,12243.0,9051.0,1622.0,0.268,50391.0,1
B0408,temporary_stress,5,12261.0,9374.0,1622.0,0.268,50391.0,1
B0408,temporary_stress,6,12419.0,9178.0,1622.0,0.268,50391.0,1
B0408,temporary_stress,7,12457.0,9165.0,1622.0,0.268,50391.0,1
B0408,temporary_stress,8,7172.0,9047.0,1622.0,0.268,50391.0,0
B0408,temporary_stress,9,7089.0,8841.0,1622.0,0.268,50391.0,0
B0408,temporary_stress,10,6951.0,9023.0,1622.0,0.268,50391.0,0
B0408,temporary_stress,11,6825.0,9152.0,1622.0,0.268,50391.0,0
B0408,temporary_stress,12,6778.0,8968.0,1622.0,0.268,50391.0,0
B0408,temporary_stress,13,8089.0,9217.0,1622.0,0.268,50391.0,0
B0408,temporary_stress,14,9299.0,9533.0,1622.0,0.268,50391.0,0
B0408,temporary_stress,15,10672.0,9515.0,1622.0,0.268,50391.0,0
B0408,temporary_stress,16,11980.0,9527.0,1622.0,0.268,50391.0,1
B0408,temporary_stress,17,12048.0,9325.0,1622.0,0.268,50391.0,1
B0408,temporary_stress,18,12073.0,8971.0,1622.0,0.268,50391.0,1
B0408,temporary_stress,19,12147.0,9133.0,1622.0,0.268,50391.0,1
B0408,temporary_stress,20,12419.0,9512.0,1622.0,0.268,50391.0,1
B0408,temporary_stress,21,12416.0,9231.0,1622.0,0.268,50391.0,1
B0408,temporary_stress,22,12492.0,9004.0,1622.0,0.268,50391.0,1
B0408,temporary_stress,23,12484.0,9100.0,1622.0,0.268,50391.0,1
B0408,temporary_stress,24,12428.0,9499.0,1622.0,0.268,50391.0,1
B0408,temporary_stress,25,12218.0,9317.0,1622.0,0.268,50391.0,1
B0408,temporary_stress,26,12085.0,9017.0,1622.0,0.268,50391.0,1
B0408,temporary_stress,27,11907.0,9321.0,1622.0,0.268,50391.0,1
B0408,temporary_stress,28,12134.0,9180.0,1622.0,0.268,50391.0,1
B0408,temporary_stress,29,12038.0,9183.0,1622.0,0.268,50391.0,1
B0408,temporary_stress,30,12054.0,9258.0,1622.0,0.268,50391.0,1
B0408,temporary_stress,31,12058.0,8990.0,1622.0,0.268,50391.0,1
B0408,temporary_stress,32,12021.0,8773.0,1622.0,0.268,50391.0,1
B0409,stable,0,10817.0,5474.0,1963.0,0.231,51346.0,1
B0409,stable,1,10762.0,5440.0,1963.0,0.231,51346.0,1
B0409,stable,2,10670.0,5401.0,1963.0,0.231,51346.0,1
B0409,stable,3,10810.0,5181.0,1963.0,0.231,51346.0,1
B0409,stable,4,10755.0,5161.0,1963.0,0.231,51346.0,1
B0409,stable,5,10930.0,5352.0,1963.0,0.231,51346.0,1
B0409,stable,6,10994.0,5413.0,1963.0,0.231,51346.0,1
B0409,stable,7,10736.0,5304.0,1963.0,0.231,51346.0,1
B0409,stable,8,10431.0,5095.0,1963.0,0.231,51346.0,1
B0409,stable,9,10534.0,5164.0,1963.0,0.231,51346.0,1
B0409,stable,10,10794.0,5465.0,1963.0,0.231,51346.0,1
B0409,stable,11,10691.0,5500.0,1963.0,0.231,51346.0,1
B0409,stable,12,10455.0,5470.0,1963.0,0.231,51346.0,1
B0409,stable,13,10398.0,5375.0,1963.0,0.231,51346.0,1
B0409,stable,14,10784.0,5323.0,1963.0,0.231,51346.0,1
B0409,stable,15,10971.0,5335.0,1963.0,0.231,51346.0,1
B0409,stable,16,11201.0,5270.0,1963.0,0.231,51346.0,1
B0409,stable,17,11154.0,5302.0,1963.0,0.231,51346.0,1
B0409,stable,18,11256.0,5307.0,1963.0,0.231,51346.0,1
B0409,stable,19,11442.0,5142.0,1963.0,0.231,51346.0,1
B0409,stable,20,11352.0,5268.0,1963.0,0.231,51346.0,1
B0409,stable,21,11251.0,5309.0,1963.0,0.231,51346.0,1
B0409,stable,22,11359.0,5201.0,1963.0,0.231,51346.0,1
B0409,stable,23,11407.0,5176.0,1963.0,0.231,51346.0,1
B0409,stable,24,11274.0,5247.0,1963.0,0.231,51346.0,1
B0409,stable,25,11383.0,5326.0,1963.0,0.231,51346.0,1
B0409,stable,26,11345.0,5408.0,1963.0,0.231,51346.0,1
B0409,stable,27,11098.0,5412.0,1963.0,0.231,51346.0,1
B0409,stable,28,11287.0,5312.0,1963.0,0.231,51346.0,1
B0409,stable,29,11214.0,5365.0,1963.0,0.231,51346.0,1
B0409,stable,30,11211.0,5420.0,1963.0,0.231,51346.0,1
B0409,stable,31,11071.0,5457.0,1963.0,0.231,51346.0,1
B0409,stable,32,11143.0,5428.0,1963.0,0.231,51346.0,1
B0409,stable,33,11412.0,5395.0,1963.0,0.231,51346.0,1
B0409,stable,34,11682.0,5203.0,1963.0,0.231,51346.0,1
B0409,stable,35,11568.0,5143.0,1963.0,0.231,51346.0,1
B0409,stable,36,11591.0,5422.0,1963.0,0.231,51346.0,1
B0409,stable,37,11787.0,5543.0,1963.0,0.231,51346.0,1
B0409,stable,38,11768.0,5397.0,1963.0,0.231,51346.0,1
B0409,stable,39,11995.0,5315.0,1963.0,0.231,51346.0,1
B0409,stable,40,11970.0,5472.0,1963.0,0.231,51346.0,1
B0410,structural_decline,0,18255.0,10399.0,3263.0,0.174,88250.0,1
B0410,structural_decline,1,18510.0,9983.0,3263.0,0.174,88250.0,1
B0410,structural_decline,2,18195.0,10366.0,3263.0,0.174,88250.0,1
B0410,structural_decline,3,17921.0,10446.0,3263.0,0.174,88250.0,1
B0410,structural_decline,4,18327.0,10516.0,3263.0,0.174,88250.0,1
B0410,structural_decline,5,18368.0,11073.0,3263.0,0.174,88250.0,1
B0410,structural_decline,6,18166.0,11178.0,3263.0,0.174,88250.0,1
B0410,structural_decline,7,17951.0,10982.0,3263.0,0.174,88250.0,1
B0410,structural_decline,8,18078.0,10793.0,3263.0,0.174,88250.0,1
B0410,structural_decline,9,18313.0,11301.0,3263.0,0.174,88250.0,1
B0410,structural_decline,10,17770.0,11457.0,3263.0,0.174,88250.0,1
B0410,structural_decline,11,17476.0,11137.0,3263.0,0.174,88250.0,1
B0410,structural_decline,12,17453.0,10784.0,3263.0,0.174,88250.0,1
B0410,structural_decline,13,17044.0,10516.0,3263.0,0.174,88250.0,1
B0410,structural_decline,14,16553.0,10710.0,3263.0,0.174,88250.0,1
B0410,structural_decline,15,16339.0,10636.0,3263.0,0.174,88250.0,1
B0410,structural_decline,16,16266.0,10660.0,3263.0,0.174,88250.0,1
B0410,structural_decline,17,15996.0,10890.0,3263.0,0.174,88250.0,1
B0410,structural_decline,18,15736.0,10995.0,3263.0,0.174,88250.0,1
B0410,structural_decline,19,15625.0,11038.0,3263.0,0.174,88250.0,1
B0410,structural_decline,20,15171.0,10726.0,3263.0,0.174,88250.0,1
B0410,structural_decline,21,12085.0,10636.0,3263.0,0.174,88250.0,0
B0410,structural_decline,22,11817.0,10968.0,3263.0,0.174,88250.0,0
B0410,structural_decline,23,14383.0,10915.0,3263.0,0.174,88250.0,1
B0410,structural_decline,24,14177.0,10632.0,3263.0,0.174,88250.0,1
B0410,structural_decline,25,13877.0,10523.0,3263.0,0.174,88250.0,1
B0410,structural_decline,26,13804.0,10889.0,3263.0,0.174,88250.0,0
B0410,structural_decline,27,13655.0,10552.0,3263.0,0.174,88250.0,0
B0410,structural_decline,28,13166.0,10717.0,3263.0,0.174,88250.0,0
B0410,structural_decline,29,13049.0,10879.0,3263.0,0.174,88250.0,0
B0410,structural_decline,30,12971.0,11185.0,3263.0,0.174,88250.0,0
B0411,structural_decline,0,10409.0,5109.0,1570.0,0.212,48921.0,1
B0411,structural_decline,1,10414.0,5253.0,1570.0,0.212,48921.0,1
B0411,structural_decline,2,10275.0,5393.0,1570.0,0.212,48921.0,1
B0411,structural_decline,3,10095.0,5303.0,1570.0,0.212,48921.0,1
B0411,structural_decline,4,10029.0,5139.0,1570.0,0.212,48921.0,1
B0411,structural_decline,5,10150.0,5235.0,1570.0,0.212,48921.0,1
B0411,structural_decline,6,10223.0,5250.0,1570.0,0.212,48921.0,1
B0411,structural_decline,7,10249.0,5194.0,1570.0,0.212,48921.0,1
B0411,structural_decline,8,10086.0,5129.0,1570.0,0.212,48921.0,1
B0411,structural_decline,9,10068.0,5216.0,1570.0,0.212,48921.0,1
B0411,structural_decline,10,10218.0,5262.0,1570.0,0.212,48921.0,1
B0411,structural_decline,11,10188.0,5076.0,1570.0,0.212,48921.0,1
B0411,structural_decline,12,10065.0,4862.0,1570.0,0.212,48921.0,1
B0411,structural_decline,13,9904.0,5043.0,1570.0,0.212,48921.0,1
B0411,structural_decline,14,9840.0,5212.0,1570.0,0.212,48921.0,1
B0411,structural_decline,15,9624.0,5317.0,1570.0,0.212,48921.0,1
B0411,structural_decline,16,9450.0,5234.0,1570.0,0.212,48921.0,1
B0411,structural_decline,17,9230.0,5164.0,1570.0,0.212,48921.0,1
B0411,structural_decline,18,8995.0,5213.0,1570.0,0.212,48921.0,1
B0411,structural_decline,19,8885.0,5200.0,1570.0,0.212,48921.0,1
B0411,structural_decline,20,8635.0,5199.0,1570.0,0.212,48921.0,1
B0411,structural_decline,21,8328.0,5134.0,1570.0,0.212,48921.0,1
B0411,structural_decline,22,8103.0,5085.0,1570.0,0.212,48921.0,1
B0411,structural_decline,23,8009.0,5114.0,1570.0,0.212,48921.0,1
B0411,structural_decline,24,7883.0,5139.0,1570.0,0.212,48921.0,1
B0411,structural_decline,25,7641.0,5159.0,1570.0,0.212,48921.0,1
B0411,structural_decline,26,7473.0,5100.0,1570.0,0.212,48921.0,1
B0411,structural_decline,27,7415.0,5247.0,1570.0,0.212,48921.0,1
B0411,structural_decline,28,7346.0,5426.0,1570.0,0.212,48921.0,1
B0411,structural_decline,29,7033.0,5335.0,1570.0,0.212,48921.0,1
B0411,structural_decline,30,6955.0,5337.0,1570.0,0.212,48921.0,1
B0411,structural_decline,31,6934.0,5358.0,1570.0,0.212,48921.0,1
B0411,structural_decline,32,6707.0,5397.0,1570.0,0.212,48921.0,0
B0411,structural_decline,33,6540.0,5267.0,1570.0,0.212,48921.0,0
B0412,structural_decline,0,13247.0,7380.0,2853.0,0.237,66345.0,1
B0412,structural_decline,1,13005.0,7181.0,2853.0,0.237,66345.0,1
B0412,structural_decline,2,12704.0,7340.0,2853.0,0.237,66345.0,1
B0412,structural_decline,3,12700.0,7277.0,2853.0,0.237,66345.0,1
B0412,structural_decline,4,12713.0,7158.0,2853.0,0.237,66345.0,1
B0412,structural_decline,5,12811.0,7113.0,2853.0,0.237,66345.0,1
B0412,structural_decline,6,12699.0,6918.0,2853.0,0.237,66345.0,1
B0412,structural_decline,7,12699.0,7089.0,2853.0,0.237,66345.0,1
B0412,structural_decline,8,12744.0,7228.0,2853.0,0.237,66345.0,1
B0412,structural_decline,9,12837.0,7429.0,2853.0,0.237,66345.0,1
B0412,structural_decline,10,12912.0,7180.0,2853.0,0.237,66345.0,1
B0412,structural_decline,11,12828.0,6966.0,2853.0,0.237,66345.0,1
B0412,structural_decline,12,12846.0,6945.0,2853.0,0.237,66345.0,1
B0412,structural_decline,13,12969.0,7019.0,2853.0,0.237,66345.0,1
B0412,structural_decline,14,13133.0,6989.0,2853.0,0.237,66345.0,1
B0412,structural_decline,15,13000.0,7038.0,2853.0,0.237,66345.0,1
B0412,structural_decline,16,12715.0,7010.0,2853.0,0.237,66345.0,1
B0412,structural_decline,17,12435.0,7154.0,2853.0,0.237,66345.0,1
B0412,structural_decline,18,12316.0,6998.0,2853.0,0.237,66345.0,1
B0412,structural_decline,19,11965.0,6785.0,2853.0,0.237,66345.0,1
B0412,structural_decline,20,11516.0,7033.0,2853.0,0.237,66345.0,1
B0412,structural_decline,21,11463.0,7153.0,2853.0,0.237,66345.0,1
B0412,structural_decline,22,11292.0,7109.0,2853.0,0.237,66345.0,1
B0412,structural_decline,23,11348.0,7206.0,2853.0,0.237,66345.0,1
B0412,structural_decline,24,11341.0,7228.0,2853.0,0.237,66345.0,1
B0412,structural_decline,25,11206.0,7388.0,2853.0,0.237,66345.0,1
B0412,structural_decline,26,11039.0,7515.0,2853.0,0.237,66345.0,1
B0412,structural_decline,27,10784.0,7315.0,2853.0,0.237,66345.0,1
B0412,structural_decline,28,10599.0,7059.0,2853.0,0.237,66345.0,1
B0412,structural_decline,29,10380.0,7135.0,2853.0,0.237,66345.0,1
B0412,structural_decline,30,10242.0,7418.0,2853.0,0.237,66345.0,0
B0412,structural_decline,31,10034.0,7563.0,2853.0,0.237,66345.0,0
B0412,structural_decline,32,9817.0,7440.0,2853.0,0.237,66345.0,0
B0412,structural_decline,33,9774.0,7291.0,2853.0,0.237,66345.0,0
B0412,structural_decline,34,9843.0,7391.0,2853.0,0.237,66345.0,0
B0412,structural_decline,35,9617.0,7431.0,2853.0,0.237,66345.0,0
B0412,structural_decline,36,9414.0,7690.0,2853.0,0.237,66345.0,0
B0412,structural_decline,37,9425.0,7650.0,2853.0,0.237,66345.0,0
B0412,structural_decline,38,9356.0,7263.0,2853.0,0.237,66345.0,0
B0412,structural_decline,39,9168.0,7056.0,2853.0,0.237,66345.0,0
B0413,temporary_stress,0,13670.0,7941.0,2394.0,0.083,40214.0,1
B0413,temporary_stress,1,13599.0,7507.0,2394.0,0.083,40214.0,1
B0413,temporary_stress,2,13678.0,7879.0,2394.0,0.083,40214.0,1
B0413,temporary_stress,3,13637.0,8176.0,2394.0,0.083,40214.0,1
B0413,temporary_stress,4,13552.0,8216.0,2394.0,0.083,40214.0,1
B0413,temporary_stress,5,13583.0,8112.0,2394.0,0.083,40214.0,1
B0413,temporary_stress,6,13535.0,8156.0,2394.0,0.083,40214.0,1
B0413,temporary_stress,7,13052.0,8197.0,2394.0,0.083,40214.0,1
B0413,temporary_stress,8,13232.0,8161.0,2394.0,0.083,40214.0,1
B0413,temporary_stress,9,13404.0,7948.0,2394.0,0.083,40214.0,1
B0413,temporary_stress,10,13467.0,7707.0,2394.0,0.083,40214.0,1
B0413,temporary_stress,11,13555.0,7771.0,2394.0,0.083,40214.0,1
B0413,temporary_stress,12,13403.0,7910.0,2394.0,0.083,40214.0,1
B0413,temporary_stress,13,13620.0,7841.0,2394.0,0.083,40214.0,1
B0413,temporary_stress,14,13708.0,8113.0,2394.0,0.083,40214.0,1
B0413,temporary_stress,15,13618.0,7904.0,2394.0,0.083,40214.0,1
B0413,temporary_stress,16,13616.0,7796.0,2394.0,0.083,40214.0,1
B0413,temporary_stress,17,6503.0,7654.0,2394.0,0.083,40214.0,0
B0413,temporary_stress,18,6383.0,7422.0,2394.0,0.083,40214.0,0
B0413,temporary_stress,19,6384.0,7628.0,2394.0,0.083,40214.0,0
B0413,temporary_stress,20,6464.0,7774.0,2394.0,0.083,40214.0,0
B0413,temporary_stress,21,7981.0,7700.0,2394.0,0.083,40214.0,0
B0413,temporary_stress,22,8669.0,7560.0,2394.0,0.083,40214.0,0
B0413,temporary_stress,23,9524.0,7681.0,2394.0,0.083,40214.0,0
B0413,temporary_stress,24,10323.0,7800.0,2394.0,0.083,40214.0,1
B0413,temporary_stress,25,10855.0,7688.0,2394.0,0.083,40214.0,1
B0413,temporary_stress,26,11548.0,7985.0,2394.0,0.083,40214.0,1
B0413,temporary_stress,27,12472.0,7968.0,2394.0,0.083,40214.0,1
B0413,temporary_stress,28,13456.0,7816.0,2394.0,0.083,40214.0,1
B0413,temporary_stress,29,13800.0,7703.0,2394.0,0.083,40214.0,1
B0413,temporary_stress,30,13943.0,7563.0,2394.0,0.083,40214.0,1
B0413,temporary_stress,31,13844.0,7829.0,2394.0,0.083,40214.0,1
B0413,temporary_stress,32,13860.0,8038.0,2394.0,0.083,40214.0,1
B0413,temporary_stress,33,13855.0,7829.0,2394.0,0.083,40214.0,1
B0413,temporary_stress,34,14025.0,7899.0,2394.0,0.083,40214.0,1
B0413,temporary_stress,35,13717.0,7617.0,2394.0,0.083,40214.0,1
B0413,temporary_stress,36,13505.0,7775.0,2394.0,0.083,40214.0,1
B0413,temporary_stress,37,13348.0,7854.0,2394.0,0.083,40214.0,1
B0413,temporary_stress,38,13153.0,7833.0,2394.0,0.083,40214.0,1
B0413,temporary_stress,39,13296.0,7885.0,2394.0,0.083,40214.0,1
B0413,temporary_stress,40,13356.0,7751.0,2394.0,0.083,40214.0,1
B0413,temporary_stress,41,13324.0,7801.0,2394.0,0.083,40214.0,1
B0414,stable,0,15804.0,10740.0,2936.0,0.243,47081.0,1
B0414,stable,1,15958.0,10895.0,2936.0,0.243,47081.0,1
B0414,stable,2,16154.0,10937.0,2936.0,0.243,47081.0,1
B0414,stable,3,16253.0,11047.0,2936.0,0.243,47081.0,1
B0414,stable,4,16359.0,10853.0,2936.0,0.243,47081.0,1
B0414,stable,5,16844.0,11107.0,2936.0,0.243,47081.0,1
B0414,stable,6,16780.0,11266.0,2936.0,0.243,47081.0,1
B0414,stable,7,16627.0,11392.0,2936.0,0.243,47081.0,1
B0414,stable,8,16576.0,10937.0,2936.0,0.243,47081.0,1
B0414,stable,9,16338.0,11048.0,2936.0,0.243,47081.0,1
B0414,stable,10,16142.0,11361.0,2936.0,0.243,47081.0,1
B0414,stable,11,16148.0,11236.0,2936.0,0.243,47081.0,1
B0414,stable,12,16116.0,11297.0,2936.0,0.243,47081.0,1
B0414,stable,13,16009.0,11356.0,2936.0,0.243,47081.0,1
B0414,stable,14,15728.0,11252.0,2936.0,0.243,47081.0,1
B0414,stable,15,15643.0,11251.0,2936.0,0.243,47081.0,1
B0414,stable,16,15541.0,11142.0,2936.0,0.243,47081.0,1
B0414,stable,17,15640.0,11019.0,2936.0,0.243,47081.0,1
B0414,stable,18,15672.0,10830.0,2936.0,0.243,47081.0,1
B0414,stable,19,15698.0,11069.0,2936.0,0.243,47081.0,1
B0414,stable,20,15340.0,11189.0,2936.0,0.243,47081.0,1
B0414,stable,21,15426.0,11172.0,2936.0,0.243,47081.0,1
B0414,stable,22,16079.0,11410.0,2936.0,0.243,47081.0,1
B0414,stable,23,16288.0,11338.0,2936.0,0.243,47081.0,1
B0414,stable,24,16487.0,11714.0,2936.0,0.243,47081.0,1
B0414,stable,25,16551.0,11476.0,2936.0,0.243,47081.0,1
B0414,stable,26,16517.0,11080.0,2936.0,0.243,47081.0,1
B0414,stable,27,16521.0,10880.0,2936.0,0.243,47081.0,1
B0414,stable,28,16581.0,10563.0,2936.0,0.243,47081.0,1
B0414,stable,29,16084.0,10993.0,2936.0,0.243,47081.0,1
B0414,stable,30,15797.0,11363.0,2936.0,0.243,47081.0,1
B0414,stable,31,15939.0,11344.0,2936.0,0.243,47081.0,1
B0414,stable,32,16071.0,10846.0,2936.0,0.243,47081.0,1
B0414,stable,33,15689.0,10726.0,2936.0,0.243,47081.0,1
B0414,stable,34,15599.0,10746.0,2936.0,0.243,47081.0,1
B0414,stable,35,15435.0,10751.0,2936.0,0.243,47081.0,1
B0414,stable,36,15471.0,10881.0,2936.0,0.243,47081.0,1
B0415,structural_decline,0,19847.0,11411.0,3092.0,0.258,75713.0,1
B0415,structural_decline,1,19467.0,11164.0,3092.0,0.258,75713.0,1
B0415,structural_decline,2,19195.0,11181.0,3092.0,0.258,75713.0,1
B0415,structural_decline,3,19437.0,11112.0,3092.0,0.258,75713.0,1
B0415,structural_decline,4,19501.0,10895.0,3092.0,0.258,75713.0,1
B0415,structural_decline,5,19144.0,10789.0,3092.0,0.258,75713.0,1
B0415,structural_decline,6,19142.0,10548.0,3092.0,0.258,75713.0,1
B0415,structural_decline,7,19626.0,10474.0,3092.0,0.258,75713.0,1
B0415,structural_decline,8,19236.0,10908.0,3092.0,0.258,75713.0,1
B0415,structural_decline,9,19319.0,10745.0,3092.0,0.258,75713.0,1
B0415,structural_decline,10,19667.0,10802.0,3092.0,0.258,75713.0,1
B0415,structural_decline,11,19399.0,10622.0,3092.0,0.258,75713.0,1
B0415,structural_decline,12,19616.0,10401.0,3092.0,0.258,75713.0,1
B0415,structural_decline,13,19681.0,10315.0,3092.0,0.258,75713.0,1
B0415,structural_decline,14,19492.0,10478.0,3092.0,0.258,75713.0,1
B0415,structural_decline,15,19624.0,10373.0,3092.0,0.258,75713.0,1
B0415,structural_decline,16,19371.0,10478.0,3092.0,0.258,75713.0,1
B0415,structural_decline,17,18983.0,10815.0,3092.0,0.258,75713.0,1
B0415,structural_decline,18,19001.0,10382.0,3092.0,0.258,75713.0,1
B0415,structural_decline,19,19329.0,10398.0,3092.0,0.258,75713.0,1
B0415,structural_decline,20,19611.0,10626.0,3092.0,0.258,75713.0,1
B0415,structural_decline,21,19061.0,10970.0,3092.0,0.258,75713.0,1
B0415,structural_decline,22,18442.0,10558.0,3092.0,0.258,75713.0,1
B0415,structural_decline,23,18013.0,10296.0,3092.0,0.258,75713.0,1
B0415,structural_decline,24,15708.0,10570.0,3092.0,0.258,75713.0,1
B0415,structural_decline,25,15315.0,10788.0,3092.0,0.258,75713.0,1
B0415,structural_decline,26,16847.0,10910.0,3092.0,0.258,75713.0,1
B0415,structural_decline,27,16790.0,10722.0,3092.0,0.258,75713.0,1
B0415,structural_decline,28,16414.0,10706.0,3092.0,0.258,75713.0,1
B0415,structural_decline,29,16040.0,10741.0,3092.0,0.258,75713.0,1
B0415,structural_decline,30,15501.0,10989.0,3092.0,0.258,75713.0,1
B0415,structural_decline,31,14842.0,10913.0,3092.0,0.258,75713.0,1
B0415,structural_decline,32,14669.0,10858.0,3092.0,0.258,75713.0,1
B0415,structural_decline,33,14489.0,11225.0,3092.0,0.258,75713.0,1
B0416,stable,0,16334.0,11551.0,3773.0,0.265,59719.0,1
B0416,stable,1,16102.0,11811.0,3773.0,0.265,59719.0,1
B0416,stable,2,16292.0,11977.0,3773.0,0.265,59719.0,1
B0416,stable,3,16675.0,11698.0,3773.0,0.265,59719.0,1
B0416,stable,4,16654.0,11733.0,3773.0,0.265,59719.0,1
B0416,stable,5,16596.0,12134.0,3773.0,0.265,59719.0,1
B0416,stable,6,16538.0,11803.0,3773.0,0.265,59719.0,1
B0416,stable,7,16244.0,11628.0,3773.0,0.265,59719.0,1
B0416,stable,8,16166.0,11473.0,3773.0,0.265,59719.0,1
B0416,stable,9,15927.0,11990.0,3773.0,0.265,59719.0,1
B0416,stable,10,15645.0,11947.0,3773.0,0.265,59719.0,0
B0416,stable,11,15724.0,11436.0,3773.0,0.265,59719.0,1
B0416,stable,12,15854.0,11722.0,3773.0,0.265,59719.0,1
B0416,stable,13,15863.0,12276.0,3773.0,0.265,59719.0,0
B0416,stable,14,15606.0,12184.0,3773.0,0.265,59719.0,0
B0416,stable,15,15670.0,11926.0,3773.0,0.265,59719.0,0
B0416,stable,16,15792.0,12292.0,3773.0,0.265,59719.0,0
B0416,stable,17,15887.0,12419.0,3773.0,0.265,59719.0,0
B0416,stable,18,16121.0,12145.0,3773.0,0.265,59719.0,1
B0416,stable,19,15905.0,11950.0,3773.0,0.265,59719.0,1
B0416,stable,20,16417.0,11960.0,3773.0,0.265,59719.0,1
B0416,stable,21,16854.0,11819.0,3773.0,0.265,59719.0,1
B0416,stable,22,16291.0,12182.0,3773.0,0.265,59719.0,1
B0416,stable,23,16078.0,12312.0,3773.0,0.265,59719.0,0
B0416,stable,24,16348.0,11964.0,3773.0,0.265,59719.0,1
B0416,stable,25,16230.0,11583.0,3773.0,0.265,59719.0,1
B0416,stable,26,15923.0,11413.0,3773.0,0.265,59719.0,1
B0416,stable,27,15797.0,11480.0,3773.0,0.265,59719.0,1
B0416,stable,28,16000.0,11666.0,3773.0,0.265,59719.0,1
B0416,stable,29,15754.0,11673.0,3773.0,0.265,59719.0,1
B0416,stable,30,15691.0,11637.0,3773.0,0.265,59719.0,1
B0416,stable,31,15642.0,11804.0,3773.0,0.265,59719.0,1
B0416,stable,32,15772.0,12138.0,3773.0,0.265,59719.0,0
B0416,stable,33,15631.0,12330.0,3773.0,0.265,59719.0,0
B0416,stable,34,15476.0,12333.0,3773.0,0.265,59719.0,0
B0416,stable,35,15518.0,11767.0,3773.0,0.265,59719.0,0
B0416,stable,36,15386.0,11696.0,3773.0,0.265,59719.0,0
B0416,stable,37,15446.0,11708.0,3773.0,0.265,59719.0,0
B0416,stable,38,15751.0,11685.0,3773.0,0.265,59719.0,1
B0416,stable,39,15671.0,11962.0,3773.0,0.265,59719.0,0
B0416,stable,40,15680.0,11822.0,3773.0,0.265,59719.0,1
B0416,stable,41,15930.0,12121.0,3773.0,0.265,59719.0,1
B0417,temporary_stress,0,13879.0,8352.0,2007.0,0.146,72631.0,1
B0417,temporary_stress,1,14107.0,8247.0,2007.0,0.146,72631.0,1
B0417,temporary_stress,2,14200.0,8196.0,2007.0,0.146,72631.0,1
B0417,temporary_stress,3,14110.0,8474.0,2007.0,0.146,72631.0,1
B0417,temporary_stress,4,13979.0,8597.0,2007.0,0.146,72631.0,1
B0417,temporary_stress,5,13686.0,8562.0,2007.0,0.146,72631.0,1
B0417,temporary_stress,6,13580.0,8648.0,2007.0,0.146,72631.0,1
B0417,temporary_stress,7,13807.0,8741.0,2007.0,0.146,72631.0,1
B0417,temporary_stress,8,5950.0,8673.0,2007.0,0.146,72631.0,0
B0417,temporary_stress,9,5912.0,8515.0,2007.0,0.146,72631.0,0
B0417,temporary_stress,10,5937.0,8521.0,2007.0,0.146,72631.0,0
B0417,temporary_stress,11,6011.0,8613.0,2007.0,0.146,72631.0,0
B0417,temporary_stress,12,6730.0,8526.0,2007.0,0.146,72631.0,0
B0417,temporary_stress,13,8515.0,8643.0,2007.0,0.146,72631.0,0
B0417,temporary_stress,14,10348.0,8695.0,2007.0,0.146,72631.0,0
B0417,temporary_stress,15,12515.0,8764.0,2007.0,0.146,72631.0,1
B0417,temporary_stress,16,14602.0,8626.0,2007.0,0.146,72631.0,1
B0417,temporary_stress,17,14503.0,8563.0,2007.0,0.146,72631.0,1
B0417,temporary_stress,18,14475.0,8596.0,2007.0,0.146,72631.0,1
B0417,temporary_stress,19,14229.0,8720.0,2007.0,0.146,72631.0,1
B0417,temporary_stress,20,13812.0,8845.0,2007.0,0.146,72631.0,1
B0417,temporary_stress,21,13589.0,8554.0,2007.0,0.146,72631.0,1
B0417,temporary_stress,22,13670.0,8451.0,2007.0,0.146,72631.0,1
B0417,temporary_stress,23,13967.0,8729.0,2007.0,0.146,72631.0,1
B0417,temporary_stress,24,14145.0,8781.0,2007.0,0.146,72631.0,1
B0417,temporary_stress,25,14048.0,8521.0,2007.0,0.146,72631.0,1
B0417,temporary_stress,26,13712.0,8311.0,2007.0,0.146,72631.0,1
B0417,temporary_stress,27,14104.0,8475.0,2007.0,0.146,72631.0,1
B0417,temporary_stress,28,14176.0,8543.0,2007.0,0.146,72631.0,1
B0417,temporary_stress,29,14169.0,8513.0,2007.0,0.146,72631.0,1
B0417,temporary_stress,30,14256.0,8187.0,2007.0,0.146,72631.0,1
B0418,structural_decline,0,14624.0,8762.0,2568.0,0.267,56867.0,1
B0418,structural_decline,1,14667.0,8793.0,2568.0,0.267,56867.0,1
B0418,structural_decline,2,14704.0,8952.0,2568.0,0.267,56867.0,1
B0418,structural_decline,3,14536.0,8867.0,2568.0,0.267,56867.0,1
B0418,structural_decline,4,14486.0,8843.0,2568.0,0.267,56867.0,1
B0418,structural_decline,5,14433.0,8993.0,2568.0,0.267,56867.0,1
B0418,structural_decline,6,14313.0,8973.0,2568.0,0.267,56867.0,1
B0418,structural_decline,7,14535.0,8919.0,2568.0,0.267,56867.0,1
B0418,structural_decline,8,14606.0,8702.0,2568.0,0.267,56867.0,1
B0418,structural_decline,9,14584.0,8726.0,2568.0,0.267,56867.0,1
B0418,structural_decline,10,14528.0,8545.0,2568.0,0.267,56867.0,1
B0418,structural_decline,11,14379.0,8615.0,2568.0,0.267,56867.0,1
B0418,structural_decline,12,14292.0,9044.0,2568.0,0.267,56867.0,1
B0418,structural_decline,13,14256.0,9036.0,2568.0,0.267,56867.0,1
B0418,structural_decline,14,14368.0,8599.0,2568.0,0.267,56867.0,1
B0418,structural_decline,15,14385.0,8791.0,2568.0,0.267,56867.0,1
B0418,structural_decline,16,14356.0,8793.0,2568.0,0.267,56867.0,1
B0418,structural_decline,17,14297.0,8793.0,2568.0,0.267,56867.0,1
B0418,structural_decline,18,14376.0,8720.0,2568.0,0.267,56867.0,1
B0418,structural_decline,19,14518.0,8802.0,2568.0,0.267,56867.0,1
B0418,structural_decline,20,14689.0,8919.0,2568.0,0.267,56867.0,1
B0418,structural_decline,21,14659.0,8854.0,2568.0,0.267,56867.0,1
B0418,structural_decline,22,14718.0,8743.0,2568.0,0.267,56867.0,1
B0418,structural_decline,23,14291.0,8821.0,2568.0,0.267,56867.0,1
B0418,structural_decline,24,14216.0,8773.0,2568.0,0.267,56867.0,1
B0418,structural_decline,25,13982.0,8819.0,2568.0,0.267,56867.0,1
B0418,structural_decline,26,13618.0,8834.0,2568.0,0.267,56867.0,1
B0418,structural_decline,27,13613.0,8933.0,2568.0,0.267,56867.0,1
B0418,structural_decline,28,13298.0,8970.0,2568.0,0.267,56867.0,1
B0418,structural_decline,29,13150.0,9000.0,2568.0,0.267,56867.0,1
B0418,structural_decline,30,12985.0,9085.0,2568.0,0.267,56867.0,1
B0418,structural_decline,31,10051.0,9111.0,2568.0,0.267,56867.0,0
B0418,structural_decline,32,9996.0,9292.0,2568.0,0.267,56867.0,0
B0418,structural_decline,33,9678.0,9218.0,2568.0,0.267,56867.0,0
B0418,structural_decline,34,11866.0,8995.0,2568.0,0.267,56867.0,1
B0418,structural_decline,35,11640.0,9007.0,2568.0,0.267,56867.0,1
B0418,structural_decline,36,11507.0,9011.0,2568.0,0.267,56867.0,0
B0418,structural_decline,37,11127.0,8752.0,2568.0,0.267,56867.0,0
B0418,structural_decline,38,10971.0,8867.0,2568.0,0.267,56867.0,0
B0419,temporary_stress,0,16275.0,10839.0,3677.0,0.231,77269.0,1
B0419,temporary_stress,1,16305.0,10935.0,3677.0,0.231,77269.0,1
B0419,temporary_stress,2,16073.0,10543.0,3677.0,0.231,77269.0,1
B0419,temporary_stress,3,16131.0,10418.0,3677.0,0.231,77269.0,1
B0419,temporary_stress,4,15962.0,10830.0,3677.0,0.231,77269.0,1
B0419,temporary_stress,5,15969.0,10858.0,3677.0,0.231,77269.0,1
B0419,temporary_stress,6,16004.0,10742.0,3677.0,0.231,77269.0,1
B0419,temporary_stress,7,16108.0,10971.0,3677.0,0.231,77269.0,1
B0419,temporary_stress,8,16080.0,10899.0,3677.0,0.231,77269.0,1
B0419,temporary_stress,9,15928.0,10812.0,3677.0,0.231,77269.0,1
B0419,temporary_stress,10,16169.0,11150.0,3677.0,0.231,77269.0,1
B0419,temporary_stress,11,16258.0,11430.0,3677.0,0.231,77269.0,1
B0419,temporary_stress,12,16496.0,11156.0,3677.0,0.231,77269.0,1
B0419,temporary_stress,13,9208.0,11171.0,3677.0,0.231,77269.0,0
B0419,temporary_stress,14,9157.0,11060.0,3677.0,0.231,77269.0,0
B0419,temporary_stress,15,9063.0,11086.0,3677.0,0.231,77269.0,0
B0419,temporary_stress,16,11073.0,11241.0,3677.0,0.231,77269.0,0
B0419,temporary_stress,17,12458.0,10802.0,3677.0,0.231,77269.0,0
B0419,temporary_stress,18,13505.0,10778.0,3677.0,0.231,77269.0,0
B0419,temporary_stress,19,14819.0,10855.0,3677.0,0.231,77269.0,1
B0419,temporary_stress,20,16115.0,11006.0,3677.0,0.231,77269.0,1
B0419,temporary_stress,21,16214.0,11116.0,3677.0,0.231,77269.0,1
B0419,temporary_stress,22,15953.0,11023.0,3677.0,0.231,77269.0,1
B0419,temporary_stress,23,16021.0,10754.0,3677.0,0.231,77269.0,1
B0419,temporary_stress,24,16116.0,10878.0,3677.0,0.231,77269.0,1
B0419,temporary_stress,25,16177.0,10665.0,3677.0,0.231,77269.0,1
B0419,temporary_stress,26,16330.0,10516.0,3677.0,0.231,77269.0,1
B0419,temporary_stress,27,16237.0,10791.0,3677.0,0.231,77269.0,1
B0419,temporary_stress,28,16382.0,10650.0,3677.0,0.231,77269.0,1
B0419,temporary_stress,29,16356.0,10631.0,3677.0,0.231,77269.0,1
B0419,temporary_stress,30,16452.0,10500.0,3677.0,0.231,77269.0,1
B0419,temporary_stress,31,16439.0,10190.0,3677.0,0.231,77269.0,1
B0419,temporary_stress,32,16307.0,10446.0,3677.0,0.231,77269.0,1
B0419,temporary_stress,33,16407.0,10779.0,3677.0,0.231,77269.0,1
B0419,temporary_stress,34,16530.0,10503.0,3677.0,0.231,77269.0,1
B0419,temporary_stress,35,16238.0,10773.0,3677.0,0.231,77269.0,1
B0420,stable,0,15714.0,10441.0,1939.0,0.187,66754.0,1
B0420,stable,1,15868.0,10062.0,1939.0,0.187,66754.0,1
B0420,stable,2,15995.0,9685.0,1939.0,0.187,66754.0,1
B0420,stable,3,16419.0,10039.0,1939.0,0.187,66754.0,1
B0420,stable,4,16632.0,10099.0,1939.0,0.187,66754.0,1
B0420,stable,5,16753.0,9898.0,1939.0,0.187,66754.0,1
B0420,stable,6,16646.0,9642.0,1939.0,0.187,66754.0,1
B0420,stable,7,16563.0,9588.0,1939.0,0.187,66754.0,1
B0420,stable,8,16440.0,9498.0,1939.0,0.187,66754.0,1
B0420,stable,9,16380.0,9968.0,1939.0,0.187,66754.0,1
B0420,stable,10,16434.0,10208.0,1939.0,0.187,66754.0,1
B0420,stable,11,16248.0,10067.0,1939.0,0.187,66754.0,1
B0420,stable,12,16187.0,10214.0,1939.0,0.187,66754.0,1
B0420,stable,13,16080.0,10056.0,1939.0,0.187,66754.0,1
B0420,stable,14,15802.0,9973.0,1939.0,0.187,66754.0,1
B0420,stable,15,15637.0,10134.0,1939.0,0.187,66754.0,1
B0420,stable,16,15892.0,10237.0,1939.0,0.187,66754.0,1
B0420,stable,17,16070.0,10210.0,1939.0,0.187,66754.0,1
B0420,stable,18,16475.0,9916.0,1939.0,0.187,66754.0,1
B0420,stable,19,16706.0,10063.0,1939.0,0.187,66754.0,1
B0420,stable,20,16748.0,10134.0,1939.0,0.187,66754.0,1
B0420,stable,21,17033.0,9874.0,1939.0,0.187,66754.0,1
B0420,stable,22,16992.0,9494.0,1939.0,0.187,66754.0,1
B0420,stable,23,17093.0,9447.0,1939.0,0.187,66754.0,1
B0420,stable,24,17351.0,9436.0,1939.0,0.187,66754.0,1
B0420,stable,25,17440.0,9609.0,1939.0,0.187,66754.0,1
B0420,stable,26,17516.0,9827.0,1939.0,0.187,66754.0,1
B0420,stable,27,17141.0,9847.0,1939.0,0.187,66754.0,1
B0420,stable,28,16878.0,9881.0,1939.0,0.187,66754.0,1
B0420,stable,29,17172.0,9904.0,1939.0,0.187,66754.0,1
B0420,stable,30,17448.0,10132.0,1939.0,0.187,66754.0,1
B0420,stable,31,17050.0,9793.0,1939.0,0.187,66754.0,1
B0420,stable,32,16827.0,10187.0,1939.0,0.187,66754.0,1
B0420,stable,33,16704.0,10258.0,1939.0,0.187,66754.0,1
B0420,stable,34,16814.0,10070.0,1939.0,0.187,66754.0,1
B0420,stable,35,16629.0,10033.0,1939.0,0.187,66754.0,1
B0420,stable,36,16831.0,9919.0,1939.0,0.187,66754.0,1
B0420,stable,37,17033.0,9889.0,1939.0,0.187,66754.0,1
B0420,stable,38,17107.0,10136.0,1939.0,0.187,66754.0,1
B0420,stable,39,17230.0,9858.0,1939.0,0.187,66754.0,1
