borrower_id,profile_type,normalized_slope,volatility,recent_vs_prior,dip_depth,miss_rate_history,recovery_ratio,dti,recent_surplus_ratio,projected_surplus_ratio,recent_miss_rate,months_below_cover,surplus_trend,income_cv_recent,expense_pressure,income_floor_ratio,income_momentum,payment_buffer_ratio,income_acceleration,stress_streak,recovery_count,worst_3m_surplus_ratio,surplus_volatility,recent_income_vs_baseline,expense_trend,installment_to_income,coverage_ratio,income_expense_ratio,cashflow_autocorr,loan_balance,loan_to_baseline_income,future_stress
B0001,structural_decline,-0.007444636301047529,0.09484435751242234,0.8267469704665845,0.3143455789914792,0.06666666666666665,0.7459980444196117,0.199,0.07943846905992458,0.02414742681539725,0.33333333333333337,2,-0.007797069612664268,0.12167721223352636,0.6999490933347376,0.8399161894119291,-2.1431223315388763,2.4215851306330003,-0.014745874324027606,2,1,-0.018997066629417518,0.39674717080811794,0.7957396284397262,0.00035243331161673814,0.20022118068355363,2.4215851306330003,1.6856673319630213,0.8458054533430741,44166.0,3.701578432742003,0
B0002,structural_decline,-0.010499049366500188,0.12263357175242026,0.9153209246870239,0.4272599823459162,0.02941176470588236,0.6782491302767538,0.239,0.04188171763850667,-0.01944767937810156,0.16666666666666663,1,-0.01008421449382589,0.09215853243796286,0.7232281128334275,0.748967236097409,-2.711317487801029,2.248438779090165,-0.0193548099960686,1,0,0.0014330962147567372,0.5342309284460482,0.7175138896100525,-0.0004148348726742884,0.21840128522426294,2.2484387790901645,1.6768881957182236,0.9587654407952266,65503.0,4.081395711096111,1
B0003,temporary_stress,0.0011776164354039905,0.20358182396899643,1.0141847891163982,0.5074687706648067,0.17647058823529416,0.9921643582473527,0.164,0.3287527288867954,0.3286750842121202,0.0,6,0.0022354607699692996,0.012086125968651069,0.5369413388794536,0.5089942297065937,-0.01471453796349239,2.6030672783609154,0.002599543708128563,6,4,-0.20026632123413624,0.868852217023202,0.9974092560216682,-0.001057844334565305,0.1334520057761995,2.6030672783609154,1.6316539508425083,0.8711679768214153,70046.0,3.807089217613436,0
B0004,structural_decline,-0.011776357050141073,0.14824050582251178,0.8801744372132722,0.3630468033037626,0.25,0.6526154787396757,0.14,-0.11670235546038545,-0.1462054800506926,1.0,9,-0.01145520908751254,0.037970311577048096,0.965681298201488,0.6832670541449984,-0.7682993445010919,1.6948334548991004,0.004448717388454315,9,0,-0.1358621392882635,1.3197756389789155,0.6729784847557867,-0.0003211479626285236,0.20773042015788118,1.6948334548991004,1.3663527383761567,0.9861632516381617,64222.0,3.9291526460691344,1
B0005,temporary_stress,-0.009604375525786166,0.16639342383702174,1.213101451413607,0.3578363019284906,0.48275862068965514,0.9982898787129365,0.251,-0.13603357099634297,0.02916640043899363,0.6666666666666667,14,-0.009001134939909877,0.16693624336438861,0.9066405181063577,0.6568917887868664,1.6319002004900842,0.6376988062212068,0.1332158173064274,9,3,-0.3624930937409561,2.0253973824913443,0.8652950616959142,-0.0006032405858762808,0.25057009942533975,0.6376988062212068,1.1760128334390083,0.8670633435526292,52648.0,4.155436870214949,0
B0006,stable,-0.0001888034502087198,0.020229759391298858,0.9634004149063432,0.05212834421255863,0.0,0.9704881860807207,0.256,0.05424289785786522,0.044355717831860125,0.0,0,0.00015601697737968405,0.011144553550078293,0.716701769828047,0.9679231405718489,-0.686610726012402,1.3262358464512565,0.0022563994798986352,0,0,0.032852195764763566,0.3654103058262242,0.9748705218963561,-0.000344820427588394,0.2276570997453711,1.3262358464512565,1.4237990389664255,0.7887277310239728,48794.0,4.485979589960467,0
B0007,stable,0.0007848242617068831,0.025487845522876886,1.044660051142283,0.040537040682074754,0.0,1.0499228211211138,0.177,0.2505050295766039,0.2787884617946051,0.0,0,0.0002955480480369415,0.023716122375009106,0.6412821210198141,0.9697500233090575,2.994734862730343,3.0056722076407114,0.018863909143514275,0,0,0.1933305017145107,0.13563832844065027,1.0284266904246393,0.0004892762136699301,0.1151370463267958,3.005672207640712,1.5488138661838708,0.7899515152277446,48631.0,3.022780718747734,0
B0008,stable,0.0007705279739202734,0.024262559473786197,0.9655784277637777,0.026827265261428868,0.0,1.0013687380235425,0.271,0.32394118337178834,0.3260395425621659,0.0,0,-0.00012227684495505747,0.012346529585147812,0.5395292461682828,0.983068710648782,0.17034013605442425,3.4435782524688707,0.007208500701129052,0,0,0.313480114191858,0.055200684043286166,1.0001955340033633,0.00089280481887532,0.13659289959336876,3.4435782524688707,1.8686394497959073,0.5209491785028567,75495.0,4.428551875171093,0
B0009,stable,0.001713059120093342,0.023358743135956976,1.0011163562133198,0.04438899468120028,0.0,1.0212751986341848,0.279,0.2145577516580209,0.20264814311041907,0.0,0,0.0031084070545986425,0.012989130311400473,0.6376206709784306,0.9784818438505484,-0.9869402985074625,2.1664920794407507,-0.011988405579580313,0,0,0.14446122529384728,0.17413354179276652,1.0305010177949965,-0.0013953479345053261,0.1541721094720744,2.166492079440751,1.518877681634325,0.840310339270912,47472.0,4.675815877601944,0
B0010,structural_decline,-0.005962976293535731,0.07671035285908144,0.8539993895074918,0.24269557618510873,0.15625,0.8116617485023874,0.098,-0.08788105219164376,-0.09698233984002548,0.8333333333333334,5,-0.005907962404780472,0.059259048917834456,0.842932181264375,0.8305728289365367,-0.2574622282274904,1.1617388243576205,0.01312435205974893,5,1,-0.1271292696209425,1.9383716242636266,0.814954596689421,-5.501388875526912e-05,0.2649033380990862,1.1617388243576205,1.3567144015131045,0.8852331177925643,34746.0,2.6403069947694373,1
B0011,temporary_stress,-0.000540320200104494,0.16154402489195913,1.0119440914866582,0.38880694757460266,0.22857142857142854,0.9889438223459863,0.208,0.20897001734533738,0.2125382010407202,0.0,8,-0.00013643848552884465,0.004839722819821317,0.6300734256535362,0.6218551251342199,1.1807228915662553,1.768265491314493,0.0002730752828098959,8,3,-0.1752705046667217,1.183189724945621,0.9867019079871149,-0.00040388171457564576,0.15814020233909737,1.7682654913144933,1.443281748636721,0.8803047563421182,71814.0,5.0842369821472815,0
B0012,structural_decline,-0.012066858324586035,0.1269850540541063,0.8936837498784402,0.33420106847984454,0.0,0.6809324915007285,0.142,0.061534725594949005,0.019319503226254094,0.0,0,-0.012324515502357875,0.05129311168339891,0.7523191599336216,0.7238465274405051,-1.5614683419561428,3.029487033203475,-0.007589814750572362,0,0,0.03634774162214667,0.5005937313354737,0.7141136474016513,0.00025765717777185155,0.16151146657961316,3.0294870332034756,1.6529350388375776,0.9906231186704471,72292.0,4.213229723166586,1
B0013,structural_decline,-0.0023699441848165042,0.03821848687090835,0.9115440020336877,0.12120244845844763,0.0,0.8907581959517819,0.23,0.04075444064741447,0.01429563901868533,0.0,0,-0.002098726005104056,0.026583866065227873,0.7495352007932573,0.9122685793683578,-1.4443858724301601,1.5455007319383451,-0.004070213462229731,0,0,0.01503999399151301,0.3334085251090636,0.9089338690900897,-0.00027121817971245785,0.2056271690629648,1.5455007319383451,1.4151521670240401,0.8660402947289466,47760.0,2.6903000488189566,1
B0014,structural_decline,-0.012294321507879985,0.1134265948845724,0.8797780316631305,0.28319436879373194,0.0,0.7281741875113475,0.274,0.10171645647407158,0.06947109677239145,0.0,0,-0.012662253832069897,0.03681748637064132,0.6559624517661027,0.7511794528009386,-0.9516676088185397,2.653761913218493,0.0008188233604080062,0,0,0.07709389533665731,0.41061929732240193,0.7528386475049231,0.00036793232418992134,0.20892698130008905,2.6537619132184935,1.8482230140960547,0.973227480194965,56679.0,4.749570536724347,0
B0015,stable,0.002994157478104023,0.029657242237559216,0.9992279979413279,0.02147530603630221,0.0,1.0533804699591953,0.166,0.11544076262839455,0.10883459969044591,0.0,0,0.0019698027591277937,0.00793509933549431,0.6815980327814377,0.991826720135078,-0.40187087307410874,1.334,-0.011522342157631399,0,0,0.02875685943436049,0.4800408023239952,1.0585778106092585,0.0010243547189762335,0.20934927267742764,1.334,1.4048499913289785,0.8549637995456383,84324.0,4.449345715491769,0
B0016,structural_decline,-0.012606426581195342,0.14513498178702297,0.907133881528185,0.3307585041200084,0.375,0.6732474117895627,0.222,-0.15774350306359605,-0.18740031994204828,1.0,12,-0.012936547718551895,0.03838126744102913,1.0195268357291274,0.6942759349249948,-0.9997069740183622,1.2679387970453746,-0.02966116326099428,12,1,-0.17881259243608708,3.3968744884651105,0.6955165856750476,0.0003301211373565643,0.20727365517576582,1.2679387970453746,1.2595340842104317,0.9495226434631404,89018.0,4.513906613141771,1
B0017,stable,0.0003221587472684762,0.02314391009826025,1.0386604136604136,0.05939371344688582,0.0,1.0139571731481698,0.089,0.20135377589300277,0.21005761952473043,0.0,0,0.000955504608997549,0.008104998926607111,0.5796353111432706,0.9578372206817811,3.947463768115753,1.7939792914958477,0.0054543820464085365,0,0,0.1452105226367174,0.14002853067163895,1.0063028636670783,-0.0006333458617290682,0.22027206946454414,1.793979291495848,1.6760166566812407,0.6018569944240865,45349.0,3.170002563086889,0
B0018,stable,0.0015458591194124076,0.02805857115902676,1.043025913334167,0.06364358696017103,0.0,1.0320624013787392,0.125,0.38566648387927077,0.390289992470012,0.0,0,0.0015983825180642443,0.010085151945988318,0.5014117364903904,0.9570039280638338,0.26020297991795216,3.720391370205101,-0.006572672378372952,0,0,0.28152243248990005,0.10120872899951917,1.0265675884373915,-5.252339865184892e-05,0.12290283546456487,3.7203913702051006,1.8999336521988848,0.7905369410912836,59566.0,3.9996418859182827,0
B0019,structural_decline,-0.004049003354685782,0.03861323829568528,0.9298599201331947,0.12157865887082042,0.0,0.8890675436993727,0.228,0.22259577318959742,0.1983144962717409,0.0,0,-0.004017903853460222,0.02476154961881046,0.5422724824986537,0.8979645532614654,-1.3198637911464184,2.507722526036147,-0.0029422359113570108,0,0,0.21392289420792984,0.13396324623978967,0.9048054083683538,-3.1099501225562555e-05,0.2117124394184168,2.507722526036147,1.9875515439535676,0.9251479936448757,61750.0,4.513064133016627,0
B0020,structural_decline,-0.0021549977461177974,0.031146873261977435,0.9401537804357112,0.11310325804432475,0.0,0.9120402295801993,0.124,0.23270987385819922,0.2015228557182111,0.0,0,-0.001943967546336644,0.029014603771862827,0.5306351946930801,0.942651630083069,-2.025035427491724,2.36789113277623,-0.007893145482128978,0,0,0.20068110206982887,0.1167528140441104,0.9339797791192352,-0.00021103019978115558,0.22020537053023764,2.36789113277623,1.9695881188118811,0.8709587471453426,60561.0,3.854974060832387,0
B0021,structural_decline,-0.006843030361473766,0.07252070702852144,0.9168604350746654,0.18550102613601227,0.0,0.8222957333358322,0.252,0.06340489733954326,0.05070731762825363,0.0,0,-0.007430009180660095,0.014110912142105652,0.7491884580703336,0.8342345212770942,-0.37923423855676075,2.250840509429953,0.010392287848220197,0,0,0.06014375275276213,0.4150763310734622,0.8314044475264967,0.0005869788191863244,0.1745491433724076,2.2508405094299535,1.525812987953355,0.9730985047824104,81505.0,4.582751543889571,0
B0022,stable,0.002345305242910761,0.02540573599120679,0.9792840197983071,0.013571850057455204,0.0,1.0323094920132097,0.186,0.21140408087207677,0.2039255877511724,0.0,0,0.002673127708066684,0.017176117960444635,0.6773334928372761,0.99283828690332,-3.739246560452192,2.6315084547128746,-0.002885626439152985,0,0,0.14973549903206101,0.176624761058728,1.038448399018603,-0.00032782246515591814,0.11908963124682238,2.6315084547128746,1.463590960333482,0.8010523795406759,82667.0,5.134755737755831,0
B0023,stable,0.002686273781426389,0.034882663130000595,1.0446841069736938,0.012014915066979714,0.0,1.1159293529131948,0.131,0.16782519295984286,0.18780138672418728,0.0,0,0.002824115570973742,0.016786632351317075,0.6542319443088126,0.9993094876398287,9.988096882172206,1.6334970152127866,0.009896028567482716,0,0,0.05978302567171508,0.3187072708752879,1.0999248108763369,-0.0001378417895473488,0.1931892691229196,1.6334970152127866,1.4915345697388485,0.8869087583084935,36551.0,3.3651889702159004,0
B0024,temporary_stress,-0.013537972564549581,0.22942317125404407,1.5303815277662833,0.4874052727078664,0.3076923076923077,0.930479951613477,0.167,0.057201053118440245,0.1972190455860004,0.33333333333333337,8,-0.012729906684437586,0.14581650466175253,0.6552272383136127,0.5205197993382431,4.866348701642814,1.3390074909763663,0.055622646112559626,8,2,-0.24970647881310706,2.4845952600141077,0.8223752090226634,-0.0008080658801119792,0.2752168552207489,1.3390074909763663,1.5534057729284814,0.847121816992151,63831.0,3.4065001601024654,0
B0025,stable,0.0006117029579136931,0.019169994045603378,0.991404231369439,0.039993716208255314,0.0,1.025148258211476,0.21,0.3791090106955372,0.39060834958828056,0.0,0,-0.000228901883895539,0.011242245690378619,0.510012128093309,1.0001047298624113,1.575645756457539,4.37975331388505,0.00939875708095426,0,0,0.3514210533205912,0.07056085098347556,1.0146490895047586,0.0008406048418092372,0.11635228240394292,4.37975331388505,2.0278103062076256,0.8408994742114206,54487.0,4.279812009896972,0
B0026,stable,0.0006203379718882541,0.026358162752880613,0.982560544524669,0.030436512171694075,0.0,1.022558141791262,0.123,0.1391036898328272,0.15151503390998086,0.0,0,0.0006355682993469014,0.011003020628155225,0.6355955718427373,0.9964644357553825,0.9038275193798405,1.6720987030486778,0.013071663508757832,0,0,0.11811734114702088,0.19119185799647925,1.0140297088301784,-1.5230327458633639e-05,0.2272253212519017,1.672098703048678,1.6012907407070909,0.814184247830581,75824.0,4.414060756595225,0
B0027,stable,0.0013767601980464307,0.027701179023886247,1.0050708530147263,0.018735306817636688,0.10344827586206895,1.0653216907354988,0.135,0.07747205296742311,0.10963084557336826,0.0,3,0.002258900638576606,0.027598158235162863,0.6951067800124404,1.0080650578131747,3.2207578253706926,1.2630822519774596,0.02107182267427912,3,0,-0.02415679124886053,0.6450264745800723,1.0412848438324618,-0.0008821404405301855,0.230492777662589,1.2630822519774596,1.4131194221150563,0.8225675915469838,52588.0,3.784579954900926,0
B0028,stable,0.00082718585322613,0.022429168514995882,1.0317774061122091,0.01179694040642365,0.0,1.0441977536885825,0.141,0.267730747067074,0.2815907152875611,0.0,0,0.0010226519810854384,0.011774739984944983,0.5475558923834786,0.9910734672132039,0.9484693877551078,2.2829793028322443,-0.00037650801244460064,0,0,0.21875985343524731,0.10685473188063536,1.0329553238450415,-0.00019546612785932132,0.19325502084122773,2.282979302832244,1.8101413840756881,0.8323513509334626,44105.0,2.8772574559925195,0
B0029,temporary_stress,-0.01493846308724631,0.2487571079887967,1.1652201357109042,0.5703018428036409,0.23333333333333328,0.8868275502864654,0.138,-0.029068181254495402,0.18092001998348875,0.5,7,-0.01464519014805757,0.2456373368684771,0.7740723185265438,0.440821944988715,0.8042600312662841,1.611102613129382,0.23554155609018076,7,5,-0.3231974999379945,1.837039637304148,0.7325578511371811,-0.00029327293918873847,0.26560807150595883,1.6111026131293817,1.5597103823926666,0.8595123037244049,52582.0,3.9124482254024158,0
B0030,structural_decline,-0.007559300227650526,0.06309442815184022,0.9154943179989055,0.19418694330606256,0.0,0.8290108427722412,0.174,0.08910127481966519,0.04779893235743346,0.0,0,-0.007503254227587708,0.04162887862280361,0.6376327449187705,0.8603263417363558,-1.1451983898792417,1.8049082755809212,-0.0026183383057277313,0,0,0.05307968000967835,0.34932701185603393,0.8601025299801898,-5.604600006281421e-05,0.25877347211477597,1.8049082755809216,1.7340309830760252,0.9587265861461021,52452.0,4.75920577071393,0
B0031,temporary_stress,-0.006667280849672531,0.23503207853727517,1.5472866496504272,0.4859443306955896,0.2962962962962963,1.0164075037352664,0.289,0.19229705052293727,0.2632789710427915,0.0,8,-0.005911612781736186,0.07012592599631787,0.6030008750161376,0.5213435891760279,0.5747148508007227,1.429539295392954,-0.026263073432571463,8,2,-0.25128659177688006,2.3779516656119752,0.9644319628133473,-0.0007556680679363441,0.1976102018274927,1.429539295392954,1.4654093995683066,0.8612747902812475,51315.0,4.259448840683969,0
B0032,stable,0.0035464727074006113,0.04023493573214515,1.0133613460865079,0.05135599521708978,0.0,1.1117050672722342,0.201,0.4311853779604305,0.43392076618430864,0.0,0,0.0029088946443072685,0.010317086850193495,0.45495216964318186,1.010530440811487,0.0886556498436818,3.1548936699415493,-0.014059344259000557,0,0,0.32063584570090736,0.11168688655356902,1.1050130123290562,0.0006375780630933448,0.1548394136689339,3.1548936699415497,2.0591538515065064,0.873855406332501,80964.0,4.881221048823867,0
B0033,temporary_stress,-0.002972446279898368,0.13106778787459278,1.1286622137685969,0.365155686533018,0.12121212121212122,0.9913529024002482,0.201,0.3118900823348456,0.31444709723045444,0.0,4,-0.002688908113416509,0.009924010220560579,0.5583367081662247,0.6741944239792159,0.043204792212654525,2.98609780382874,-0.0283132897193155,4,1,-0.03528636240257474,0.47677322895715063,0.9894011658717542,-0.0002835381664818722,0.1264321266672763,2.98609780382874,1.679098164541819,0.8391460484365348,63694.0,4.939625421691419,0
B0034,temporary_stress,-0.007763992150198144,0.15361029455757827,1.2164036650547212,0.42104519108430327,0.16129032258064513,0.9805381461759578,0.189,0.09036646089565369,0.19952517833861785,0.16666666666666663,5,-0.007934471483664236,0.10382217839239871,0.7171278617635264,0.6867725366382357,0.6636435073014213,1.8527775210278215,0.13682134274000818,5,2,-0.21359345302609054,1.0088513929717593,0.9008529287027002,0.00017047933346609474,0.18256002510854213,1.8527775210278212,1.4780406372221693,0.8203536708045127,37074.0,3.494086046840394,0
B0035,temporary_stress,-0.00038940373007273634,0.19244411071259074,1.3189615784008308,0.39166247484909456,0.31999999999999995,1.014021629778672,0.117,0.2514252179745137,0.27809954967902656,0.0,8,0.0007037900479801903,0.02937693220111335,0.6241943272238668,0.6127389336016097,0.2750750305680099,1.8622357723577236,-0.035148390342052256,8,1,-0.16000167672702884,1.5782259053292398,0.9983023138832998,-0.0010931937780529369,0.12395288782515589,1.8622357723577236,1.362253975533959,0.8686408868557306,52469.0,3.299107142857143,0
B0036,stable,0.000646691165856927,0.017632545055409444,0.9862372065021071,0.035005007694750456,0.0,1.0016122334318587,0.178,0.28479126462613286,0.2818138673013236,0.0,0,0.00010512436025671116,0.011306460869362751,0.533654022244741,0.9747416762342136,-1.3941176470588252,2.6079545454545454,-0.00255654158480459,0,0,0.2676551774678164,0.04660915762930626,1.0004030583579646,0.000541566805600214,0.18166945438118842,2.6079545454545454,1.8974795640326976,0.32417855289034236,50639.0,3.710994943449691,0
B0037,stable,-0.0005283906977177543,0.023949249519038165,0.9933229388590676,0.053756315745879246,0.0,0.9591177479854694,0.21,0.1419223533031203,0.10628607941147118,0.0,0,-0.0003942462722976472,0.031222978749707603,0.6751899158858348,0.9566091988025228,-3.432590855803048,1.7032442327202155,-0.02300900812573862,0,0,0.07367088308030909,0.2712816578753207,0.9875400835394209,-0.00013414442542010848,0.18109707877015985,1.7032442327202153,1.445772353265434,0.7697513507771118,56284.0,3.9959768550839536,0
B0038,structural_decline,-0.004513349050348054,0.06059595618053578,0.8803061731280493,0.19667210377476863,0.1333333333333333,0.8236736190871449,0.165,-0.023878234516306496,-0.09397253134380222,0.6666666666666667,4,-0.005231046890363062,0.07645060504717897,0.8474268772954556,0.8359833605188738,-10.585707146426778,1.4673060371326694,-0.03173634943461891,4,0,-0.0788155469119478,0.8624376508097117,0.8724724686079394,0.0007176978400150145,0.17994159033585558,1.4673060371326694,1.310516921059342,0.8546486977485259,46879.0,2.7147641614145486,1
B0039,stable,0.0020136382839957725,0.030627181389065346,1.0264365073051733,0.011208276881389367,0.0,1.0672633466080934,0.234,0.3280097439476673,0.339008048923063,0.0,0,0.0019352135758693109,0.009085364755231959,0.5365796951692069,0.9989407562507698,0.6774566473988448,2.8508343828715366,0.013616502149572687,0,0,0.2531236742346485,0.11107896130320517,1.0595174556253508,7.842470812646161e-05,0.1538362180315164,2.8508343828715366,1.8096332428698534,0.8939226043643551,52108.0,4.278687851541651,0
B0040,structural_decline,-0.00950159076928407,0.10367086306938661,0.9266669880912203,0.2529831678212997,0.4242424242424242,0.7509417063983351,0.206,-0.1080262360719648,-0.12135650878110645,1.0,14,-0.00904297506958999,0.016780398026611607,0.8376690946930281,0.758870479150752,-0.6410423452768723,1.0994399064094997,0.0037322054180574495,14,0,-0.12422622026710217,3.910012624966854,0.7594236493427811,-0.00045861569969407725,0.30457856399583766,1.0994399064094997,1.39467503121841,0.9806102998348337,32757.0,2.588599425756658,1
B0041,stable,0.001556357578922092,0.027236589355176765,1.0378688201046018,0.023149751273194075,0.0,1.0716113611986184,0.173,0.17666782091669977,0.1843500586978369,0.0,0,0.0017717068070025152,0.007386722685236436,0.6139102599656127,0.9856067836119018,1.0688960515713168,1.5643686051453043,0.00024758059942979894,0,0,0.09472732954401493,0.2105200720159576,1.0659273835966994,-0.0002153492280804212,0.22034878653661785,1.5643686051453043,1.5576691806426954,0.7979038990778968,100968.0,5.116491980777514,0
B0042,temporary_stress,-0.005528223288480847,0.21527561909005008,1.5970327552986514,0.4843819174578189,0.2068965517241379,1.0263662747798712,0.168,0.2860568645776969,0.29416913206327344,0.0,6,-0.006363606844743867,0.009638258709422405,0.5541707887942475,0.5193959368389985,0.053331854972835116,2.0706881440962253,-0.07199848211211288,6,4,-0.2136110974469969,1.0958166236281424,1.019307393378917,0.0008353835562630125,0.16519074391332672,2.0706881440962253,1.6290320359515076,0.8634292406235977,57240.0,4.223523045895027,0
B0043,temporary_stress,-0.002816361622159183,0.1519754354608263,1.1606895386175426,0.4191972550425992,0.1515151515151515,1.004991712787508,0.261,0.2653943453102131,0.275334015511003,0.0,5,-0.0027359502372288065,0.013986513956213083,0.5544715920673287,0.6393424508825154,0.08655766169873964,2.059781221155168,-0.05244663159774969,5,2,-0.15322135096102585,0.7366418034941481,0.9985073324868422,-8.041138493037277e-05,0.17973732490753952,2.0597812211551685,1.6676788607405568,0.8299381084018277,66511.0,3.86800554419362,0
B0044,stable,-0.00062343425371273,0.026526417369080086,1.0496156208700185,0.05239428556093295,0.0,1.006825480601501,0.156,0.23296089885228155,0.22982329915694255,0.0,0,-0.0010932029874040907,0.004809288906744909,0.6348546246131747,0.9527046973261649,-0.32579617834395275,2.709196603370206,-0.0063840799275152425,0,0,0.17705099877445496,0.14954624781808012,1.0088561281723278,0.00046976873369136365,0.13422949714924143,2.7091966033702066,1.5885814187117564,0.7637676650400248,83315.0,4.471807991984757,0
B0045,stable,0.002610719696058878,0.029105540196377545,0.9859967322958096,0.027185995623632442,0.0,1.032875273522976,0.233,0.29992122538293214,0.2817205376680212,0.0,0,0.0032407883873967038,0.016851245116651394,0.5655499669425638,0.9913628008752735,-9.100343857455472,2.7904340927122293,-0.008410128165051607,0,0,0.22800875273522975,0.11815262844630883,1.0458555798687088,-0.0006300686913378245,0.14767886583702267,2.790434092712229,1.7200935946183094,0.8577707438545749,58954.0,3.0960525164113784,0
B0046,structural_decline,-0.003138385944455065,0.045263043549910065,0.8951467867354993,0.16107950176841457,0.0,0.8522989389512533,0.093,0.12413501460864217,0.0822159003536829,0.0,0,-0.0030626290539701494,0.04117132823698163,0.6323335983233359,0.9110410579732431,-2.4533299048598627,1.9831688311688311,-0.012416247446233616,0,0,0.08842072889435645,0.21037577321676323,0.8865779896458046,-7.575689048492673e-05,0.22765050227650502,1.9831688311688314,1.700842845603414,0.9249039644005075,54875.0,4.219206520067661,1
B0047,structural_decline,-0.011683371292486101,0.14445399066632228,0.8814020192748968,0.3668394416425568,0.5,0.6512538568444239,0.109,-0.2546872131949968,-0.284748310855105,1.0,18,-0.011538106535790243,0.039599555293798466,1.1037449722088437,0.6779480276556504,-1.3737332237743072,0.7325207860922147,-0.0040891603785482575,18,0,-0.2780074645782164,2.535454094230396,0.6714886326885593,-0.00014526475669586022,0.2755424807674785,0.7325207860922147,1.1841458345703937,0.9846976716049635,67178.0,3.523106103647504,1
B0048,stable,0.0014266688034488112,0.02373052935557646,0.983229311034425,0.037192439696427826,0.06896551724137934,1.0040121815633005,0.18,0.06075312998501473,0.038703671733110505,0.0,2,0.0013616318856157956,0.01933121634805029,0.7445556543620986,0.9824604824285782,-2.8439504061564795,1.2297352626901146,-0.007148174491916942,2,0,-0.00562672209600232,0.6347118547921465,1.0219558176632668,6.503691783303208e-05,0.19599644296444854,1.2297352626901148,1.322049323953239,0.8377913781591625,51856.0,3.0080340310339824,0
B0049,structural_decline,-0.01136460800739502,0.1070778753316513,0.9305994218011063,0.25827604136576354,0.0,0.7707839852100064,0.269,0.09471951008146051,0.05277601247905717,0.0,0,-0.01073835677343026,0.045273477263501095,0.6300100560264329,0.7634669824946558,-1.2715808437171625,1.9265449238217287,-0.037464407451119494,0,1,0.060459876364896865,0.49795136256535144,0.8043214512681264,-0.000626251233964745,0.25222669156730354,1.926544923821729,1.7552874517657402,0.7813123875191993,56576.0,4.902882893292507,1
B0050,stable,0.0023161562375682244,0.027503496662878945,1.0279832667627804,0.014245154312262587,0.0,1.074642642052089,0.185,0.19665441673529085,0.2113276455725541,0.0,0,0.00245435531874981,0.01712147595698465,0.6318427405448902,0.9949730214722041,2.7034161490683473,1.8068867257373435,0.010050445369578618,0,0,0.10793869298558278,0.20855274425781184,1.0691854819876847,-0.00013819908118157555,0.184228072192206,1.8068867257373435,1.5269010902363946,0.8229062283841502,61210.0,4.513956318137683,0
B0051,temporary_stress,-0.004126474999809821,0.13972841559369475,1.423963578139167,0.38293539613770866,0.24137931034482762,1.0475474586231872,0.215,0.05729202257786767,0.11349380982968965,0.16666666666666663,7,-0.004026860819614112,0.05171605287991428,0.7180480667624027,0.716106547854966,0.5373896679958768,1.0188348064235029,-0.02419057251021613,7,1,-0.31346608536402026,6.3437557912612785,1.0088152086266042,-9.961418019569643e-05,0.22516053865120436,1.018834806423503,1.3229705572458534,0.8011792443188176,54878.0,4.50010250242589,0
B0052,temporary_stress,-0.00992087614744891,0.16614847527998,1.2706358180394886,0.39835263220723416,0.2692307692307693,0.9664557717559985,0.14,0.05965739524889579,0.1792808540391206,0.33333333333333337,7,-0.010346430856159874,0.11920667158442036,0.6646130677345381,0.620851736898651,1.2491719200769311,1.309423076923077,0.1076928324152867,7,1,-0.22851259400740123,2.155341883747844,0.8719410290079981,0.00042555470871097155,0.2669678611767122,1.309423076923077,1.5194690109683742,0.8575578106297183,30211.0,2.704816760176674,0
B0053,temporary_stress,-0.01836103455766782,0.23380372182515202,1.1747924838091761,0.46948889750263034,0.31999999999999995,0.8184284844122045,0.226,0.0367683703416579,0.1761923219922001,0.5,8,-0.017706385480071727,0.16711611353657327,0.7188889104567425,0.5393321889362644,1.1805723012619562,1.8931709791983764,0.12876128246303775,8,2,-0.14743341270280746,1.292686603612076,0.7131762556066227,-0.0006546490775960863,0.2295552924277423,1.8931709791983764,1.5957949595718317,0.8777345187076631,46508.0,3.8630045960462924,0
B0054,temporary_stress,-0.007175950108680527,0.20912822283822283,1.6219616980994684,0.5435974348365742,0.19999999999999996,0.9828816714935871,0.09,0.22649462143152668,0.2580863230687392,0.0,6,-0.007456947750983379,0.03340080554490195,0.6249595948712423,0.46605295821266035,0.2081588939733224,2.0537180480247867,-0.06008777114486673,6,4,-0.298286443249207,1.363565890447451,0.9599710384774514,0.0002809976423028656,0.13910138993642926,2.0537180480247867,1.4509929550512424,0.8281361866047464,74164.0,3.8355399255275135,0
B0055,temporary_stress,-0.0006717681615675409,0.17423076149253017,1.038920682600927,0.44049207054987405,0.2727272727272727,0.984066992737513,0.193,0.08941010819623536,0.08299032374176873,0.0,9,-0.00022925617961320062,0.011702386185424797,0.7294990029910269,0.5773528975841115,-0.12331218480559822,0.9908500182245517,-0.029240509009295187,9,2,-0.3547749617113779,7.8298481104678626,0.9910577540635345,-0.0004425119819543409,0.180284147557328,0.9908500182245515,1.2448687365661535,0.873308274208382,34736.0,2.5741811175337186,0
B0056,structural_decline,-0.00408316159301194,0.0639456768931371,0.8738898756660747,0.29561285882115607,0.03125,0.8170738943146352,0.139,0.029061695285336246,-0.0499505834207801,0.16666666666666663,1,-0.0037086148049349944,0.08990473380730934,0.7652507229770285,0.9072731372153461,-18.983382209189227,1.7821646341463415,-0.037425048696097446,1,0,-0.018868148429434312,0.47665878421528207,0.8699284434370883,-0.000374546788076945,0.20134228187919462,1.7821646341463415,1.470335019662667,0.8768803611014387,71242.0,5.072470303433054,1
B0057,structural_decline,-0.00948916160973726,0.1156314373185763,0.8507587262209754,0.35338194619059593,0.33333333333333337,0.6848177017852654,0.146,-0.18523510183555444,-0.25656525018858434,1.0,11,-0.008793880319860586,0.08839031292506393,1.0098516126394963,0.7781262257983406,-1.6431011200254153,1.0441032913057329,-0.01395912209490278,11,0,-0.2476238370631129,5.274438323934916,0.7381342720643702,-0.0006952812898766873,0.24109880227282018,1.0441032913057329,1.2506444395657526,0.9683615461200341,77941.0,4.703505154639176,1
B0058,structural_decline,-0.0028269549727592803,0.0402187991862485,0.9074424609530466,0.1310676331766455,0.0,0.8773877204328059,0.184,0.19542870380201344,0.16393706194387633,0.0,0,-0.0026604152905571566,0.030161060638073757,0.5875248710981793,0.913768906305802,-3.131293188548869,2.545802057269947,-0.010717284800081654,0,0,0.1715780431068598,0.15526786143497198,0.9023097786743627,-0.00016653968220212481,0.195887978434351,2.5458020572699467,1.8499988397187477,0.9026656840999209,86069.0,4.984546779533411,0
B0059,structural_decline,-0.013151505660639416,0.15581660667238825,0.8796004745097465,0.3701054673293732,0.5,0.642502121469269,0.237,-0.16696238662537607,-0.19242946409875733,1.0,16,-0.013365777531050914,0.03316382399117061,1.0603396603396604,0.6692844311707205,-0.8307654381856253,1.0582541644976575,0.0025939389741063143,13,1,-0.18435292432140535,6.819810486300001,0.6618984119287187,0.00021427187041149216,0.1919080919080919,1.0582541644976575,1.1912333615540192,0.9310927799776493,76170.0,5.036643560100949,1
B0060,stable,0.0026925389315216553,0.03120515177321618,1.0071063104036384,0.020080991942554083,0.0,1.0813175802613453,0.242,0.1971861562226026,0.2193094810670898,0.0,0,0.00261866431387135,0.018598321771984838,0.6095117132373694,0.9974733853797021,1.6939938623410569,1.8442292339199555,0.017591593060219266,0,0,0.1205193503945226,0.20556442216080645,1.0649855967937212,7.387461765030657e-05,0.20533446232006775,1.8442292339199555,1.6322563754715407,0.8615301600242209,66173.0,3.31514215338371,0
B0061,temporary_stress,0.002729229091735,0.2623787149225569,1.1062215624277012,0.5280476823463831,0.33333333333333337,0.9810213970241413,0.28,0.12246473135800351,0.12023302112749405,0.0,9,0.002718579820762402,0.0077394269507807135,0.6549692823842099,0.48096736846618926,-0.020847066578772663,0.8501575763960215,-0.05464161669127137,9,3,-0.41173191544101884,6.984254235805317,0.9841344710775695,1.0649270972580545e-05,0.22059169535096512,0.8501575763960214,1.2827925339313664,0.8736773486088767,55625.0,2.862227177222246,0
B0062,stable,0.0021054535667703387,0.02657401169388688,1.0032039176358734,0.013378063249191996,0.0,1.0552714478582825,0.189,0.10836094860150826,0.1132843564132687,0.0,0,0.0017085873032219709,0.01252753642661038,0.7074013008425617,1.0005563965143394,0.9868791002811883,1.499750352443609,0.004956137018486215,0,0,0.05670335065253856,0.31678178348588015,1.0504302526967504,0.00039686626354836115,0.18944006647019876,1.499750352443609,1.4028027025214858,0.7803455695589537,58312.0,4.771263756494702,0
B0063,stable,0.0019256587554440248,0.028738748351892166,0.9719886207671001,0.03757814895290401,0.0,1.0439233773677965,0.251,0.17468040577469107,0.1791365385750658,0.0,0,0.0014447690441131966,0.012871911278961605,0.6122001001270844,0.9898956236586374,0.4642857142857032,1.7145933200826222,-0.0025708458463701523,0,0,0.12143914046149538,0.17043093791799674,1.0384446192196435,0.0004808897113308229,0.21958639812069164,1.7145933200826218,1.6167884618754709,0.6951869268301551,57313.0,4.584000959782449,0
B0064,temporary_stress,-0.010241016189056266,0.20721249155240265,1.4256856657056258,0.46840257803970375,0.25,0.9992134396168159,0.259,0.16615207616722039,0.2871569280205009,0.16666666666666663,6,-0.009378484587550905,0.12008708168771064,0.6722495171180046,0.5427548396942979,1.0996781037383858,1.9806603773584905,0.1155207314843854,6,4,-0.25033751658233644,1.486711473491526,0.9056127540179147,-0.0008625316015053589,0.14428125121530702,1.9806603773584905,1.4112826492537314,0.8206833651493309,72154.0,5.082401004918937,0
B0065,stable,0.002545708976628416,0.03135314360015668,1.0029820648876813,0.03699038961750134,0.0,1.0639688232985607,0.211,0.15257965300404314,0.14405586564500122,0.0,0,0.0025445292727311634,0.008028425989183898,0.705917431974238,0.997053911234017,-0.38599971659345583,1.80745058387359,-0.015303077121657207,0,0,0.08938659657384844,0.26296744230150704,1.0713066652063996,1.1797038972571907e-06,0.15165868702186025,1.8074505838735901,1.3973785897824282,0.8618116953179835,68220.0,3.7357281712893244,0
B0066,stable,-0.00017040175597151177,0.022593128167533783,1.013258871834979,0.031838761501387425,0.0,1.0205686188598413,0.228,0.25449101796407186,0.27330634897452466,0.0,0,-0.0003536214150282728,0.017945790232019497,0.5177104815659033,0.9893603037826785,1.2134015069967659,2.0808700209643605,0.017160800350518396,0,0,0.22116742125505087,0.0958223133229399,1.0091645976340002,0.00018321965905676525,0.23010962769998913,2.0808700209643605,1.9151614895951463,0.668623376472391,41337.0,3.018621293997371,0
B0067,temporary_stress,-0.0032880070299077936,0.12383409868891415,1.23108563012834,0.3497731787074222,0.16666666666666663,1.0046405121043638,0.219,0.1081542905220793,0.09437624454321626,0.0,6,-0.003689053907201343,0.011681465106749804,0.7013424252522923,0.7270684974282022,-0.08860202715624393,1.2413412211250483,-0.0846414538371273,6,3,-0.27820520604741134,2.7151394306645624,1.015075158948382,0.0004010468772935399,0.192109513189264,1.241341221125048,1.335577235250971,0.8631877128535604,58815.0,3.060916479455976,0
B0068,temporary_stress,-0.008566424439676907,0.23121393102566576,1.7161601310230594,0.5238321032449593,0.25806451612903225,0.9753226404980827,0.211,0.06786789263183936,0.10343227052912456,0.0,8,-0.00782958509954871,0.03933666203146832,0.7216817950136101,0.48049725807116644,0.3397251949630335,0.8141407993507811,-0.03456067290644451,8,4,-0.4299055786912959,5.504152728635091,0.9505112769554283,-0.0007368393401282005,0.206916745290692,0.8141407993507811,1.2285192008177468,0.864730145669256,60761.0,3.757947470416031,0
B0069,stable,-0.0005082121761953456,0.02194436412706773,0.9804633611945142,0.04753204835419145,0.0,0.9841153842250032,0.235,0.2665062980217817,0.26698653396378796,0.0,0,-0.00032165845845661225,0.011892183395245788,0.5276645492354487,0.9563046192259675,0.10029069767440758,2.3412133798771597,0.00263433773984608,0,0,0.23659450077646843,0.08519501987232019,0.9810704099550358,-0.0001865537177387314,0.20068695814107473,2.3412133798771597,1.8797237165438,0.7226462082267427,58846.0,3.5836911178100546,0
B0070,stable,0.0026080156066033825,0.03042358896280307,1.0284449289711102,0.033273629098925284,0.0,1.0650087260034904,0.092,0.19372875907045098,0.19560255350417935,0.0,0,0.0026687863488079524,0.009217061793495603,0.5996214169821524,0.9817856158721411,0.2038543897216346,1.660746201966041,-0.003659016651576542,0,0,0.11031505465233765,0.20338990019356948,1.06147239827317,-6.0770742204552466e-05,0.21786911844240128,1.660746201966041,1.610042914052215,0.8382077719751688,35290.0,2.431110498759989,0
B0071,structural_decline,-0.015630437475772366,0.20497227359508957,0.8249901888108839,0.5555226970279461,0.2777777777777778,0.49572674848440046,0.154,-0.14027798314357534,-0.22583764601508208,1.0,10,-0.01598981969231857,0.14019055707855013,0.9700573482385899,0.6148159100990684,-2.5189552238805994,1.7476145637162586,-0.025796666737077808,10,0,-0.19411503770516045,1.454999028659879,0.5595002217950614,0.0003593822165462025,0.2806628082137477,1.7476145637162586,1.5057290649566515,0.9910095995897015,30950.0,2.745822859677658,1
B0072,structural_decline,-0.004548059440108101,0.052839830754721366,0.8923278934533859,0.15973537643832525,0.0,0.854626671567103,0.195,0.18885527692177206,0.1597999975767073,0.0,0,-0.004254876066751396,0.02969572096008198,0.6366811662165877,0.8771592547567215,-1.0239111870196402,3.1553798858146687,-0.0003392609765061629,0,0,0.17172259760821013,0.1775022972113075,0.8741765853382715,-0.0002931833733566893,0.14728093012726184,3.1553798858146678,1.721662531765084,0.9391417663405149,45158.0,3.830086794266489,0
B0073,stable,-0.0008588240665078626,0.02111327220268303,1.0156002534051316,0.06365056980599915,0.0,0.9720242405762854,0.256,0.11762015474330147,0.10851850440218003,0.0,0,0.0003854691128388574,0.00936597982858185,0.7216179337231968,0.9451880931508938,-0.5166913946587627,1.5912497773393073,-0.013358452349190638,0,0,0.04886229370735984,0.29818795299910306,0.9776270152837596,-0.0012442931793467263,0.1580701754385965,1.5912497773393073,1.3385595382126148,0.6872506059124641,75695.0,4.327571749818958,0
B0074,structural_decline,-0.006742880596638141,0.08016112935711849,0.8353311174094405,0.23271064087728,0.13793103448275867,0.7984423504344152,0.209,-0.00630039859664591,-0.028887366926712173,0.6666666666666667,4,-0.007702612572040976,0.06930373129566535,0.7459222436396019,0.79164600209401,-0.9348364394630493,1.6714027383105141,0.0007872218154909864,4,1,-0.04781322900020205,0.5853389151799301,0.8147627707059018,0.0009597319754028387,0.261810557640932,1.6714027383105141,1.5990568597964936,0.9041597677699473,84435.0,4.65283517936849,1
B0075,stable,2.692747989548323e-05,0.02210374725521097,1.0466135172017526,0.034380807568846095,0.0,1.0379850199921157,0.144,0.20994537365545984,0.2276800296060307,0.0,0,-0.00015936430324790674,0.018009982167115628,0.6165522920669777,0.9807737793546207,2.2443494196701206,2.070158583931039,0.012818284941954547,0,0,0.15405192318522273,0.14958204211624027,1.0257926451540238,0.00018629178314339925,0.17878122426571505,2.0701585839310392,1.6042206831914019,0.7715600475620491,35986.0,3.039871599932421,0
B0076,structural_decline,-0.004693399199556727,0.05841500889396254,0.9111104632518002,0.1641035733363322,0.0,0.8548455115409486,0.143,0.21138257096535373,0.18146888207896394,0.0,0,-0.003923836359860301,0.029820466267049723,0.6204829557574981,0.8961736343445135,-1.2290429042904294,3.5026819809512486,-0.0027873388946233267,0,0,0.1764832672645656,0.19657572603155177,0.878630267929939,-0.0007695628396964234,0.1389351081530782,3.502681980951248,1.774523590484952,0.9404928657533917,68430.0,3.847732576119655,0
B0077,temporary_stress,-0.002256429212902747,0.15435047385830625,1.267439566433404,0.40160798447463264,0.1923076923076923,1.0169485260142317,0.207,0.19806857037242398,0.20997557659049193,0.0,5,-0.0025972479912041886,0.012714586194148506,0.6672313073415497,0.655115054061547,0.08082241865066492,1.9106485064231542,-0.06770802804071455,5,2,-0.20336382959061083,1.1578750999622103,1.0092782552444322,0.0003408187783014454,0.1365209588514293,1.9106485064231542,1.3945745874365931,0.7831523322238185,86781.0,4.811810368727475,0
B0078,stable,0.002737835006908027,0.03056634369779157,0.9867874716475997,0.030736465700838655,0.0,1.047143270317882,0.288,0.23813530355217838,0.23920354879784841,0.0,0,0.0029056954558130013,0.003493994922114912,0.5840733530113672,0.9814424315725817,0.10777626193723652,2.024151724137931,-0.004421723991571229,0,0,0.13940525333263218,0.1928491216747353,1.0466568506297163,-0.00016786044890495835,0.18840670727877915,2.024151724137931,1.641798159680918,0.8879076310622578,30873.0,2.435227302605632,0
B0079,structural_decline,-0.0071044878993952315,0.10252578321737549,0.9213372169198053,0.2936281645978517,0.25,0.7626390097252969,0.181,-0.10305886001257655,-0.13836969911016544,1.0,9,-0.006548430705758271,0.038665330194180315,0.8601995274350224,0.7736650328627174,-0.43179602008017604,1.2093975643927148,0.023232913663531564,9,1,-0.13332873915702606,2.1079539262611946,0.7874647899456451,-0.0005560571936369686,0.2706747177736939,1.2093975643927148,1.378599608225989,0.8727048626251008,100328.0,5.185400856239609,1
B0080,stable,0.0025028894396332203,0.03219465148323061,0.9820716518886782,0.025843140699104206,0.0,1.0583831020551553,0.24,0.16228262778851218,0.1722723394645052,0.0,0,0.0029049754452984415,0.010515772176535982,0.6579546166210885,0.9921658176708238,0.6311533888228217,1.71635375964929,0.012908709944543432,0,0,0.08809063762515369,0.28191165246210254,1.0517960653434042,-0.0004020860056652165,0.18775442039120724,1.71635375964929,1.4899758680824784,0.8390810389788433,75168.0,4.951343755489197,0
B0081,temporary_stress,-0.020948718200973545,0.264645446683471,0.9967445717269127,0.5377532047182898,0.3076923076923077,0.7448326069633142,0.155,-0.06744911310712565,0.0730033491256154,0.6666666666666667,8,-0.0201491486499406,0.19422457795241477,0.921491295640117,0.4683856877231989,0.5862146638134929,1.8526220265678097,0.19002233218884956,8,1,-0.26912747055987873,2.1173653520230613,0.6385825454760101,-0.0007995695510329441,0.18413187490371283,1.8526220265678097,1.3573101658244486,0.8708416212075982,73933.0,4.364103219967141,0
B0082,structural_decline,-0.007978223581176839,0.07527621534557652,0.9376259513607639,0.18881537749462274,0.125,0.8679789811865284,0.083,0.017433998566074038,0.023818988239473413,0.16666666666666663,3,-0.007328766393573618,0.03527857601645124,0.7625461678108632,0.831092597130333,0.07157806613645865,1.5151286111910933,0.04779407474825271,3,1,-0.029095991360142306,0.7053133415919667,0.8698485302258887,-0.0006494571876032238,0.21741126390251028,1.515128611191093,1.4312000218521024,0.8932738656627672,84005.0,4.574314574314574,1
B0083,stable,0.0016856101304301876,0.025465935264763616,0.973861340635562,0.03292069515978435,0.0,1.0292862664779174,0.134,0.24722146923285443,0.2598234992921901,0.0,0,0.001059932914572308,0.012557305039836856,0.5359295271990797,0.982548718412096,2.023770038695406,2.084366353503931,0.00941451849557037,0,0,0.21103782014597955,0.08969983462843464,1.0211841008804956,0.0006256772158578821,0.22197752499680473,2.084366353503931,1.874973751902987,0.7047561769018518,47350.0,2.852323725189,0
B0084,stable,0.0027019997325993337,0.02675236109895083,0.9747919622249984,0.009928852678520839,0.0,1.0434259648007989,0.278,0.3448545848604854,0.34425934001092584,0.0,0,0.0015909352165180538,0.008090939208471157,0.5184799018170365,0.9984862754887832,-0.15423387096773208,3.1872310671256456,0.001632060224773064,0,0,0.30723841728414675,0.06487040647296935,1.0447762887650776,0.0011110645160812736,0.151445049037177,3.1872310671256456,1.9430522105397174,0.7702919856983379,46381.0,3.15778365313695,0
B0085,structural_decline,-0.009710211438328318,0.09606680380296405,0.8769762695342248,0.26871533260455893,0.1724137931034483,0.7504217444700866,0.093,-0.032147050487874,-0.06940940350390132,0.6666666666666667,5,-0.009738891724341366,0.04118725520471762,0.8580683258940202,0.7775699421029192,-0.8659139784946233,1.7495246123385153,0.0028850213715997898,4,0,-0.06861276434943385,0.837685537634978,0.7770490033334683,2.8680286013047616e-05,0.1833023603174879,1.7495246123385153,1.3700409659335921,0.9738491754907072,31168.0,2.5238268755820075,1
B0086,stable,0.003044309289394974,0.029201020207959793,1.043191701778432,0.029781329496107123,0.0,1.0631514933490933,0.092,0.40162396895958064,0.4142603856559197,0.0,0,0.0040657335829111674,0.017050097522352117,0.4932805618861467,0.9836318318472647,0.5917216721672187,3.562463433410316,-0.004359460977391403,0,0,0.2928454574264888,0.12049213601358712,1.0560851727180067,-0.0010214242935161844,0.1264243830039173,3.5624634334103162,1.8839133590556598,0.8949409518420421,87110.0,4.4767068376288,0
B0087,temporary_stress,-0.005440354176992083,0.22579279021837734,1.5374947851481018,0.5408566846087315,0.2962962962962963,1.0007977361088953,0.266,0.1392427385021035,0.1600352203491084,0.0,8,-0.0065163059444551166,0.02997905388015346,0.711850897127158,0.4688975286975069,0.1248185274801237,1.245236270753512,-0.07289460646418168,8,4,-0.37737116561841344,5.510187799458917,0.9903012083602745,0.0010759517674630195,0.14754265169758846,1.245236270753512,1.262612550737051,0.8462899034802452,92104.0,4.640506520443037,0
B0088,structural_decline,-0.014375602008075684,0.12000649582674766,0.8751666364938034,0.3060784476324737,0.31999999999999995,0.7124416065455953,0.268,-0.0798988307488183,-0.10959093978415643,1.0,8,-0.016156716655928865,0.03484847043351951,0.9462351436738378,0.7376565220996766,-0.8061237617393555,1.760638888888889,0.0035705400826886516,8,0,-0.1272078945186168,1.3302682387514722,0.7349420902783536,0.0017811146478531868,0.1624793139762299,1.7606388888888889,1.31090062736365,0.9872348155364408,54640.0,4.53105564308815,1
B0089,temporary_stress,-0.004811167754327123,0.21889987774703923,1.4677163401934044,0.5264442636289667,0.2692307692307693,0.9901197256770893,0.23,0.14262466581425084,0.14897271241403692,0.0,7,-0.0047622198406808425,0.009170768195991245,0.6149713648573311,0.48127729529566093,0.03552086651799967,1.1417568489811836,-0.0861825609006824,7,3,-0.36718088374487307,5.719223175584103,0.9829295428505006,-4.894791364628008e-05,0.23992701839744565,1.1417568489811836,1.4428575930419436,0.8313786078882731,27358.0,2.7257601169027414,0
B0090,temporary_stress,-0.008896607844809334,0.15469107149462394,1.179798344718865,0.4378845950982805,0.21875,0.9202855234009635,0.28,-0.0263136303433079,0.0783113062377452,0.5,7,-0.008702167390429418,0.10630693416092522,0.8649732062078086,0.6605576848693695,0.6712127462101678,1.2066800602712204,0.13024970739377006,7,1,-0.3034565209747178,4.799828073146343,0.8420947759532098,-0.00019444045437992815,0.16627461897139675,1.2066800602712204,1.2274966783946215,0.8464613210167927,38003.0,2.6725974893631985,0
B0091,structural_decline,-0.011926963419644108,0.10968011159614656,0.8844936708860759,0.30479886271948364,0.0,0.7812399943648263,0.151,0.09330054686799606,0.10486216694385136,0.0,0,-0.012160094103460615,0.05517667212915539,0.6489307577423643,0.7724440004610598,0.16060753934366226,2.2793704806465334,0.04177420151600816,0,1,0.0617563811938884,0.4402441030427126,0.7803562966662824,0.00023313068381650417,0.23150777108532603,2.279370480646533,1.8137098292648854,0.9002995861057266,54575.0,4.193721904176432,0
B0092,temporary_stress,-0.008364636699132151,0.25342264570264367,1.7572840456937493,0.5378741626753115,0.29166666666666663,0.9913408373676832,0.096,0.23401236531863484,0.3059724759259554,0.0,7,-0.007803385676135138,0.07642440220822609,0.5828098751004309,0.46989070709329017,0.764182842830306,1.8422754329004327,-0.011102989861814586,7,5,-0.24307567953359185,1.5773811094390426,0.9418279690093126,-0.0005612510229970202,0.16872397925644583,1.8422754329004327,1.5294627652543098,0.8540000150700532,65082.0,3.357828932093935,0
B0093,temporary_stress,0.0004951550291833104,0.2307365894392088,0.98136546666267,0.5729697517672201,0.1875,0.9981300345224395,0.159,0.21907364787111622,0.20606784716187965,0.0,6,3.354666001062008e-05,0.012643454366887717,0.6121077602883382,0.44202285056715435,-6.5029003546182835,1.8383516630901287,-0.007272609849463428,6,4,-0.3134555318099622,1.3935331178019095,1.0091443366759822,0.0004616083691727008,0.17080372233195545,1.8383516630901289,1.5349741101165695,0.8415745116045158,62077.0,3.8268740752917965,0
B0094,structural_decline,-0.010078101415602881,0.11183952576125719,0.8900765301485157,0.29522058823529407,0.0,0.7272671568627451,0.098,0.06871936274509803,0.03721726190476185,0.0,0,-0.01032743903096428,0.03638766682947452,0.7159954252103586,0.7617095588235294,-1.2704935395043493,2.5304140127388535,-0.0033534663865546956,0,1,0.05968137254901961,0.478327258376483,0.750061274509804,0.0002493376153614006,0.19238624295400703,2.530414012738854,1.674451300062072,0.9383471329539242,43280.0,3.9779411764705883,1
B0095,temporary_stress,0.004727185761957712,0.20081330972711542,1.0183923043822267,0.5644413793103449,0.16129032258064513,1.0276137931034481,0.252,0.2942620689655172,0.31421871921182254,0.0,5,0.005684949944382646,0.01838172097737823,0.5634762696616962,0.5681379310344827,4.958871915393739,2.3024510336338295,0.011990541871921098,5,5,-0.296,0.9944412426322682,1.0119448275862069,-0.000957764182424929,0.14573508164544885,2.302451033633829,1.5902810972864851,0.8240328021310578,36664.0,3.034262068965517,0
B0096,structural_decline,-0.009800462199662883,0.07609667556786323,0.917004625038051,0.18992330634853005,0.16666666666666663,0.8147457747479051,0.253,-0.017353713961085072,-0.034880648041065526,0.6666666666666667,4,-0.009716636409106912,0.01838667455698087,0.7720940193821277,0.8273008095440988,-0.5323042795082693,1.3743975385145022,0.0076997991356747885,4,0,-0.03621644652748189,0.936070816923403,0.8289394262178668,-8.382579055595274e-05,0.24884082026021312,1.3743975385145022,1.4389111822666867,0.965658970618384,75627.0,4.027854708138048,1
B0097,stable,-0.00042475794868642645,0.02065709161268113,1.0452629667504518,0.05485642900446419,0.0,1.0053276505061268,0.081,0.15023974427277573,0.15130737394070293,0.0,0,-0.0005026830831030468,0.009922077818860594,0.6773125840046081,0.9663347601638712,0.11341585814652731,1.8277267286297705,-0.004172888820069912,0,0,0.0862711957819705,0.18931998032958067,1.004620358973417,7.792513441660776e-05,0.17313864074829247,1.8277267286297705,1.4708329743382775,0.7443373049848393,79927.0,4.4050667793434135,0
B0098,temporary_stress,-0.008208489021581562,0.17291665097193207,1.2848414600605085,0.46613793200773346,0.2142857142857143,1.0194606341993482,0.205,0.08932981470766713,0.21335370856828367,0.33333333333333337,6,-0.007596152128259418,0.1171298680163777,0.6532163116771915,0.646451503647987,0.7367498275465629,1.420170380078637,0.14618155866515337,6,1,-0.28466998772244256,1.624133208490684,0.9229477427640027,-0.0006123368933221467,0.2499961774284797,1.4201703800786372,1.5411050910089636,0.7998292918391208,49629.0,4.20222689490693,0
B0099,stable,0.0004816926174877282,0.02449438211841164,1.0362803331044983,0.05831702544031314,0.0,1.0068275712111328,0.284,0.14182793360875554,0.1414850019155303,0.0,0,0.0020579521067907,0.005777460722951645,0.7038178492734422,0.9493281148075668,-0.07599118942731681,1.716726952327954,-0.0024278569875438205,0,0,0.08282960063781981,0.23235071366978885,1.0065521490179026,-0.0015762594893029842,0.15527744574218355,1.716726952327954,1.3756284657571776,0.7013875012363471,36651.0,3.1877364644487933,0
B0100,temporary_stress,-0.0013623793751886485,0.13428550874713163,1.1060524515393386,0.39057464069095615,0.15625,1.0273827751600924,0.12,0.20132303553754663,0.19936531031757435,0.0,5,-0.001464700393069983,0.01124385487211413,0.6875324739589777,0.7587794912573067,-0.02005168879779064,2.111291524701874,-0.04979582859511466,5,1,-0.19650969013560265,0.9353364945524629,1.0256993731653878,0.0001023210178813337,0.11618873246406215,2.111291524701874,1.3592572713622806,0.8126369957488281,80398.0,4.080667946841718,0
B0101,temporary_stress,0.002732009352529681,0.12489763707881671,0.9977572527552029,0.3849721051764319,0.1515151515151515,0.9779666203714602,0.178,0.12205456557049033,0.12851930442853438,0.0,5,0.002229645729005997,0.009186070194218375,0.7091410064291583,0.7470869329818036,3.232369429022024,1.4886712061482101,0.0038134695510933787,5,2,-0.23709423036180882,1.493359400200605,0.9739412914008616,0.0005023636235236814,0.16553874413883116,1.4886712061482101,1.345519688969125,0.8245944111594096,45547.0,3.2165203267343045,0
B0102,stable,0.0016011875858723838,0.02316153050740282,1.0128677053914257,0.018806935057302354,0.0,1.0443726124008228,0.197,0.34484278577725536,0.3504904635965465,0.0,0,0.0011315529871821055,0.0075024388598329,0.49729780534799567,0.9887746106376726,0.6664464993395018,2.782565323722487,0.00706099659963898,0,0,0.27838181996277794,0.07279467524414888,1.0421686746987953,0.0004696345986902779,0.1718125851778749,2.7825653237224865,1.949218964400584,0.6774334843338934,25409.0,2.4888823587031053,0
B0103,structural_decline,-0.003534579094225562,0.04353541475273867,0.9256050090130886,0.13395286921502048,0.06060606060606055,0.8865878626012081,0.265,0.011079188818023271,-0.003132985170376433,0.33333333333333337,2,-0.003121838141974459,0.015680795302700615,0.7689999059177721,0.8999368107101635,-0.48631017099931034,1.5091034277711273,0.007506165469279735,2,0,-0.0020389077520620775,0.48776399246755686,0.895518615564786,-0.000412740952251107,0.21862828111769686,1.5091034277711273,1.4342805034561954,0.9474567551842079,63755.0,3.2229065388277123,1
B0104,structural_decline,-0.008934881373043897,0.1018221768057884,0.9290735877718768,0.26989088649866044,0.0,0.7558925173766162,0.239,0.06175979497534267,0.04469881456251964,0.0,0,-0.00951807642427353,0.02267888860810145,0.7097698235651997,0.7771249951461966,-0.9080602302923027,2.3802185605737214,0.0008636996521902303,0,0,0.0514114860404613,0.4588495192565553,0.7658913524637906,0.000583195051229615,0.20959237477185155,2.380218560573722,1.7227888014984913,0.9857049885141003,87097.0,5.073020618957014,1
B0105,temporary_stress,0.0028681746581294553,0.13797630435755612,1.0420102969919436,0.360549641232472,0.21212121212121215,1.035478122215448,0.168,0.14455048539136145,0.15652548220901655,0.0,7,0.0036832262418552827,0.01106552581783708,0.6306772042592614,0.6603854992261877,0.8945945945946083,1.2162381251650864,-0.0007054756433360743,7,1,-0.23437133611593114,2.511144154697622,1.0251020025324766,-0.000815051583725834,0.22831196459002895,1.2162381251650864,1.4391691004288683,0.8308092477657895,51278.0,3.607231627819725,0
B0106,structural_decline,-0.011568141127182643,0.1302538053060574,0.9520372111938591,0.29890319689856026,0.53125,0.7116946874208568,0.11,-0.20844129278603574,-0.23274072754698494,1.0,17,-0.011747951353160677,0.028677620820711344,0.9662403887227681,0.7316105277512615,-1.915745129015277,0.7582278084252758,-0.0184917496249829,17,1,-0.2216204632678109,2.0898320037307903,0.7296955056398668,0.00017981022597802663,0.31941478000854334,0.7582278084252758,1.247369389821149,0.9685302658687126,85442.0,4.993590617755353,1
B0107,temporary_stress,-0.011125200459815807,0.15828642937161852,0.9905118642949077,0.38027779523600025,0.29032258064516125,0.8267990698259066,0.144,-0.1049462635912262,-0.006948292735484069,0.8333333333333334,9,-0.010017476243864565,0.11097580489941328,0.8276275675945824,0.6415938658789517,0.5494370076837573,1.1310095656134829,0.1381793368469253,9,0,-0.23033121739676954,4.508752655289803,0.7545345987052983,-0.001107724215951231,0.31145984307061825,1.131009565613483,1.4199990773560096,0.8500899950991373,52315.0,3.9455722456162405,0
B0108,structural_decline,-0.010066875229002998,0.09817827205656472,0.882802376470013,0.2569731404958677,0.27586206896551724,0.7503443526170799,0.098,-0.09188834366391185,-0.12348884543486824,1.0,8,-0.01043795546146643,0.036081363514646476,0.9495811119573495,0.7827221074380165,-0.7137500000000029,1.432936979785969,0.006336703069657542,8,0,-0.10683539944903582,1.6559441187655792,0.7771070075757576,0.0003710802324634434,0.16866302014816864,1.432936979785969,1.2553881365630366,0.9741609649050876,56143.0,3.6249354338842976,1
B0109,stable,0.0012408332894467836,0.02573356110037924,0.9751470352655789,0.044635902843516706,0.0,1.0113956358668952,0.131,0.36808742645560977,0.36043761158975723,0.0,0,0.0007905420924795665,0.011492000033551853,0.5259205369505527,0.9800822019579882,-1.7401869158877885,4.10833775889538,-0.001626920884466955,0,0,0.324973338286221,0.06740779615337579,1.0211975603034043,0.00045029119696720715,0.11363263007204713,4.10833775889538,1.8968651456130587,0.7198909357339298,48899.0,3.515679484260602,0
B0110,temporary_stress,-0.014120424576532047,0.22903083053662102,1.2641880711378781,0.49602801892506343,0.3548387096774194,0.8722207104798855,0.148,-0.20511222492385206,-0.031819236301211064,1.0,11,-0.014250372280314977,0.19928539461489111,0.999186349539521,0.510450040817043,1.2880214741080405,0.6322944023256197,0.15391749565182494,11,5,-0.43536423724796575,2.5950282277820027,0.7443887538073962,0.00012994770378293435,0.27635814770703865,0.63229440232562,1.1747583895987694,0.8767064073314492,59994.0,3.1597131395767315,0
B0111,stable,0.002148748303494886,0.031344696432383065,1.007425217452797,0.03815989699168909,0.0,1.0432810488118929,0.138,0.3199110382769519,0.3236534506111937,0.0,0,0.0025821225985102887,0.007056200636467373,0.5060508212831673,0.9699168910218893,0.531717747683523,2.4995745745745745,0.005390378087322919,0,0,0.2429474423504624,0.11636424159709371,1.0422275547231652,-0.00043337429501539947,0.18699985960971502,2.499574574574575,1.918101348432344,0.878776279064171,34639.0,3.0409984782863164,0
B0112,stable,0.0005871506155827297,0.0216205045282656,1.033821302372539,0.021959758124403317,0.0,1.0318610983415255,0.22,0.21233659841814304,0.20532887436243294,0.0,0,0.00016129602611763383,0.010950211768093143,0.6291333575581395,0.9918313943208742,-3.503862027855055,2.0612784289886483,-0.004415189464165657,0,0,0.14288576918089985,0.1547514049254364,1.0380376486674447,0.00042585458946510155,0.16631086482558138,2.0612784289886483,1.535953214606004,0.7464436701881157,47171.0,3.3361151384419534,0
B0113,structural_decline,-0.006840709912425472,0.09374698370490465,0.8113421736698364,0.26704766852838036,0.13793103448275867,0.8514417456812573,0.262,-0.0185413690089622,0.05038966099493445,0.6666666666666667,4,-0.006252859273515784,0.0980364811579114,0.8657203690560682,0.7620210416937264,4.852272727272722,2.0839684485423438,0.041568478281038386,4,1,-0.0791336537212625,0.6381752111609398,0.8006721652162617,-0.0005878506389096683,0.1574368853290074,2.083968448542344,1.3768673978834551,0.8107514425089033,46419.0,4.52191843096506,1
B0114,structural_decline,-0.010167816845579873,0.13052064920117537,0.9335680391856728,0.3136056930421697,0.41666666666666663,0.7063877288628866,0.183,-0.2512234259914485,-0.28285979118108134,1.0,15,-0.00996597161567809,0.037280350589500674,1.0673061157566814,0.7419194083701274,-1.832541567695975,0.725189020381328,-0.024450010038002037,15,0,-0.264539084847458,2.2245733828167156,0.7294509284084,-0.00020184522990178644,0.27709460567306116,0.725189020381328,1.1921038881873993,0.9740899784058841,80856.0,4.835258588898966,1
B0115,structural_decline,-0.008245733468568755,0.0924646774587397,0.8806581208744294,0.24979757085020238,0.0,0.7604010025062657,0.269,0.0814825525351841,0.061193368035473206,0.0,0,-0.007893888793719005,0.02263134883463541,0.6806548247958335,0.7827299016772701,-0.6120027913468271,2.3060607379046294,0.006431463273568501,0,0,0.07474455369192211,0.3626994336466423,0.7754867939078465,-0.00035184467484976014,0.21427239617645963,2.3060607379046294,1.705155708997296,0.9764385007568049,55725.0,3.2229612492770388,0
B0116,stable,0.002882359669076991,0.02790054064069999,0.9964056774554645,0.023184096040530844,0.0,1.038805367402757,0.238,0.13590138957725278,0.1283805223174129,0.0,0,0.004848454040590171,0.007519405598648653,0.707581449234658,0.9844705104906658,-0.450858328617257,1.5848298217179901,-0.012101043953018236,0,0,0.04328432182388898,0.4402368738869512,1.0457257191108174,-0.0019660943715131833,0.1624596264569583,1.5848298217179906,1.3575325195760974,0.8779890271838002,61039.0,3.361363511206564,0
B0117,temporary_stress,-0.0022604880622090593,0.16554221760638682,1.0049996926418459,0.45897466973700163,0.13888888888888884,0.9820021815537511,0.147,0.23833474730335716,0.22410270616548653,0.0,5,-0.002632066594010598,0.01957073685899282,0.5741023915835831,0.6088352926917949,-0.25839305922293365,2.0157040704070406,-0.03465553958827491,5,3,-0.19450167656445683,0.808537763789937,0.9907283965579929,0.0003715785318015439,0.18533243623463208,2.015704070407041,1.656623483667509,0.8616257701862297,56759.0,3.439522482123379,0
B0118,stable,0.0018977893879598916,0.02415876118602355,1.0024215089142954,0.02891471454756589,0.0,1.0405074709941173,0.24,0.4301219734556586,0.4301384248602659,0.0,0,0.001983062318558478,0.001593366432574372,0.4403783918347025,0.985054173104421,0.0013245033112606224,3.552967314872077,-0.006202179536920377,0,0,0.3367657361112444,0.07992184457334263,1.0408433538381812,-8.527293059859653e-05,0.1463778939507095,3.552967314872077,2.1481196385087373,0.841875952832126,64050.0,3.6879936278226153,0
B0119,stable,0.0014813545218001606,0.023393153511074984,0.9779010616337365,0.017970452894163325,0.0,1.0332768224751756,0.25,0.21709857108258657,0.2214430335951285,0.0,0,0.0007716476951642846,0.009075962684474177,0.6096273818723259,0.9964446597239041,0.5054095826893374,2.2076728888025827,0.006470193405528844,0,0,0.19330588520222813,0.09969017852680241,1.0279874061516105,0.0007097068266358658,0.17918465047024895,2.2076728888025823,1.6493146284000857,0.645668158520305,64393.0,3.7428723661903605,0
B0120,stable,0.0007288639811380409,0.02347289079746497,1.0245812243071675,0.05371231951754174,0.0,1.0020811558276987,0.155,0.2570921165817247,0.2408678221596187,0.0,0,0.0017633742303045873,0.01520665740596908,0.5833560783885583,0.9644464587977395,-0.9802644184709739,2.3359761904761904,-0.01638761560325112,0,0,0.1927427783892779,0.1136678717597421,1.016658496203047,-0.0010345102491665478,0.16376439761995742,2.3359761904761904,1.6454352581287108,0.7579813417244332,56066.0,3.1115222036202863,0
B0121,stable,0.0021059348431699005,0.02276099087906889,1.005231979030144,0.013076033093933459,0.0,1.0544216202056365,0.091,0.38934488855901683,0.40096830629040453,0.0,0,0.0016845362936742311,0.011594935264013331,0.5139140955837871,1.0035582527450937,1.4983116256632696,4.1515916575192096,0.009690547397111638,0,0,0.34246545438669257,0.051864100159377736,1.0464537536291996,0.00042139854949564063,0.11402465736278866,4.1515916575192096,1.9185160359625222,0.6698296510300006,53701.0,3.516841668667729,0
B0122,stable,0.0002297664071189979,0.02090630674916814,0.9878920786815523,0.05567999999999995,0.0,0.98392,0.128,0.18713333333333332,0.18308761904761922,0.0,0,-0.00024227808676307861,0.015998711090987824,0.6537690538013428,0.954832,-0.3542834267413735,2.1570769230769233,0.003686857142857277,0,0,0.13202666666666665,0.1473612630984956,0.9910533333333332,0.0004720444938820746,0.1574082794064228,2.157076923076923,1.5173015983635119,0.6872543802869716,53503.0,4.28024,0
B0123,temporary_stress,-0.002906042749714463,0.1675322863082296,1.1168134250461685,0.4046532683670673,0.22857142857142854,0.9960091016309075,0.11,0.087096889481898,0.08930660480916013,0.0,8,-0.0030135011796500913,0.0073891653319828055,0.676076927685579,0.5986061638531827,0.02093005261528886,1.0204441740188621,-0.05168324009891295,8,3,-0.3341871076112984,7.891342639562725,0.9942102190824508,0.00010745842993563436,0.23631897429752563,1.0204441740188623,1.3588026565522888,0.8646752418786265,69053.0,4.9358239715991,0
B0124,temporary_stress,-0.0022357019848921163,0.1381111168725351,1.1767477560070785,0.38996335135527416,0.1785714285714286,0.9878986900830943,0.128,0.21356906999528283,0.19529347426041788,0.0,5,-0.0012871921122683406,0.01688273863176149,0.5655517909879876,0.6906400812801625,-0.10622220615351266,1.6007267492890496,-0.09516310461192351,5,4,-0.1857650858158859,0.9774818689659044,1.0013607170071483,-0.0009485098726237629,0.22116935118583878,1.60072674928905,1.6051598559885856,0.8232116052465793,89480.0,4.870278311985195,0
B0125,stable,0.0005254496839349798,0.02359830142896452,0.99875255669686,0.06248305161348633,0.0,0.9845882671969629,0.231,0.28738814064901025,0.26548114048114035,0.0,0,0.0005785065830647929,0.019823657654452383,0.5521711244387933,0.9591498689324777,-10.953500083934959,2.6847587719298245,-0.01162756162756172,0,0,0.24028292506553378,0.08430336667424114,1.004146705233662,-5.3056899129823135e-05,0.1616275275399174,2.6847587719298245,1.7883854645814168,0.6914103770980763,51662.0,3.50235017626322,0
B0126,temporary_stress,-0.008825739344375205,0.1500983361264314,1.2095348299004858,0.36482871966742936,0.25,0.922915793883536,0.265,0.00937771905513841,0.11658479769078843,0.5,8,-0.008386721357348541,0.10879093549686708,0.766607990203582,0.6370564918952016,1.0424366136656638,1.421277763429752,0.1050249289880626,8,1,-0.19818890786632723,1.7156207914273938,0.8421256163191647,-0.0004390179870266744,0.222256237563141,1.4212777634297522,1.414568345323741,0.868571351179054,42544.0,4.113048242080501,0
B0127,structural_decline,-0.015400685163015139,0.14993562438370583,0.8348471385789975,0.399203187250996,0.3214285714285714,0.6077025232403719,0.17,-0.14614873837981407,-0.22001555682033783,1.0,9,-0.01659525008886184,0.09948667434653521,0.9200780495496383,0.692597609561753,-1.8306251410516856,1.3011098463289699,-0.016758110415481014,9,0,-0.2103585657370518,2.311999378112516,0.6737981407702522,0.0011945649258466964,0.29682480241244064,1.3011098463289696,1.4275428047765548,0.9857994483504251,36355.0,2.896812749003984,1
B0128,temporary_stress,-0.004298567212418882,0.1976172637992091,1.164397700781236,0.5236721584488193,0.20588235294117652,0.9819484922381492,0.125,0.21832807946232083,0.23002820946376534,0.0,7,-0.003346531888521456,0.011475094030592776,0.6224572450367563,0.5229078689109619,0.09522426455333859,1.8084889045438535,-0.055584539174618204,7,2,-0.2813001843811337,1.4264859383017428,0.9729227383572235,-0.0009520353238974315,0.15313842062630864,1.8084889045438535,1.4353979749325825,0.8529794189362953,55032.0,4.909772200083269,0
B0129,stable,0.001797732223323886,0.024523063272297852,0.9747924330497132,0.029793255247228867,0.0,1.0308937976574168,0.232,0.3830182375599403,0.3912655676215931,0.0,0,0.0024109628858554953,0.01054641969762582,0.45240061455732666,0.9859484317270656,1.1854721549636704,3.0701248284145506,0.007602165148741685,0,0,0.3112373241097398,0.09406901713337984,1.0233079160443364,-0.0006132306625316055,0.17330516612252736,3.0701248284145506,2.151928377426818,0.9247859136625911,80157.0,4.725866677148023,0
B0130,stable,0.0008472549237055654,0.025192426693062868,1.0272118007611222,0.05864215535129458,0.0,1.0024583538196152,0.186,0.12500937507812565,0.1071806550768876,0.0,0,0.002022068132619054,0.015802063341224918,0.6881495688665946,0.9577079808998409,-1.1320754716981127,1.4717321210421965,-0.016788711334499173,0,0,0.0443170359752998,0.3425389226221012,1.0167084725706048,-0.0011748132089135063,0.18889544605094916,1.4717321210421965,1.399226406484278,0.7110496262755324,72195.0,3.6097800815006793,0
B0131,temporary_stress,-0.0016853736856465404,0.208564289215577,1.276439194757289,0.42811320754716986,0.3666666666666667,1.0276415094339624,0.08,0.20770440251572325,0.212194968553459,0.0,11,-0.0015831007198774338,0.005605243969576428,0.602059795557605,0.5906981132075472,0.039418890781752085,1.2535731187884525,-0.05471428571428571,11,0,-0.24685534591194966,3.6350513267534335,1.022877358490566,-0.00010227296576910431,0.19488125432326492,1.2535731187884525,1.4005544774050458,0.8943850287527443,37175.0,3.5070754716981134,0
B0132,stable,0.0007491808955542373,0.019303612093448,1.015242249204291,0.0234445122607978,0.0,1.032156919063177,0.25,0.14821862396629926,0.1497983460788185,0.0,0,-8.430834988001722e-05,0.003533976970477514,0.6795165054631166,0.9825943345420601,0.11788120024494453,1.7567281151419558,-0.005910622605413147,0,0,0.09473545638411182,0.17104343617925585,1.0306849052765112,0.0008334892454342336,0.17667754258444318,1.7567281151419558,1.4635936458384144,0.6771708823195327,64069.0,4.60050981940904,0
B0133,temporary_stress,-0.003663463217420243,0.15595659792934918,1.2585297860735711,0.4495215243205456,0.12903225806451613,1.0042604645890212,0.135,0.2445941222592743,0.26763868777150845,0.0,4,-0.004395758185037823,0.024888477568183357,0.6227091057928444,0.6185514420397329,0.12584233891650018,2.4618556400617773,-0.08003897441157135,4,4,-0.1866858119916491,0.7966183760122261,0.9808987596474489,0.0007322949676175958,0.12793374103144411,2.461855640061777,1.5095276148545753,0.8216801231785913,47799.0,2.709258716948336,0
B0134,stable,-0.0008279396328931942,0.018278352367820664,0.9881764282531957,0.03348813209494328,0.0,0.9970244238046095,0.226,0.14589783281733745,0.15044449358690842,0.0,0,-0.0006210473393135913,0.005549031741974497,0.6245838246514531,0.9864293085655315,0.20005189413596164,1.7341868657658133,0.013637033760872785,0,0,0.12504299965600277,0.16269866941654326,0.9918816649466805,-0.00020689229357959943,0.22832420059651798,1.734186865765813,1.6385769603097773,0.8202766096814953,57567.0,2.970433436532508,0
B0135,structural_decline,-0.01208342897725962,0.13088294263685063,0.8601491015125615,0.3983237021825302,0.25806451612903225,0.6536367543817756,0.185,-0.11042790964229428,-0.19353052745048543,1.0,8,-0.011795206968321198,0.10950490004921376,0.8939396469664835,0.762428960313291,-2.4234212725319306,1.416910669975186,-0.02440558629488376,8,0,-0.16304503557954056,1.4726105732626908,0.7149457949281245,-0.0002882220089384164,0.26051669143801875,1.4169106699751863,1.4147196176835866,0.9666128299809948,50805.0,3.6395004536988393,1
B0136,stable,0.003233192860545172,0.039629259455992744,1.0638065309468507,0.005248065790185552,0.0,1.1445111724287182,0.207,0.4059856805352666,0.4323635876468208,0.0,0,0.003469415683819382,0.020345716148785983,0.43476271512972003,1.0024671319590974,1.3959424083769654,2.478625438833378,0.0037408893114135875,0,0,0.27356670093238833,0.13179718431780565,1.1233385633645332,-0.00023622282327419894,0.20382738248137683,2.478625438833378,2.14797536037022,0.8553106366965594,91590.0,4.955364388897906,0
B0137,structural_decline,-0.005751770375263786,0.053870486222602695,0.9095077683706275,0.15646308650621066,0.0,0.8476650326195128,0.174,0.2232255845097244,0.19423607856765499,0.0,0,-0.004950610678375972,0.029604763745923628,0.6069879450202794,0.871283771331687,-0.8688296932205507,3.5018141986718696,0.002188324373278895,0,0,0.1888368778641898,0.16158859358675456,0.8724091752361997,-0.000801159696887834,0.1371394772420009,3.5018141986718696,1.7766783414989675,0.9315588432337109,46037.0,3.393682503409384,0
B0138,structural_decline,-0.008924289004779302,0.09290365934869885,0.8977920748647463,0.25437974553001697,0.30000000000000004,0.7600582676962344,0.191,-0.09865546001830533,-0.1389817149192189,1.0,9,-0.009096946351885826,0.043743175408951514,0.8309934853420196,0.8015031003055186,-1.3071633237822398,1.2464115363283417,-0.004738025564859697,9,0,-0.1408479754553775,1.6109449792535433,0.7915125107962823,0.00017265734710654473,0.29364820846905537,1.2464115363283417,1.4504614299115626,0.9802009306621291,49075.0,3.795779459347969,1
B0139,structural_decline,-0.007758422428141376,0.08611540107337012,0.872892742160367,0.32807040557138933,0.06896551724137934,0.7770132487448871,0.081,0.006666110163731114,-0.06001066441339768,0.33333333333333337,2,-0.007570276657347301,0.0841156424023015,0.7461011239218193,0.8507053674708135,-1.5799263708583555,1.7045190626948135,-0.012237158836727088,2,0,-0.04803415338015909,0.598094625776382,0.82123138199554,-0.0001881457707940774,0.2457816629396219,1.7045190626948137,1.5625458887696564,0.9500224926075145,35397.0,2.5326687098274445,1
B0140,temporary_stress,-0.012784320280314749,0.2143965188886615,1.0600038243355216,0.4942318382007098,0.24242424242424243,0.8439047333988968,0.186,-0.13648608201137383,0.037424454367200266,0.6666666666666667,8,-0.013872371620139982,0.20995978588671993,0.9243794496825092,0.5177645700602899,0.78631368234062,1.3073044359452126,0.1975412469687066,8,4,-0.3433873519476632,3.4226096262021524,0.7110959079830674,0.0010880513398252108,0.26755820665768715,1.3073044359452126,1.3880151357120334,0.8949386105710689,90996.0,4.669055458160516,0
B0141,stable,0.0003292689882958697,0.019012991239154887,1.036868375012864,0.040944586743299816,0.0,1.0148809895670645,0.157,0.312250890235522,0.3260362876955618,0.0,0,-0.0001212513003821663,0.016535905691588495,0.518957345971564,0.9666645842443932,2.607779578606164,2.7316064431867653,0.004249569384822714,0,0,0.260660960829637,0.06241915677026098,1.0070844005747486,0.0004505202886780372,0.1709883129450882,2.7316064431867653,1.907320600108453,0.7576023451791618,50368.0,3.7759480227400513,0
B0142,stable,0.0013584888308195652,0.02335696995971423,1.013434048859779,0.01071569012976803,0.0,1.0553480141565081,0.111,0.3049711626687639,0.3201725558489225,0.0,0,0.0008538223206017745,0.0140616232423964,0.5873038336950026,0.9983287455760912,1.6901936289818675,3.3530127814972612,0.0031037582158305608,0,0,0.24760781229518938,0.10231908218235272,1.041977978765238,0.0005046665102177958,0.12001132182281347,3.353012781497261,1.682672945258527,0.7312478047254376,32620.0,3.20684231222965,0
B0143,temporary_stress,-0.009771921922370346,0.2132494814950439,1.40408225480143,0.5673581275204934,0.2068965517241379,0.9694158166179041,0.104,0.018064085329959498,0.13671168881374726,0.33333333333333337,6,-0.00907136774004732,0.13946620146055627,0.7523858399044677,0.4806557895569204,0.48849063623961253,1.102864431290476,0.18076687012610465,6,4,-0.4319565618492844,9.235362991529012,0.8902624388272402,-0.000700554182323015,0.2273234182399558,1.1028644312904758,1.333056651883197,0.8073897492079146,90708.0,4.7817812804765545,0
B0144,structural_decline,-0.00830104926413753,0.06795631280538075,0.9224652087475149,0.18087752462441553,0.28,0.8314595562630585,0.204,-0.0751666500845687,-0.09758943672982079,1.0,7,-0.007416177494776641,0.024387053849450932,0.8504114420062697,0.8393990647696746,-0.6689280868385367,1.129191321499014,0.005548843753997424,7,0,-0.08098696647099791,2.4134326324275643,0.8463502802374556,-0.0008848717693608742,0.23840125391849531,1.129191321499014,1.320306599155174,0.9426504817015395,42475.0,4.225947666898816,1
B0145,temporary_stress,-0.008235676603524276,0.20645154698908993,1.5310357991913512,0.47845715968200997,0.18518518518518523,1.0375459373398328,0.214,0.3366811703252964,0.44659241915106085,0.0,5,-0.007203216154045477,0.11130044238161553,0.5087556245678858,0.5341446658160762,0.8440380142984292,3.124407371760596,0.12006599086783602,5,4,-0.1029650712642174,0.6486432887343289,0.9621378174720014,-0.001032460449478794,0.1413140804044022,3.1244073717605967,1.8544578054855547,0.8175763259533249,48622.0,3.181339352896915,0
B0146,stable,-0.00012964230115971846,0.021694081978098318,0.9798282353936626,0.01659901545902054,0.0,1.0022627169876501,0.201,0.13765437429829866,0.14109212490592576,0.0,0,-0.0014470936554017997,0.011188591030369064,0.7071786944845035,0.9914327662146991,0.1716186252771622,2.051200719147297,0.011734544063760767,0,0,0.1230676224198981,0.1527949293058364,1.0000949995681838,0.0013174513542420893,0.1551800070811133,2.051200719147297,1.45650241645303,0.8009281009689975,94892.0,4.917108558597461,0
B0147,structural_decline,-0.007393665384349841,0.08534234442932816,0.9399066723228895,0.23168512292174337,0.11428571428571432,0.7764993779368066,0.205,-0.0365012287033324,-0.06004650418111667,0.6666666666666667,4,-0.007437955903543438,0.029818708662243128,0.8680542122841631,0.8065146981708258,-0.8449082858950097,1.6187822625785186,0.002160990248222943,4,0,-0.06714169674162271,0.8877957585885345,0.7973410654245967,4.429051919358702e-05,0.17772447676892722,1.6187822625785184,1.3320380967932053,0.9798813765802376,73285.0,4.5211141614485335,1
B0148,structural_decline,-0.008108595100460785,0.07670000542273223,0.8897364008685853,0.301511761739108,0.038461538461538436,0.7978067169294036,0.204,0.08680021208633466,0.025892268270739063,0.16666666666666663,1,-0.008467377799176525,0.0766048880125084,0.7575804383756314,0.8566218785159129,-3.586684073107041,2.778634191459843,-0.02196312875377102,1,0,0.048029795543600554,0.38707303701102114,0.8372108060573926,0.0003587826987157114,0.13874171673952332,2.7786341914598434,1.517278488580653,0.9249166888509737,43613.0,3.384044382945155,1
B0149,structural_decline,-0.012726087777555527,0.14897180171949856,0.875768656838791,0.3747108235497878,0.2941176470588235,0.6416686254376307,0.116,-0.1257283535189836,-0.15219986179619013,1.0,10,-0.013095612900875894,0.03457090866328952,1.0057108618720394,0.6687862630361363,-0.691217189057485,1.5916365328846085,0.00591271952226011,10,0,-0.1435552311555924,1.8087906053207763,0.6607078792077493,0.0003695251233203506,0.18458254535922258,1.5916365328846083,1.2923131043144063,0.9899618551469807,50599.0,3.755817549763092,1
B0150,temporary_stress,-0.0035004466619829666,0.16595454240052476,1.3225870547911183,0.44437091808844265,0.1724137931034483,1.027246310095808,0.244,0.21087358901324432,0.2178510118550975,0.0,5,-0.0034330682368834964,0.010076058044286448,0.6803004694835681,0.6640504071122364,0.04889400921659098,2.074420998455996,-0.06786382188171744,5,1,-0.24302059057647857,1.2180397051823133,1.02137698880801,-6.737842509946762e-05,0.1132394366197183,2.074420998455996,1.3439078498293515,0.8101913508217394,66471.0,3.8248985815806886,0
B0151,stable,0.00259148094655096,0.030471579855811892,1.0068938692847276,0.028890880382366757,0.0,1.0569709384201766,0.152,0.21897893284399492,0.20655689066904018,0.0,0,0.003478173185595724,0.010812406314309922,0.6263903134282632,0.9897324286262963,-2.212858384013953,1.920682195353248,-0.009017807609537161,0,0,0.11911975988278639,0.2391038508642769,1.067909927594987,-0.000886692239044772,0.1685559388861508,1.920682195353248,1.5057629578761724,0.861390159954447,41043.0,3.5030085776469084,0
B0152,temporary_stress,0.001920862480288506,0.23088870071869882,1.1009290433637953,0.497071158712003,0.2962962962962963,0.9784756160964958,0.214,0.22150589812022692,0.19377722320427954,0.0,8,0.001585596053725407,0.026914279812500736,0.6071280754196368,0.5153235589754255,-0.204726251754796,1.5224888888888888,-0.08158568408126476,8,5,-0.27014661536861806,2.237974915168845,1.004933393412129,0.00033526642656309607,0.1724534375718556,1.5224888888888886,1.4292767692294839,0.8523601028566623,69391.0,4.810301202731274,0
B0153,stable,0.0012046537098093573,0.01995004726540801,1.0325891956731739,0.017748191522326873,0.0,1.0419182151367177,0.23,0.1340463953326851,0.14038060841783584,0.0,0,3.945321136811397e-05,0.013345032232397282,0.7423025916749767,0.9887142444997702,1.60837209302324,1.9964506912278832,0.0011979685823275057,0,0,0.09413700620812719,0.18772894565925133,1.0393858121320267,0.0011652004984412368,0.12873048019491534,1.9964506912278834,1.3551611355255848,0.7357593354730783,70690.0,4.532039706369474,0
B0154,stable,-0.00045001794237954044,0.01752328888983347,0.9804821867321867,0.04799791912113471,0.0,0.9678228804871705,0.184,0.056091925883991,0.047514857955973766,0.0,0,-0.00027966143660687257,0.010590178629518832,0.7417657285157168,0.9614394785562371,-1.2238023952095665,1.2869636777306246,-0.0007842640093201895,0,0,0.011475434918983429,0.5137013023248402,0.9769267255228973,-0.000170356505772664,0.2008175539162712,1.2869636777306248,1.345263914321459,0.7698084562027211,29831.0,2.7385895925455572,0
B0155,structural_decline,-0.005508577942608494,0.07804014284995293,0.8541647954876144,0.2755214622661998,0.06060606060606055,0.7994162055095605,0.184,0.07019433754093947,0.0363491498120415,0.33333333333333337,2,-0.005885539876340407,0.0849011900046893,0.6821694829707364,0.8512349164704759,-1.141092588873267,2.1371558992799846,-0.0020924266812946163,2,1,0.009955781042316415,0.3717462007728086,0.82618214040605,0.00037696193373192065,0.2328682137937561,2.1371558992799846,1.740191422933218,0.8785295007653683,78728.0,4.1036582717250605,0
B0156,stable,0.002776406909065821,0.027844160961126845,1.0315311605690638,0.024443516525872844,0.0,1.0917675778113256,0.23,0.2926262593817921,0.31696056702962555,0.0,0,0.00229843566606753,0.02103446223092574,0.5070206077541041,1.0086082292101628,12.16715382391672,2.1552182863357414,0.01236171081672634,0,0,0.1908157474919432,0.1280844923255718,1.0728701592094132,0.00047797124299826723,0.2202285315104037,2.1552182863357414,1.9599171355542966,0.8314323825565572,39146.0,2.51475925866444,0
B0157,temporary_stress,-0.010262396820608675,0.2213177225167312,1.5321819736805802,0.43855222939207217,0.29166666666666663,0.9883395597819935,0.163,0.16974754580887227,0.2898332143492494,0.0,7,-0.011258403596222372,0.1150913160829312,0.5945045645245512,0.5683275920624908,4.279193835210425,1.6760229540918163,0.04601149178316704,7,1,-0.16994161693594034,1.4966321737489066,0.8981773486649524,0.000996006775613684,0.2165043124403551,1.6760229540918161,1.6133582907231556,0.8550010203637914,50568.0,4.906894376789094,0
B0158,temporary_stress,-0.007941581641092033,0.1650749461637314,1.3428147748719332,0.45499923500611994,0.13888888888888884,0.9443849449204407,0.182,0.16754322215422277,0.2783023146529113,0.0,5,-0.008124796198541602,0.11105171071505353,0.6348983256924227,0.6087151927784579,1.2545677361853822,2.409116809116809,0.09952187882496938,5,1,-0.16933139534883723,0.7527542377655732,0.8572617044063648,0.0001832145574495805,0.16966168055416123,2.4091168091168087,1.630462087278692,0.8640003029197723,70965.0,4.071584302325582,0
B0159,stable,0.0023873307964067635,0.027088241635398375,1.0129347043028358,0.011726094834364598,0.0,1.0736043212197874,0.276,0.08951260925552404,0.11191184346973884,0.0,0,0.002099187618924372,0.021643876114194566,0.7247491891076413,1.0029537451711052,2.9490740740740584,1.4229308005427408,0.014997289469957037,0,0,0.030699805134867184,0.4845797712587041,1.057502307613415,0.00028814317748239676,0.1906055022144635,1.422930800542741,1.382099232121549,0.8213842730307866,43007.0,2.9405490410584254,0
B0160,stable,0.00016467353821685374,0.02290517054551949,0.9950571736019961,0.021228411027807925,0.0,1.0146965922500208,0.26,0.13486775450850447,0.15298384583817912,0.0,0,0.00019369425091380225,0.01671099728627641,0.6961936564902732,0.986709894275123,5.590163934426119,1.8396447368421052,0.0106783998746763,0,0,0.10424687414329475,0.21034008172534965,1.0030036830875955,-2.9020712696953252e-05,0.1693424758464153,1.8396447368421054,1.4449724066376834,0.7615206855177854,65917.0,4.714137573453162,0
B0161,stable,-0.0009687376536232949,0.01828532652349106,1.0152461884528867,0.04259196268040244,0.0,1.004519170027698,0.286,0.20220856212643956,0.22311753313016727,0.0,0,-0.00044063492331777903,0.019355945677735305,0.6614352535696701,0.9625030370766314,3.0911330049260792,2.455570902394107,0.013836574038721829,0,0,0.15783079838670488,0.13786945511111626,0.9869284221779484,-0.0005281027303054927,0.13367799113737075,2.455570902394107,1.487772534386889,0.7352993722491085,68980.0,5.027941105009962,0
B0162,structural_decline,-0.0070315323976882175,0.07391088027775715,0.8756884549713234,0.3143331919718201,0.0,0.8061241269484087,0.087,0.22228953722856426,0.13805225265547397,0.0,0,-0.008003660598406993,0.09806120220840164,0.6026717862570995,0.8841072154955298,-8.366637194223381,3.688336179903217,-0.03708452388164702,0,0,0.17657495477874038,0.2209437137177476,0.865547891261262,0.0009721282007187831,0.14050875929925605,3.688336179903217,1.872728344285552,0.8803259543883794,85028.0,4.415395134279013,0
B0163,structural_decline,-0.012851484371936174,0.1365428283000504,0.9028625856819689,0.3347974430369819,0.0,0.6800005228963227,0.138,0.03146528622037466,0.01000562113546931,0.0,0,-0.013173729773084088,0.027927533337056634,0.7692814890169926,0.6893603670732186,-0.6067672031428223,2.525629425649095,0.006953774097583638,0,0,0.023190451913146923,0.6177623660437273,0.6939095650809836,0.0003222454011479186,0.1853735729625862,2.525629425649096,1.6060146969289364,0.9908870380954786,60139.0,4.716969292913448,1
B0164,structural_decline,-0.007802632841774535,0.06313342274471981,0.9029221943348871,0.181283336333406,0.0,0.8427614563299953,0.174,0.18547080613530642,0.15882583021934818,0.0,0,-0.007999805578816995,0.028445490722531292,0.6178011626239562,0.8596269172832606,-0.7346408740820325,2.943239118895966,0.004812206731621673,0,0,0.16649455723664888,0.22139631945656263,0.8588765833278068,0.0001971727370424468,0.16625301962341574,2.9432391188959657,1.79184070543715,0.9669603661701829,79048.0,4.493363523537938,0
B0165,temporary_stress,-0.008999716501790753,0.19355585139075274,1.5396181001283697,0.45757989570254154,0.22857142857142854,0.9571170642739961,0.127,0.1329196872909239,0.23890559679068615,0.16666666666666663,8,-0.009293534939248125,0.10331032352609547,0.6715651022939271,0.551669400885337,2.776506420810009,1.9295641219450743,0.033906755505860954,8,1,-0.21205927908276892,1.2278445302009482,0.8793705492571784,0.00029381843745737913,0.17728168089297439,1.9295641219450743,1.510743810471447,0.8888875512638448,81929.0,4.5052652803108755,0
B0166,temporary_stress,0.004385731669247622,0.24664892737140057,1.0695806811285338,0.5693658768147474,0.2962962962962963,1.006500784577449,0.103,0.22758020491316902,0.23450181686662566,0.0,8,0.005151882283097917,0.007360680961305105,0.5460591425517596,0.4351596186558012,0.08529723104351296,1.3025058660340425,-0.037112679638095954,8,4,-0.37010957711934805,3.230482277007131,0.9992879465168717,-0.0007661506138502878,0.22619848778749851,1.3025058660340425,1.5195811247575952,0.865792004253149,52809.0,4.178092487835753,0
B0167,structural_decline,-0.01153163231775749,0.14225007510276286,0.8935946261458672,0.323983468060536,0.0,0.6871391235640917,0.275,0.028961283656476027,0.00041763985725574976,0.0,0,-0.011860146389161299,0.03479841633438204,0.7724712483669929,0.7237251565064122,-0.5885702008808671,2.548864418444597,0.009976469771036143,0,1,0.010666747705585608,0.6257083229239501,0.709490670394457,0.0003285140714038048,0.18670892853318483,2.5488644184445977,1.621055487053021,0.9578532013507871,49664.0,4.52780647906157,1
B0168,temporary_stress,-0.009371625525427994,0.1608910113087958,1.1562863956519327,0.36519652591220886,0.20588235294117652,0.9093137894160298,0.128,0.07907983620667171,0.20583262229541666,0.33333333333333337,7,-0.008539022258324432,0.13336325695479595,0.7136873071450269,0.6432461333820192,1.244523464594582,2.250402288575004,0.11430061813724213,7,1,-0.08708693043999895,0.7559249635604902,0.8156673013223442,-0.0008326032671035798,0.1893616000767423,2.2504022885750046,1.5984049191564218,0.8821948586500031,51027.0,3.9926188675308416,0
B0169,stable,0.0007942011016071923,0.019282131096366454,1.0132907643634157,0.019548250984789295,0.0,1.0486714566028827,0.159,0.1784128295540048,0.19464493842564404,0.0,0,0.00022113871044321626,0.014206701894573638,0.6940591095079911,0.9974830704769773,1.6248101265822816,2.265815182575272,0.0031209757475230415,0,0,0.12239418126023517,0.17286917331232945,1.0348180168483792,0.0005730623911639714,0.1335310303531458,2.265815182575272,1.4406763822969433,0.817684704032614,52393.0,4.637848364585945,0
B0170,temporary_stress,0.0022812016850700585,0.16420787617135482,1.0556440452254745,0.4127017716118875,0.2068965517241379,1.0352036972769825,0.13,0.25614308326491225,0.26573162576920784,0.0,6,0.00298333505888826,0.015819709686739125,0.6357227663995251,0.5997105154010884,0.1961878748292835,2.199509512485137,-0.01964287225796783,6,2,-0.19778061807501204,1.116292149398666,1.0266038039292031,-0.0007021333738182049,0.11477194023943801,2.1995095124851365,1.3909836217168796,0.8343133472871929,95826.0,4.866693188647464,0
B0171,temporary_stress,0.0010495970726833773,0.1948524604201367,1.066628692827563,0.4438218814508994,0.4137931034482759,0.9602168204350452,0.111,0.03662355534959487,0.019218539671840413,0.0,12,-0.0005462154965403948,0.017101076589868463,0.7254239734430252,0.5604752074819901,-0.18959458750721167,0.7523568259729784,-0.05460312110689157,12,1,-0.3656738425243291,3.014117594357556,0.9729536167165185,0.0015958125692237797,0.2369344013855813,0.7523568259729785,1.250392188116071,0.8886990911564863,42275.0,3.5619496987824917,0
B0172,structural_decline,-0.0020053158756374186,0.03957386533301197,0.9187981547230878,0.18178802658574633,0.033333333333333326,0.8944309986854553,0.094,0.10736267921422166,0.0475668636436232,0.16666666666666663,1,-0.0009817494155145614,0.06076232780307897,0.6614836623642911,0.9528778701917762,-11.869565217391564,1.7323342736248235,-0.02737903643342426,1,0,0.056218288143297664,0.2737654509104107,0.9347027531727214,-0.0010235664601228314,0.22365342656607343,1.7323342736248233,1.576791675308869,0.8046861688131957,48846.0,3.600574959765102,1
B0173,stable,0.002342330751057536,0.02913057728900224,1.051472397076912,0.029085376767496007,0.0,1.0796491856094506,0.091,0.2947914802219438,0.29075148942698603,0.0,0,0.0020285131172227996,0.00604460285175657,0.5249511436514271,1.0069894397708967,-0.2005585173902062,2.1238181171207806,-0.012091845866680362,0,0,0.21561959310303683,0.11447733094016459,1.0837957162460474,0.0003138176338347393,0.2030497371390823,2.123818117120781,1.8225169800177183,0.8358673787492358,56818.0,5.084839806694111,0
B0174,structural_decline,-0.003715479060163172,0.0716210451057067,0.8445688499116627,0.2731692169313302,0.0,0.896593817258992,0.245,0.14255426227928344,0.16237183027061927,0.0,0,-0.003744543358038584,0.09988437349294141,0.606762103989717,0.9019434837079313,1.41754201680673,2.4122544792564913,0.01689890060469039,0,1,0.08212958699632718,0.2629358194217104,0.8497146344858602,2.9064297875398157e-05,0.22547067570632862,2.4122544792564913,1.890775479588732,0.7245912452705879,61965.0,3.981089849982332,0
B0175,structural_decline,-0.00559660062968669,0.06925625394224447,0.9850690356416568,0.18832077699207672,0.0,0.8708786193298685,0.266,0.10431702834609252,0.0705166211415983,0.0,0,-0.004865733374286812,0.03342192242445867,0.6357771499972836,0.8393120991200418,-0.341253791708797,1.6604791980859293,0.03262365228700438,0,1,0.01755047892603727,0.38832693483107517,0.8961211250806324,-0.0007308672553998635,0.2478133318846091,1.660479198085929,1.621742914764887,0.7610418322005842,53315.0,3.8933583243065613,1
B0176,structural_decline,-0.016903147455983297,0.1664936766124969,0.7594180961991254,0.42847049086009015,0.18518518518518523,0.6135195970566564,0.152,-0.12601063883477506,-0.1582334170155026,0.8333333333333334,5,-0.018115398277100497,0.11183557055721766,0.9109416770805322,0.6096839640257997,-0.8374707681237618,1.64771263479445,0.003126761903800628,5,1,-0.18493807471409393,1.2987537140164105,0.6380979297675404,0.001212250821117193,0.2865368492652293,1.6477126347944502,1.5259571668565926,0.9606716036383178,71809.0,4.348941668096618,1
B0177,temporary_stress,0.0026488596579385365,0.12884817056978018,1.0331385507838082,0.343247257865541,0.1071428571428571,1.0204684497184435,0.228,0.35926786898178065,0.36262568740686224,0.0,3,0.0027277238036782473,0.008419307470198811,0.4814223261404708,0.6994872397385007,0.40366655136632024,2.573095875281424,-0.002480239487935041,3,0,-0.017640295739306304,0.4797366603048966,1.0193355096971273,-7.886414573973026e-05,0.16612466347776692,2.5730958752814237,1.8663005431071162,0.8228092264317821,89246.0,4.49379400632768,0
B0178,stable,0.002125147363157452,0.024161447061030784,1.0167656385125396,0.02378312649762171,0.0,1.0587127308274622,0.217,0.21922201161141114,0.2308422786159632,0.0,0,0.001156110558492451,0.013101773204645697,0.573855453112419,1.0012374378598763,5.122522522522206,1.9311838417529474,0.006944366387876951,0,0,0.16832969731650038,0.11363446030719944,1.0512141911948787,0.0009690368046649986,0.21760283060592658,1.9311838417529474,1.7463321189118546,0.7393241649221015,40275.0,2.88079825471192,0
B0179,temporary_stress,-0.007988272774648022,0.13433085703885214,1.0861350204762255,0.3772099018657734,0.1875,0.8950631803769183,0.268,0.03376833548168569,0.12036732120847164,0.33333333333333337,6,-0.008417030413158822,0.08922549365180668,0.8074235462786312,0.6836860081104222,0.5363207735645502,1.9493596881959911,0.12403381269145305,6,0,-0.17225708721056052,1.0644420277300344,0.83346348898695,0.0004287576385107923,0.1520607791562715,1.9493596881959911,1.3702170407380971,0.849431212733967,85749.0,4.84079297724001,0
B0180,stable,0.0007399519617170009,0.01640804400392226,1.000784295085084,0.020644650504420436,0.0,0.9956215587250938,0.141,0.2313496395283279,0.2116080960892207,0.0,0,0.0012432189525144418,0.0214779173618094,0.6452539837089458,0.9843359763924043,-1.8823529411764952,2.7369971671388105,-0.015114619195566378,0,0,0.18468625169439679,0.11106648217760039,1.0102563487398486,-0.0005032669907974293,0.12574509012325155,2.73699716713881,1.5324439428274155,0.6997446843618664,37856.0,2.724662020320766,0
B0181,structural_decline,-0.004739070162393236,0.04965237315747349,0.9254853846081801,0.16697429433214783,0.0,0.8557331292486383,0.118,0.1731688650790078,0.13154690625180868,0.0,0,-0.00517195917093771,0.04260091688358507,0.548884278702626,0.9068689506145051,-1.2776461669667374,2.096979843073593,-0.004522448244592923,0,0,0.1414487012110026,0.1909464522003699,0.8897042272543106,0.00043288900854446553,0.2564792794616202,2.096979843073593,1.9824593371942865,0.9658351581745782,48339.0,2.6113897267365958,0
B0182,temporary_stress,0.0001854414746215219,0.15541561488904934,1.0298824376199616,0.46903617077826365,0.1470588235294118,1.0256360692971225,0.159,0.24285403629158916,0.22501406583847924,0.0,5,0.0007041216335410744,0.015897079848619555,0.6176864567681215,0.7095488921642062,-0.8197563760944133,1.9281215316315206,-0.019801248839352567,5,2,-0.2816826539734699,1.1075545642895872,1.0371735085896538,-0.0005186801589195599,0.1481636789321033,1.9281215316315203,1.4523275606747534,0.8182556222749943,47953.0,3.4759465532655183,0
B0183,structural_decline,-0.004036312550816682,0.07033445214232725,0.8815292311377768,0.27671088811717404,0.06666666666666665,0.8034135600276064,0.28,0.03364262787156425,-0.08075326183407647,0.33333333333333337,2,-0.0037125044403159614,0.12330268952871097,0.825104685203256,0.9547495152438021,-9.859825186144443,1.915079365079365,-0.05139683339567222,2,0,-0.07348575309750995,0.6662813606464804,0.8868792655806668,-0.00032380811050071586,0.1369615968971182,1.9150793650793652,1.3106879074830569,0.7459740704238974,51547.0,3.3881664713035287,1
B0184,structural_decline,-0.004727644638884793,0.07045666254315733,0.8806724652456962,0.2658235953257564,0.06896551724137934,0.8033082546288884,0.194,0.12997171975881755,0.021254849947022137,0.33333333333333337,2,-0.005100536927676028,0.11549160290040864,0.7077720832077178,0.945336961741636,-9.006668687481053,2.8650040335730593,-0.0483230807930664,2,0,0.047276025825729685,0.32353465518076424,0.8849581132276827,0.0003728922887912191,0.14536026529996984,2.8650040335730598,1.6003531954839894,0.8615614309282711,40739.0,2.608548103089483,0
B0185,stable,0.000806970190945068,0.021933767399673593,1.01678270027766,0.013229355243002394,0.0,1.0369307895836235,0.264,0.16941930093301769,0.17352537450016906,0.0,0,0.0016989742688482013,0.008627633952514393,0.6567569748984369,1.0031639047486423,0.3411344704482353,1.808661899897855,0.008071299261941176,0,0,0.1029940119760479,0.1778401241607595,1.035204010583484,-0.0008920040779031429,0.17958513815276173,1.8086618998978548,1.484180399591658,0.7116664357964279,59694.0,4.987661885531263,0
B0186,stable,0.0016303989455860378,0.025087990408810143,0.9804340466267408,0.0407855352493125,0.032258064516129004,1.0197113863675078,0.265,0.0782128343026793,0.0754720129601497,0.0,1,0.002440638190477461,0.004076098102443796,0.6924853839467512,0.9847662618937533,-0.1566150178784207,1.2788082575855841,0.007379776187115746,1,0,0.0020684788163434164,0.5115837295248499,1.0218650378409948,-0.0008102392448914176,0.23097531643308766,1.2788082575855841,1.4219081760633623,0.8462601587647783,45035.0,3.2877862409656147,0
B0187,temporary_stress,-0.004949427288456401,0.2647992098591501,1.2336906318082788,0.5672886289177295,0.2857142857142857,0.9976799448811148,0.209,0.23643470802457853,0.24012269174602727,0.0,10,-0.005284054031348332,0.006799527743693276,0.5950298800559457,0.44057424879427437,0.02161444353403207,1.5964701627486437,-0.08346895444858013,10,5,-0.35827275411634024,2.389717212677195,0.9952755241215427,0.0003346267428919319,0.16741307941172318,1.5964701627486437,1.4474720319843,0.8996265808734397,35452.0,2.990930693626176,0
B0188,temporary_stress,-0.005913125151632589,0.17399022826882093,1.504064233093287,0.49144110234674176,0.17647058823529416,1.0210235765173086,0.167,0.18361535692076064,0.22465317878534252,0.0,6,-0.006038394327211635,0.044364088138683276,0.6472103287728528,0.6369194514450299,0.2783316842986527,1.7894803960212384,-0.05320216392124225,6,3,-0.2842055881037323,1.2365180333177872,0.9912065372740265,0.00012526917557905242,0.16754537549668147,1.7894803960212384,1.4701261836378532,0.843950882089971,65703.0,4.300919713285111,0
B0189,structural_decline,-0.014967759024793997,0.16751319799559258,0.8636504789432194,0.4012355956710336,0.21875,0.6135039214827148,0.093,-0.06723918853787844,-0.09387697873698837,1.0,7,-0.01466786090535052,0.036090067437731466,0.870128612916609,0.6420102528151426,-0.7098478783026407,1.8853837025316456,0.00544413217243261,7,0,-0.08719274416159137,1.0450837161721886,0.6336590281733339,-0.00029989811944347165,0.23598395795878857,1.8853837025316456,1.4986167696340251,0.9933653872637053,94152.0,4.950374622091749,1
B0190,structural_decline,-0.011749418180080953,0.0995427112594437,0.8782361968270092,0.267559814272617,0.16000000000000003,0.7489427143406382,0.085,-0.0328078943995899,-0.076111611059708,0.6666666666666667,4,-0.01151018383916973,0.048011953803432636,0.7807864434052395,0.781959601336764,-1.1503995690042204,1.5212019647500723,-0.002830694872217369,4,0,-0.07304882737408688,0.8806624120338481,0.7841954277940437,-0.0002392343409112232,0.261049932116458,1.5212019647500723,1.5110819458250495,0.9744015704231399,44036.0,2.6046786738828263,1
B0191,stable,0.0019244457569292201,0.027215931124355105,0.9752004371145977,0.02871678782716247,0.0,1.0107002415430753,0.11,0.24030618793684877,0.22829204541476578,0.0,0,0.0011296458979629166,0.014611319320528754,0.6434966554227889,0.9723053944620125,-0.7806082661814362,3.0347274712354078,-0.013702443602442318,0,0,0.22095940442712284,0.1238119028273983,1.0204903207738714,0.0007947998589663168,0.12102224000914756,3.0347274712354078,1.5898619392173425,0.7977413456043817,36352.0,2.5450938750743886,0
B0192,temporary_stress,0.006126530309924152,0.19107438096567572,0.9705532175737642,0.4490778460854752,0.19444444444444442,1.0052835592425253,0.127,0.2705602054168827,0.25220389318604264,0.0,7,0.0057828215594307,0.016738130571185873,0.5507390718181046,0.5570328123842678,-5.744370860927201,2.012783085633404,-0.007580390870517541,7,4,-0.17727081944547318,0.9142346427680148,1.0163815026047454,0.0003437087504934486,0.18306146988449346,2.012783085633404,1.6790777495896134,0.8663326120024892,42551.0,3.1516924672246502,0
B0193,temporary_stress,-0.007080369924333638,0.1980694719284539,1.569022770398482,0.46699538730714174,0.3055555555555556,0.9972005726101478,0.136,0.03065054875139176,0.10312117975868575,0.33333333333333337,11,-0.006699747533213413,0.07016119800732068,0.7541782144956748,0.5522824876729759,0.8585734591032437,0.7159138600356731,-0.00596877911336316,11,4,-0.40591697152855094,3.1122637950665926,0.9469540321297916,-0.0003806223911202326,0.21345427059712774,0.715913860035673,1.1982393893063237,0.8880504457709852,43636.0,4.16440273580404,0
B0194,structural_decline,-0.01201723939212438,0.09410665136239738,0.8985523972828596,0.2504454391378037,0.16666666666666663,0.7626207755711037,0.283,-0.04079208494488143,-0.0748677133710379,0.6666666666666667,4,-0.010612467005383062,0.037435625542689144,0.8661626818840713,0.7846768936595542,-0.9793034541821293,1.4123639960435213,0.0003600762368308395,4,0,-0.07413845552127243,1.2622982151269906,0.7894630104442802,-0.0014047723867413216,0.18550799097231144,1.4123639960435213,1.2944518337509152,0.9705572071275853,55556.0,4.828647168745382,1
B0195,structural_decline,-0.012792352941176461,0.15885718817906663,0.8065851565851566,0.4246,0.4285714285714286,0.6137,0.097,-0.25528333333333336,-0.2748204761904762,1.0,15,-0.012683361344537814,0.09906798431504997,1.1091136345504347,0.63098,-0.7696983340837459,0.9276312772299932,0.002922857142857144,15,1,-0.29523333333333335,6.976149709941023,0.6267166666666667,-0.00010899159663865969,0.2982208866313858,0.927631277229993,1.2509325040732442,0.9646914607861267,36310.0,3.631,1
B0196,temporary_stress,-0.0012635948389694545,0.21221110427556691,1.1784592793403368,0.5135040778921032,0.16666666666666663,1.021538640573329,0.093,0.38579477680692803,0.39830650066013773,0.0,5,-0.001778870730584635,0.012216699106897684,0.5063117637473761,0.5010483237487514,0.11882657572312733,3.2967417263732512,-0.046391131294687415,5,1,-0.1270207628228129,0.7251397514393235,1.0117536390701825,0.0005152758916151826,0.11237527437241801,3.2967417263732512,1.7366922326248058,0.8515743298589795,76675.0,4.461437008446715,0
B0197,structural_decline,-0.006841752732687415,0.06589760843461344,0.8777496750269552,0.18344492504592047,0.0,0.8980466512610852,0.193,0.1926290217455709,0.22774359017767204,0.0,0,-0.007455322525381865,0.044822889135594096,0.5983560448643622,0.8494993185992771,1.5142356548401221,2.9583979328165375,0.029152100491793537,0,1,0.1656100017775671,0.22247636688650996,0.8602140980822026,0.0006135697926944385,0.1777124685731342,2.958397932816537,1.888169154759538,0.90048091142026,55024.0,3.260295076139124,0
B0198,stable,0.0007698532775060592,0.01984433931523008,0.9946990424076607,0.02424263748636568,0.0,1.0254389359980296,0.232,0.23031092032886483,0.23087790550582143,0.0,0,0.0003870377537736152,0.003735630628846607,0.5767004756174431,0.9980929594314063,0.07444561774022099,2.225315065325471,0.00409154196846401,0,0,0.20592754184112688,0.11965310566473622,1.0233630062277894,0.00038281552373244,0.19824651882413616,2.225315065325471,1.7862234477124184,0.8093441110555807,49491.0,3.482706449456388,0
B0199,stable,0.001843701671351157,0.024549431464341784,1.0162737670552757,0.008246436429733106,0.0,1.084205491246532,0.214,0.285267387352913,0.31571879569774913,0.0,0,0.0009512658334935709,0.026214555668847332,0.5389382452458068,1.0045020568257914,2.697269029633911,2.3859440030268635,0.02087056347460065,0,0,0.23187601645460632,0.096658617984017,1.057438056060461,0.0008924358378576106,0.19128955796406535,2.3859440030268635,1.8674399650605764,0.7669029077251946,63343.0,3.6358748684588154,0
B0200,stable,-0.0009415450617195759,0.025419337904905855,0.9585656188580823,0.06380150642445725,0.0,0.9421306552454094,0.155,0.17285728351302124,0.16016027737339225,0.0,0,-0.0008452794412604075,0.013507769388362378,0.6793815363585954,0.9462413232905036,-0.5837051406401492,2.442595673876872,0.004527712724434113,0,0,0.14682715502387633,0.1553654531116845,0.9544011224339093,-9.626562045917231e-05,0.13950249526093852,2.4425956738768715,1.498763357384236,0.8307859942884873,40927.0,3.0222271451779648,0
B0201,temporary_stress,0.0029085776281142905,0.17888980766724383,0.9814242796090212,0.42932053999776854,0.25,0.9728327568894344,0.117,0.15704842128751534,0.1597643486715227,0.0,7,0.0036479793685663033,0.0034710152840075523,0.6106895461469921,0.5762942095280599,0.38352464550980125,1.2848072132567963,0.00489871057203429,7,3,-0.269998884302131,2.629971336017878,0.9704061140243223,-0.0007394017404520281,0.22747262222988704,1.2848072132567963,1.4650915470869599,0.8582008666446432,42853.0,3.5858250585741382,0
B0202,structural_decline,-0.0042552283390717505,0.06382266625024836,0.86256903209733,0.22885792525773196,0.08333333333333337,0.8261718749999999,0.162,0.011336179123711338,-0.004172611377025102,0.5,3,-0.004901253022628664,0.057729225280672786,0.8117049570962656,0.8536867751288659,-1.0083034111310667,2.072210743801653,-6.385769513996871e-05,3,1,-0.04010953608247422,0.46297922828731586,0.8365516269329897,0.0006460246835569116,0.17474396158521174,2.0722107438016533,1.4584751272335714,0.8918516685707807,52453.0,3.1684721327319587,1
B0203,structural_decline,-0.014693776021164097,0.1900515559741659,0.8299144829103308,0.48196421425713143,0.6388888888888888,0.5198269784104118,0.126,-0.32716896282322455,-0.3871995056526012,1.0,23,-0.014544159270621282,0.09689438107993403,1.2679952951311233,0.624021036986223,-2.4463525026624033,0.5423319751862864,-0.01774587385974797,23,0,-0.37735094037615047,2.0004517426793273,0.5751157605899503,-0.00014961675054282487,0.3008796779484121,0.5423319751862865,1.1291081555790523,0.9833753150979442,69127.0,3.9516949636997656,1
B0204,stable,-0.0013371286743537293,0.025686518362492656,0.9906297242349998,0.07282707459454074,0.4444444444444444,0.9610784033059087,0.235,-0.041174493720516306,-0.021923693115239104,0.8333333333333334,16,-0.0014107530742872596,0.01954201348124771,0.8004025627195347,0.9395327416885526,1.5523055746730783,1.012202380952381,0.015826112623513792,10,0,-0.05964575994822071,1.4137897784229414,0.9461296224841613,7.36243999335169e-05,0.24311630905239892,1.0122023809523812,1.3133057154501957,0.7821433629160414,62162.0,4.642361932263726,1
B0205,structural_decline,-0.010161423464921666,0.11099817124303589,0.9178917343196563,0.27907860427940623,0.0,0.7437204365885297,0.249,0.10196674484728573,0.06742451327417065,0.0,0,-0.009967827067877291,0.039606395612946,0.6847712875851589,0.7642474351079024,-0.9676566826076008,2.846086142322098,-0.03511950778031308,0,1,0.0919561315006748,0.3982384704557685,0.7673973715588516,-0.00019359639704437373,0.18235525125070434,2.8460861423220973,1.7650345567026917,0.8952517067761675,41982.0,3.300514943854086,1
B0206,structural_decline,-0.009501749151453937,0.10476841936387023,0.9311192206951351,0.2552942480874183,0.0,0.7611397878604955,0.201,0.051051457997117265,0.025020282958267363,0.0,0,-0.008878558061774086,0.029132508648081916,0.6428402105030264,0.7653283727347763,-0.4034961372266578,1.8307500314610512,0.019241443759448588,0,0,0.03710593423921747,0.4851613890082339,0.7795326032054993,-0.0006231910896798308,0.291669959068856,1.8307500314610514,1.8280391031509247,0.9553870287274597,54777.0,4.048907888090867,1
B0207,structural_decline,-0.005990148938335158,0.05649717933684934,0.9179595699656526,0.1490480911242844,0.11111111111111116,0.8636777469803952,0.223,-7.08114997875655e-05,-0.01257063085820642,0.5,3,-0.005317384108328329,0.013392391130835561,0.796082201936889,0.878641228478362,-0.48252778149685,1.481027194144741,0.006702525224790453,3,0,-0.018512149230177837,0.6582012020814862,0.8732474153802577,-0.0006727648300068227,0.20399888791066215,1.4810271941447408,1.3773301011451977,0.9344858836356583,77530.0,4.70572763873996,1
B0208,structural_decline,-0.009586822774131181,0.08592535423793794,0.8543234323432343,0.21675343114055845,0.25,0.8375138034390283,0.2,-0.03208707998106957,-0.01882496112500862,0.8333333333333334,6,-0.009498261281096326,0.031567442636647285,0.801591593911767,0.8126928537624232,0.2230713245997062,1.4560986510645215,0.036357244270164187,4,1,-0.061303044644265656,0.9060234594112676,0.8167218804227796,-8.856149303484804e-05,0.23769605191995674,1.4560986510645213,1.4295929131404186,0.9147906979606457,42965.0,4.066729768102224,1
B0209,stable,0.0039316255536318515,0.03192011345812043,1.0043028569901382,0.0066421224427829495,0.0,1.058355790033021,0.192,0.12250920408395642,0.11032240049016154,0.0,0,0.005088975244590684,0.01240578298012856,0.6922756222612522,0.9972634455535733,-2.7323121808898145,1.3881873278236914,-0.00832352829544164,0,0,0.026910084639617412,0.5198221335786761,1.0697043306638325,-0.0011573496909588422,0.19319814785246686,1.3881873278236916,1.3816971522237742,0.9098431841620435,50192.0,2.857554939841348,0
B0210,stable,0.0008442222698406601,0.02041440044124117,1.0133551188889367,0.032148517093049556,0.0,1.026018355653855,0.22,0.3071785583671479,0.30903551960830644,0.0,0,0.00037675960090346664,0.004456909466798085,0.4852000203669444,1.0023179672941955,0.9284806205792724,2.3801307807452927,0.0008493657123948979,0,0,0.2840075930408736,0.0689890610407965,1.0260880165793005,0.0004674626689371994,0.21543135491097948,2.3801307807452923,2.0634633577541637,0.711186711805683,57170.0,2.9868863307849045,0
B0211,structural_decline,-0.00440040096210851,0.045732040034735494,0.9324629198416222,0.13844291203874293,0.0,0.8810163008194277,0.08,0.1068326577880718,0.07666548853578391,0.0,0,-0.004047566753474944,0.028814757702283304,0.7010639848418598,0.9043796388903511,-1.223496401122359,2.018860094069907,-0.002755322268929647,0,0,0.09399729781895387,0.2310166588898947,0.9029057219560983,-0.0003528342086335722,0.18061507068940388,2.018860094069907,1.5092857018222428,0.8705916595565887,75327.0,3.965205032373533,0
B0212,stable,0.0007144933026274163,0.022696104770581295,1.0456162276485292,0.04594700226686477,0.0,1.0200891112327053,0.283,0.22143359649808486,0.22211432591484187,0.0,0,-0.001010584714797952,0.0035797153971135086,0.5706645826629277,0.9597748768857969,0.03175000000000303,2.0184395509211446,-0.010379783587006277,0,0,0.1804736965528023,0.09889366477392424,1.0202298131790823,0.0017250780174253998,0.2122925573484117,2.0184395509211446,1.7847867620867202,0.7576357769711781,45863.0,4.30200891112327,0
B0213,temporary_stress,-0.010577824851778361,0.21103263717838114,1.4489336510210344,0.4657173616074255,0.23076923076923073,1.0219383554827797,0.179,0.14849326469869817,0.30778937627866043,0.16666666666666663,6,-0.011578738109040176,0.16419986105613207,0.5721275586897088,0.5468757067769163,1.3404588520867593,1.6441886062241473,0.13906655689949973,6,4,-0.21406406904475425,1.2944884568302295,0.8967404579462082,0.0010009132572618108,0.26228019733058927,1.6441886062241478,1.7647474113586443,0.8734275413138062,87495.0,4.749269475379285,0
B0214,stable,-0.0007800733202368915,0.01913183943791868,0.9873994595199641,0.06467441897158355,0.0,0.9613909970179398,0.136,0.3104340554442323,0.2954006847694031,0.0,0,-0.00027463365900507754,0.014349114198757337,0.5559280312231777,0.9543634326827499,-7.516685337414601,3.587090111025045,-0.008168546138536133,0,0,0.2947979614698875,0.05549649786304185,0.9742817021410878,-0.0005054396612318145,0.12544332701744157,3.5870901110250455,1.8098916281428714,0.6324806951323487,39770.0,3.7649694693826032,0
B0215,structural_decline,-0.01013173628490878,0.08410680352945957,0.9040602583889034,0.21853133073521036,0.28,0.7939221438893025,0.101,-0.05286158427113895,-0.08144377232436094,1.0,7,-0.010932946197297906,0.031454951710126564,0.8097037760766167,0.8069536278845734,-0.9487690620950887,1.3491515151515152,0.0007716800430378897,7,0,-0.08078118842229715,1.1911683425413528,0.8156850724701143,0.0008012099123891401,0.2551025886041293,1.3491515151515154,1.4328477679656484,0.978574026704977,88328.0,4.641310154573718,1
B0216,temporary_stress,0.0008641203938871699,0.1764769573713221,1.0009840338294873,0.5094309030967952,0.125,1.0038192004900106,0.175,0.36958871534345783,0.3493294523667975,0.0,4,0.000680568483544643,0.018070023766509853,0.4957400453450474,0.6490244825163487,-0.9461993365065753,3.034857129385138,-0.020835231352444812,4,4,-0.1497955286530112,0.5680658806423757,1.017060296528491,0.0001835519103425241,0.1408707666147088,3.0348571293851374,1.8596897205748784,0.8196544632687107,64621.0,3.492460682051559,0
B0217,temporary_stress,-0.014494931622239438,0.2587413602524048,1.3064317271139423,0.5855617099090982,0.2857142857142857,0.7961907790704865,0.267,-0.16335833355418333,0.0047794465625011235,0.8333333333333334,10,-0.014736062712790833,0.21626032027051315,0.8935944319924501,0.4238942040124029,1.049236410372722,1.0526912546303753,0.16419276798255406,10,3,-0.4520887993710192,11.557160747277385,0.6739723849150611,0.00024113109055139853,0.34878691360937436,1.0526912546303753,1.4079409224132335,0.892894518634417,54638.0,2.89603265046511,0
B0218,temporary_stress,0.0015253678149284523,0.2511218986766696,1.3590871074840967,0.48752709956546025,0.36,1.0149674805214477,0.273,0.2006172547311818,0.20152285019130292,0.0,9,0.001463584082751169,0.007869528585249523,0.5943627565244147,0.5232653911331169,0.0045571853255361484,1.1697875773057271,-0.09890627979599763,9,5,-0.29845970330117677,5.889142566882495,1.0153556315027124,6.17837321772814e-05,0.20805400415846936,1.1697875773057274,1.4110253241575303,0.8527862139155237,63876.0,3.6283217676963715,0
B0219,temporary_stress,-0.0020596660478657876,0.13505666838199493,1.0367700648831215,0.39358848822853254,0.19999999999999996,0.981157137383456,0.239,0.0658946741027715,0.051651411298905776,0.0,7,-0.0028339673389045665,0.013242648195868983,0.7023926890532975,0.7076980714376943,-0.2369827083738122,1.1295691408235893,-0.03717290160135741,7,1,-0.2878624036783175,4.23508248162813,0.9932053301545404,0.0007743012910387821,0.23126184128181607,1.1295691408235893,1.3822772886225896,0.8373948181882673,57423.0,2.933611477712972,0
B0220,structural_decline,-0.01245579445808677,0.14223061521138844,0.8730195986386574,0.3604918199369983,0.4242424242424242,0.6503810588354841,0.137,-0.2141855502489584,-0.25189251963360276,1.0,14,-0.011575976475152785,0.04809975723687044,1.0890800734865798,0.6975144802357484,-1.245311241514205,0.7966244421186859,-0.003713908284581925,14,0,-0.24334925312468245,3.6927219871756876,0.6803272025200691,-0.0008798179829340026,0.22574718824214723,0.7966244421186859,1.1613878856117879,0.9836993735643124,84144.0,5.130210344477187,1
B0221,temporary_stress,-0.0054955809100555525,0.16721579954375532,1.455160461545478,0.3978074437074901,0.24242424242424243,1.017236280681002,0.204,0.11596468252291835,0.1263173141336294,0.0,8,-0.0055156377746907945,0.025023650675317415,0.6966119579184906,0.6181361159224368,0.09565391950215753,1.277297895902547,-0.04893872550498806,8,2,-0.25387605086392634,2.7790164007229308,1.010931097123062,2.0056864635246232e-05,0.1886772741044098,1.277297895902547,1.3534557449025362,0.8619760099825433,79283.0,5.024058975117232,0
B0222,stable,-2.292481390979729e-05,0.021940788389877997,0.9531138153185398,0.03866237385352134,0.0,0.9648819025459267,0.267,0.2547685398122345,0.24421687724899213,0.0,0,-0.0001421308709243344,0.009809172366773365,0.5657501286491148,0.9662157409161007,-3.1685236768802727,2.6704297820823246,-0.006940906824567991,0,0,0.2481534590514326,0.07771711218450396,0.9726603717431888,0.00011920605701454187,0.17232027370968414,2.6704297820823246,1.8262915634555321,0.7076118113995692,34232.0,2.7784962528070127,0
B0223,structural_decline,-0.008271923468986727,0.09168605763168884,0.8925986525505293,0.24721932347476394,0.3125,0.7599412897587959,0.145,-0.1378418047460273,-0.17148844520882497,1.0,10,-0.0076378056165347825,0.03727178049783244,0.8837946539286831,0.7974496678459619,-1.0119860017497808,1.0499625333037301,-0.00019925606222024182,10,0,-0.1684271254888985,4.204300477039186,0.7868275259402547,-0.0006341178524519468,0.29139215665131923,1.0499625333037301,1.3471206890619445,0.9744318684492832,90743.0,4.619257298480491,1
B0224,structural_decline,-0.006099788852300998,0.06572560781391339,0.8870290405238682,0.18164475028956872,0.03448275862068961,0.8272126456360291,0.263,0.024346483159592106,-0.00488097671445777,0.16666666666666663,1,-0.006467510071553934,0.03016265335006834,0.8407714014416969,0.8550793758942563,-0.6285164099129282,2.239471843672509,0.008637421037775317,1,0,0.005950353160273443,0.48239507815427096,0.8490949558265767,0.00036772121925292343,0.13055514691131825,2.2394718436725087,1.3491326614901702,0.9127556507110403,43668.0,2.975267425223138,1
B0225,temporary_stress,0.003931983313273126,0.16385293832296202,0.981547357991001,0.42811095917171327,0.16129032258064513,0.9854138178029562,0.267,0.295142280393306,0.29733578917013176,0.0,5,0.0035671187038799138,0.006479076816796913,0.5415956443311765,0.5903496776714202,1.096754388412897,2.439720902012337,0.0004297714397343782,5,3,-0.08881943087842678,0.6432733373893831,0.9837044995767402,0.0003648646093932117,0.15837291277078128,2.439720902012337,1.710071989028001,0.8294573282273184,48099.0,4.698085563586638,0
B0226,temporary_stress,-0.01077816813834247,0.27400398057940334,2.00411477478466,0.5679812099859833,0.29166666666666663,1.002967508934096,0.096,0.16052329178820823,0.2777054391101441,0.16666666666666663,7,-0.01043962505620699,0.1257398084849754,0.6987051383832023,0.44577035269159376,3.3381845091267834,1.6707795698924732,0.04103929559094913,7,4,-0.32930509780151784,2.9389905423750693,0.9225543306688891,-0.00033854308213550853,0.12729612089025158,1.6707795698924732,1.304026257991616,0.8606548767132783,34002.0,2.576201841118309,0
B0227,stable,0.000710781129613474,0.017601936216867273,0.9831098350136491,0.031113689353964302,0.0,0.9996095449525317,0.278,0.23921507379600399,0.23070092258949773,0.0,0,0.0005234829349225193,0.010625197018458571,0.5522379803969291,0.9833108356853602,-0.6556701030927955,2.090439785624212,0.002235634043217717,0,0,0.18445096442396722,0.11933278121362513,1.0084226731668136,0.0001872981946909376,0.21054494767351817,2.090439785624212,1.7926246624057258,0.7031601080803968,41962.0,2.8087328060330883,0
B0228,structural_decline,-0.01669602804361837,0.20630719661800134,0.8007459384284721,0.5171183712533172,0.6176470588235294,0.4881889763779528,0.165,-0.3583184698597758,-0.42771918703532225,1.0,21,-0.016679344750709896,0.11535048887844511,1.2495197494802768,0.6032801148475225,-1.960258390675466,0.567804663236453,-0.016998427682727496,21,0,-0.425486869389945,1.7637344465296438,0.5510505938138948,-1.668329290846978e-05,0.40072629667640325,0.5678046632364531,1.181536933912805,0.9875818461136432,34859.0,3.032931657023535,1
B0229,stable,0.0008791266878429939,0.017575045294120736,0.9844799566630552,0.033877839923389774,0.0,1.0023177383315058,0.122,0.3275644317377486,0.3195798330990479,0.0,0,0.00022773373456230251,0.00858203103782802,0.5624123036289103,0.9878311798259615,-1.2284040995607663,3.931408382066277,-0.000742310719688512,0,0,0.3108267525293881,0.04688323569235374,1.0088962291646426,0.0006513929532807163,0.11291165708311553,3.931408382066277,1.800235093392586,0.4696126242307051,38922.0,3.24111417983984,0
B0230,temporary_stress,-0.0005628740932081255,0.20980560492247563,1.2446287905193447,0.43598651272095634,0.2857142857142857,1.018221450223085,0.283,0.2906122634333526,0.2936522533130277,0.0,8,-0.0007606275667708294,0.007700753867000347,0.5016074649102172,0.5838357004189231,0.019142626044755265,1.7428208501565121,-0.07788368438210073,8,3,-0.1347365552944382,1.1244247766902906,1.0134872790436293,0.00019775347356269833,0.21164767953758779,1.7428208501565123,1.7468602978342858,0.8663578199802499,70406.0,4.795885698715984,0
B0231,temporary_stress,-0.014014931601562875,0.18136675551917836,1.0990763298114878,0.39827350101405823,0.27586206896551724,0.803186049333495,0.217,0.005026954878746381,0.10374347176857186,0.5,8,-0.012862540407981751,0.11552578733477616,0.697121995163814,0.6066147792473435,0.9737652059211489,1.5876485111600855,0.10004630741686331,8,0,-0.11974553207717241,1.182971464722222,0.7311965886044133,-0.0011523911935811472,0.296003034469679,1.5876485111600855,1.665682405580413,0.885382714885252,76710.0,3.9891487111927746,0
B0232,temporary_stress,-0.0006807945792764974,0.19221585581143175,1.0753308696364532,0.4608501862692922,0.19999999999999996,0.9894558275678551,0.232,0.2746307876530069,0.28338354367824836,0.0,6,-0.0006811941717513633,0.016159802033520427,0.5993668421676345,0.5589775146354443,0.10694628300703819,2.464569351230425,-0.03654489470082859,6,1,-0.15746407663650877,0.9731177422802103,0.9823875731772219,3.9959247486505185e-07,0.12107873842455433,2.4645693512304248,1.4954799464789683,0.8569667321271022,48580.0,4.8476583288983495,0
B0233,temporary_stress,-0.016120570322057905,0.25713329799472856,1.3120735253291251,0.51159940768982,0.2962962962962963,0.9249400030636733,0.128,-0.04403179412115126,0.16924947297524015,0.5,8,-0.01719831125138089,0.23833216508115979,0.8543603906589308,0.4937620206627747,1.3840721034593764,1.4759174032678306,0.18368910037420577,8,5,-0.3004101918199922,3.043148284877411,0.7641907647269076,0.0010777409293229764,0.20325846075035914,1.4759174032678308,1.3607677061074837,0.8704530862033092,55974.0,2.8581008629346587,0
B0234,stable,0.0019805065438930924,0.024256840606859925,0.9903634187818857,0.025279015656426207,0.0,1.0325091033376714,0.13,0.26964283366854647,0.2671459181929662,0.0,0,0.002562190248376336,0.004128070691051134,0.513202747392521,0.9892337421619277,-0.1807504078303497,2.0047879776328053,0.005658623428864415,0,0,0.18364422710362688,0.14094068098998852,1.0335081699990798,-0.0005816837044832268,0.22589671839226658,2.004787977632805,1.8530293792535975,0.8120430109393262,51338.0,4.04921717868833,0
B0235,temporary_stress,-0.007833244894349414,0.20092003780487935,1.451039667306462,0.4144863055634924,0.3076923076923077,0.9960814727131719,0.098,0.2249071390669007,0.31506475482964325,0.0,8,-0.008490896017733849,0.0858647144195415,0.5535444614689315,0.6131270664108739,1.624984235086392,1.888977775555611,0.01733773390167529,8,0,-0.09624882648271359,1.0278384561096483,0.9257418670149803,0.0006576511233844178,0.20350753425412538,1.8889777755556112,1.7081829854635087,0.8773096655239147,58978.0,3.6110453487897467,0
B0236,temporary_stress,0.0004455210703678294,0.14052464774319065,1.041038052503268,0.3912361583868327,0.1724137931034483,1.0224309535094145,0.229,0.2012926020078418,0.20957707293352928,0.0,5,0.0010494145404354117,0.009824811557365106,0.5813691051943864,0.7011486923176355,0.12374227714033272,1.5546069921159513,-0.02933246339166464,5,2,-0.21772588220087036,1.081269925110787,1.0156232496014477,-0.0006038934700675684,0.22043476047446928,1.5546069921159513,1.5829224957821342,0.7847273234725823,57707.0,2.983687362661037,0
B0237,temporary_stress,-0.006907314707359723,0.2556263548813713,1.6730068692756037,0.5259626210312993,0.36,1.0145162500938227,0.109,0.1329430308489079,0.20795831054781744,0.16666666666666663,9,-0.007044359378518349,0.07576977122673652,0.7451514067530367,0.47614501238459805,0.6092208660759074,1.1637290836653387,-0.024058931386109914,9,4,-0.38856113487953164,11.473654205769387,0.9652030323500712,0.00013704467115861277,0.1171127735353127,1.1637290836653387,1.182529882569376,0.844570856587417,42960.0,3.8693987840576445,0
B0238,temporary_stress,-0.011355129384371249,0.22720004628442847,1.4737006117662494,0.49380972326394645,0.2592592592592593,1.0200368202141026,0.146,0.10149910871703957,0.28397040467446943,0.33333333333333337,7,-0.012188235164828032,0.19540413967873058,0.7038718796256107,0.514992061250134,1.365071830106183,1.7332592043489004,0.15807143344182722,7,3,-0.27472944935272403,1.8023218588165237,0.8752398671355236,0.0008331057804567702,0.18016092951821308,1.7332592043489006,1.4481329126279066,0.8689920006945374,59625.0,3.484770263293753,0
B0239,temporary_stress,0.0032470682462321905,0.18534275425656405,1.0243074286802272,0.49881615153260384,0.16666666666666663,1.0326784838207377,0.17,0.2513918218468036,0.24785581731252673,0.0,5,0.0033471773455044443,0.013345096543495952,0.6202174788562224,0.6324822422729891,-0.13556708257395653,2.0846433439345753,-0.01480953295121082,5,1,-0.26456346920927454,1.0998359123329406,1.0327958021373265,-0.00010010909927223255,0.13637349360265189,2.0846433439345753,1.4643652335843254,0.803375105802313,49479.0,3.166250719907852,0
B0240,temporary_stress,-0.00453636470522823,0.2077958029512252,1.4598506736848127,0.5016080124965543,0.25,1.0420533553860762,0.237,0.10471989953750498,0.10365576718604375,0.0,8,-0.006020424835060266,0.006192596193580891,0.6864614359617494,0.518104689270728,-0.005999368487527706,1.0284561258278146,-0.08921909662514277,8,6,-0.413631862129519,9.614725672165118,1.0420329361797707,0.0014840601298320344,0.21304279667659506,1.0284561258278144,1.3312834358282086,0.8629998760976401,46679.0,2.8594443933964286,0
B0241,temporary_stress,-0.002835364993206884,0.14418744507777065,1.099670254464008,0.36684628277763154,0.18181818181818177,0.9884334612347798,0.271,0.26844066434874153,0.2783667136979877,0.0,6,-0.0025183583478083256,0.010927546028326064,0.5187411598302687,0.6445568007092296,0.128726287262873,1.9457996598512781,-0.0335918406924488,6,1,-0.09693729135210759,0.7091553565753459,0.9793464559294095,-0.00031700664539856363,0.20715700141442714,1.9457996598512781,1.7625098512342015,0.8665110697938266,61599.0,5.119668656757767,0
B0242,stable,0.0008249156077644646,0.022079558077619195,0.9809511110264495,0.01892859608802433,0.0,1.0155157277990945,0.13,0.19599333208392106,0.1923984065766056,0.0,0,0.0021731680365941215,0.008335262061397196,0.5759129261211927,0.9932334461092316,-0.3091014829892466,1.8182479063275434,0.004017658986538726,0,0,0.13943441078703112,0.16795492429442752,1.0159004152651878,-0.0013482524288296546,0.23116134106201391,1.8182479063275434,1.717087230927433,0.8903375648609541,79050.0,4.678391414564859,0
B0243,structural_decline,-0.00620997460736631,0.059621090116919774,0.9200778384335876,0.1738933910179834,0.0,0.8564233364543311,0.29,0.1450295418590385,0.1347348612385902,0.0,0,-0.006540099520971621,0.019774769483385107,0.5786104664221008,0.8669228037322829,-0.32511798636602085,2.061292366170415,0.010684882224610405,0,0,0.13082362057275693,0.24754642179374278,0.8624931391857423,0.0003301249136053046,0.2532380025454818,2.0612923661704152,1.889330764079647,0.9708648548640079,35674.0,3.455332063410067,0
B0244,structural_decline,-0.005252799267517031,0.0673960755384634,0.8793525217300785,0.18623542459758402,0.0,0.8206988199794171,0.12,0.12272813564741265,0.09121486309220493,0.0,0,-0.00448833350671883,0.03341791106792867,0.5805031074282332,0.846689247924223,-0.9714859013623378,2.013773390814075,0.0004624732900264623,0,0,0.10455322082671382,0.24998008561909424,0.8440494389656584,-0.0007644657607982141,0.27409292690145015,2.013773390814075,1.92405368885686,0.9626950881018931,66555.0,3.9899883097029467,0
B0245,structural_decline,-0.006261108594811567,0.05748552081762708,0.8992323232323233,0.17131835007106377,0.0,0.8419260624424072,0.12,0.20700641916691398,0.1721675453882178,0.0,0,-0.005878962120547708,0.03446836080642678,0.5800862688713155,0.8655567182594843,-1.0170392371424144,2.8996347865784067,-0.0002918411652227726,0,0,0.1787995689318569,0.18777131760939286,0.8690083870866979,-0.00038214647426386764,0.18170381020848309,2.899634786578407,1.9132231999079825,0.953165300734487,37470.0,3.51133115716807,0
B0246,temporary_stress,-0.0006308948029843041,0.262249057822534,1.074726203109385,0.5763051256014349,0.21212121212121215,0.9857363840832092,0.125,0.31012688259800897,0.3043417194157895,0.0,7,-0.00017951888861726222,0.006004633168922477,0.5565600015338305,0.42752128154271013,-0.06342524881389895,2.283854898967581,-0.04849873442776747,7,2,-0.2749660729029258,1.3661655692993318,0.9899499871883689,-0.0004513759143670399,0.13016469505531375,2.2838548989675815,1.525476470696975,0.8857813817365259,75408.0,4.293775445322805,0
B0247,structural_decline,-0.011470093847177995,0.12331089110720844,0.9101920802838058,0.287335085482318,0.5862068965517242,0.7218506856800854,0.101,-0.2004475786515392,-0.2268829715653728,1.0,17,-0.011008658152383126,0.031227041148093045,0.9779486639278064,0.7367404824481512,-1.0220765781303855,0.6852842933952541,-0.0002854986747359152,17,1,-0.21249577142262355,1.5281662676097378,0.7410809544874964,-0.0004614356947948447,0.29253133888128097,0.6852842933952542,1.206613055393324,0.8769925311579855,42230.0,3.2967290327617165,1
B0248,structural_decline,-0.008835625356449483,0.0902833704279751,0.8972274823986404,0.2361147895325889,0.0,0.7767174431221112,0.29,0.030696545891037087,0.013648740515266449,0.0,0,-0.009251081264265408,0.018765261880613893,0.7551194908650101,0.7932729028013907,-0.5018539277399361,1.9864649012189997,0.008460925399985024,0,0,0.02357986826030124,0.5353914049723145,0.7893446334441131,0.0004154559078159343,0.205991860767166,1.9864649012189999,1.5350875951459635,0.9707311060546499,52093.0,2.670317559312766,1
B0249,stable,-0.0002563429569210154,0.01888801488307298,0.9676597446867717,0.03685342728906427,0.0,0.9684581404201451,0.159,0.3632846734713751,0.3429823440960028,0.0,0,-0.00033268050725402467,0.01814254017873122,0.5104379161911266,0.9698922637016316,-10.151164687686151,4.284399801587301,-0.009401474845300609,0,0,0.34187020299041265,0.056572652042890435,0.9850921999628192,7.63375503330076e-05,0.12077967594381588,4.284399801587302,2.045124131442901,0.761269538605672,51405.0,2.7304113809190786,0
B0250,structural_decline,-0.013049332314546488,0.10385611546926114,0.8688966461932747,0.2683079572586011,0.0,0.741164037731418,0.086,0.14840763500202225,0.11273836083417672,0.0,0,-0.01326263088659985,0.040212643624605554,0.6595979115812314,0.7662843946925515,-0.9622299987932906,3.5803468872042266,0.0007000553558148773,0,0,0.1142640938327658,0.3358853474849255,0.7696583036518063,0.00021329857205334613,0.1475793327908869,3.580346887204227,1.8110717189786958,0.9816020806926645,61705.0,4.830326040158128,0
B0251,structural_decline,-0.008109881324751055,0.08261170313498002,0.8820392982918079,0.19387643861643644,0.03703703703703709,0.8357446543427138,0.093,0.027285044618523303,0.03284884432351381,0.16666666666666663,1,-0.006783040095089432,0.024429130037315915,0.6947274152020598,0.8274283222500817,0.08577543628580878,1.61160544528101,0.035214260128994444,1,0,0.022426064070019153,0.5011778512831145,0.834716793072838,-0.0013268412296616172,0.27258479794022167,1.6116054452810102,1.6181774689467265,0.9256211420057383,30271.0,2.828580772764791,1
B0252,structural_decline,-0.004102911730569846,0.05581047795913902,0.8955680261588087,0.23207179019933122,0.02941176470588236,0.8442740611488839,0.223,0.06560138904408669,0.021271825072786084,0.16666666666666663,1,-0.0041542251155839835,0.054718265458866426,0.7058556513844756,0.8882541538091268,-1.3331560755118297,1.9325184619302267,-0.00553898520702427,1,0,0.028777967835377647,0.34551356307813486,0.8710578567806154,5.131338501414594e-05,0.218832027472419,1.9325184619302271,1.6096163790723013,0.9197108498150238,99677.0,5.140683691625337,1
B0253,stable,0.001198226847726812,0.024668473331389773,0.9809562291928358,0.01911689450983267,0.0,1.0296988083924261,0.224,0.2597868996271657,0.2695526510918717,0.0,0,0.0019326125372141,0.014047026572494375,0.6194940676068951,0.9924409679070106,1.925262507720823,2.9415386803185437,0.007419088696959813,0,0,0.19349002120038014,0.11723571825623692,1.0204967468382191,-0.0007343856894872689,0.12593687038280726,2.9415386803185437,1.5841129544652315,0.7146339055845083,61583.0,3.376507785656846,0
B0254,structural_decline,-0.009350807431672508,0.12114285297986034,0.9136981450047016,0.3057841418852678,0.38888888888888884,0.7124763574066922,0.216,-0.16141330719031916,-0.19662828679791933,1.0,14,-0.009669030648799518,0.04211939366602042,0.9796845763164929,0.7459077270431657,-3.7162307416696043,1.0118406285072952,-0.02234548672265919,14,1,-0.18836833922541418,5.842921968734924,0.7409167879742135,0.0003182232171270093,0.23817161186848437,1.0118406285072952,1.2458119091059876,0.936293311189652,46082.0,2.738005406850658,1
B0255,stable,0.001727232036912977,0.017733381406216154,1.0144664996466886,0.02675049791072759,0.0,1.030811887374546,0.223,0.23161635490295623,0.2351020089372883,0.0,0,0.003349324553682735,0.004265975126806919,0.6221552411950204,0.9841215292693405,0.27451669595781875,2.2089088191330344,-0.004605883435890842,0,0,0.15232813944103826,0.17023679482119225,1.0278569661941395,-0.0016220925167697558,0.15250566735477009,2.2089088191330344,1.5248025455991816,0.8798079569384646,31603.0,2.4683094466356854,0
B0256,structural_decline,-0.008422088909091949,0.09635460592226866,0.8354699080936853,0.2707197351864238,0.18518518518518523,0.8538424041807897,0.247,-0.04902905467448109,0.0019993813675017623,0.6666666666666667,5,-0.008939982889400778,0.07037675327459766,0.9201856609558415,0.7679140262773061,0.8046209474780909,1.8054326944556136,0.05722382998294716,4,1,-0.09844354006779046,0.9948398053036611,0.7986464580050561,0.0005178939803088328,0.14120452513094206,1.8054326944556136,1.2761012004400019,0.8384657688720977,50172.0,3.412558239715235,1
B0257,structural_decline,-0.008504837249600411,0.09324048278904806,0.9182924710523357,0.24692577281745165,0.06060606060606055,0.7653274368767425,0.126,0.014752794553352154,-0.011652410376398614,0.33333333333333337,2,-0.008712156459561119,0.02877404687621199,0.7533109266142854,0.7957909088525508,-1.2086133589356787,1.7672357918475705,-0.002278842300167479,2,0,-0.012008495092598258,0.6320878488576044,0.7853066361356069,0.00020731920996070236,0.22790304271373563,1.7672357918475703,1.5226298224746422,0.9897677487564657,95908.0,5.029304573541108,1
B0258,stable,0.003602243245293041,0.031057609207615182,1.0212536594130142,0.03729059013263991,0.0,1.0531547246815653,0.208,0.21148888084345413,0.20124254948334214,0.0,0,0.0047991654371938525,0.015003493435228474,0.6832143226741177,0.9879208768061086,-0.5884640311082256,2.2334347979530613,-0.013829161984380315,0,0,0.10372028217533928,0.2760109378706429,1.060132310831715,-0.0011969221919007971,0.11729276622167029,2.2334347979530613,1.3731541299212453,0.8836903832197224,41437.0,2.727643748148636,0
B0259,stable,0.0024993249708984717,0.029748756657826714,1.0546241824508904,0.02509998620879883,0.0,1.0774605801498645,0.118,0.18469866225348228,0.19384025848651407,0.0,0,0.0026262160997441294,0.008413751414781139,0.6145206362854686,0.9886636326023996,0.4263922073148287,1.6237604468886677,-0.006148905569675137,0,0,0.10235369834045878,0.2218859337918624,1.0692778007631132,-0.00012689112884566462,0.21274720550300946,1.6237604468886677,1.565705406241278,0.7569948586906605,55636.0,3.8364363536063992,0
B0260,stable,0.0026135356438332542,0.03371716851770531,1.010124462800692,0.02700615478224233,0.0,1.0859797336828065,0.235,0.2965177505792048,0.32748088540604525,0.0,0,0.002514302390821298,0.02708987240019172,0.5015581487866331,0.983777585359575,15.481567413420208,2.1652007979876835,0.01598504932852365,0,0,0.20961362944934592,0.13672182321428944,1.0588565678313169,9.923325301195716e-05,0.2184060469433762,2.165200797987683,1.9450769120102371,0.8398572864213861,48369.0,3.395825045049262,0
B0261,structural_decline,-0.014327004529597608,0.15129236147630765,0.8411190593414232,0.40171959188352635,0.1333333333333333,0.6843975696434712,0.159,-0.04863005846612404,-0.05027300568284176,0.6666666666666667,4,-0.013540651802472778,0.07531895071731294,0.7235822745584134,0.6782620658030494,-0.046331190423409704,1.6510493644694058,0.01690899264669757,2,1,-0.07373609996560816,0.8434067314293723,0.6658947609767282,-0.0007863527271248225,0.3494473711393451,1.6510493644694058,1.786188161549433,0.9655706776529315,66395.0,4.566892124269173,1
B0262,temporary_stress,-0.006239087504077096,0.22392123986566104,1.5493018960178193,0.5126123150858093,0.3076923076923077,0.991606974069308,0.123,0.1402216123264739,0.17152000156179584,0.0,8,-0.007730215448155114,0.043376552712385726,0.6303971760525516,0.5003701130837822,0.2324623727633904,1.218625997992064,-0.051670064114974226,8,4,-0.3293664802815137,4.188746471398562,0.974297069843186,0.0014911279440780428,0.2256820253874746,1.218625997992064,1.4448322499018367,0.8598201582949342,62997.0,4.304494881051349,0
B0263,temporary_stress,0.00020084838533118203,0.1579866922393311,1.0402946806455577,0.41474999999999995,0.2142857142857143,0.9811333333333334,0.203,0.19811666666666666,0.18682809523809518,0.0,6,0.0018533798576902054,0.014209008722333247,0.6100274319476683,0.6000949999999999,-0.151043657772002,1.57019605595047,-0.04301285714285711,6,4,-0.24015,1.4446234702668066,0.9872916666666666,-0.0016525314723590434,0.18930576070901034,1.57019605595047,1.47490427822167,0.8341178889863767,65775.0,3.28875,0
B0264,stable,0.0027738990751691615,0.02951779475910585,1.0233699921445405,0.012115949220526834,0.0,1.0800424540655282,0.101,0.22914168355180636,0.2345717081854036,0.0,0,0.0017889362980650335,0.010402585205743295,0.6120770165675175,1.0,0.39538885065380697,2.12087896043218,-0.004151676797750577,0,0,0.1727384250644392,0.13416197952743972,1.0774097506512839,0.000984962777104129,0.17524467472654,2.1208789604321803,1.6156346683619411,0.7077779898311598,46644.0,3.8575859074556504,0
B0265,temporary_stress,-0.0012070821090148258,0.25812719464180783,1.398156538849908,0.5845643261534457,0.28,1.0008459686340858,0.158,0.14057023863752566,0.13693669046977155,0.0,7,0.0009816525636139098,0.004913113140001463,0.6549971296827837,0.43079697682417795,-0.015960574580684846,0.8855718157181572,-0.11564563874616024,7,5,-0.45870092684695396,9.296832078472463,1.0040253232808707,-0.0021887346726287287,0.2049962037740042,0.8855718157181571,1.2687576693676,0.838855226639071,88793.0,4.952709423718729,0
B0266,stable,0.0007592796367769222,0.021981649982514936,1.0475153287284986,0.03139251715740532,0.0,1.0487786879197107,0.185,0.345332447789831,0.36357970418630137,0.0,0,0.0003175015168022442,0.01598000017394705,0.5209923664122138,0.9852291343812265,3.6314199395769053,3.233022106849774,0.011636041620544633,0,0,0.3021769611098812,0.07190607357414272,1.0363220426536786,0.0004417781199746674,0.14577873988834456,3.233022106849773,1.930348138821786,0.8258767350416136,52496.0,4.648749169802967,0
B0267,temporary_stress,0.0006279258121913853,0.2275770575324547,1.0740274372059115,0.5328436262507179,0.27586206896551724,0.9825378112310188,0.163,0.2064427717823927,0.2102015111537192,0.0,8,0.0005201741716815964,0.003998500022046752,0.6768069439302317,0.47114657960762973,0.03563240977271111,1.8772012786804624,-0.05086389684195074,8,3,-0.30095825398264864,2.044917283249033,0.9797769112179197,0.00010775164050978388,0.11248920153029741,1.8772012786804622,1.3146204911328518,0.8588780467697777,69788.0,4.2192194915510415,0
B0268,structural_decline,-0.007538869509490052,0.09725039752863358,0.8887364695846638,0.2814030178874787,0.2222222222222222,0.742979914060158,0.189,-0.11837713600479664,-0.1557395537409529,1.0,8,-0.008022453780423199,0.04161305941854055,0.9087383426073647,0.7888378135305287,-0.9970741519612354,1.3791176782120538,5.4818769718285294e-05,8,0,-0.12635155391226144,1.4222572396377033,0.7704306985110423,0.0004835842709331365,0.24491225339507375,1.3791176782120538,1.385336102122958,0.9815480280447832,71887.0,4.310202857999401,1
B0269,temporary_stress,-0.01352986022629822,0.23672356846276899,1.4784472966833258,0.51026994889798,0.2857142857142857,0.8493410528997919,0.087,-0.06832948770578826,0.08186798408901089,0.6666666666666667,10,-0.01373260768996244,0.17411425282351817,0.9205416306539902,0.5006016165791374,25.201140065146785,1.5725951424746607,0.07807870964871652,10,5,-0.31796497883725205,2.90947867443646,0.7370156986537943,0.00020274746366420369,0.1721694036300778,1.5725951424746603,1.294312813171081,0.8968077440674802,31078.0,2.639582124201973,0
B0270,temporary_stress,0.0005519104328211824,0.1421545349797283,1.048995125568411,0.3894362286348958,0.33333333333333337,0.9824554186634854,0.223,0.05314794627614718,0.042048229234308766,0.16666666666666663,9,0.0015208332532835299,0.013201540931322385,0.7333361054513702,0.6677636315020876,-0.14287659419960957,0.8733320315042635,-0.04439357922975436,8,2,-0.3051687611838993,4.5272638188213365,0.9892840247639811,-0.0009689228204623376,0.2129402469957171,0.8733320315042638,1.2502331306650751,0.8294880048908765,70801.0,4.368724161336103,0
B0271,temporary_stress,-0.0027383266025933915,0.21111795900148725,1.2592864168827687,0.5080585102645889,0.25,0.9895316649570729,0.094,0.16958702769542064,0.16896555185087803,0.0,7,-0.004349052667650543,0.005893113550485647,0.6758979165779047,0.50073489117147,-0.004022576319809832,1.4248046875,-0.07755922187048968,7,4,-0.3304621524020965,3.0677478520453687,0.9894052018491717,0.0016107260650571533,0.1526990754548166,1.4248046875,1.326774172905868,0.8577190052151505,61244.0,5.163404386864698,0
B0272,stable,0.0028587543264843637,0.03373261688290545,1.056836966628784,0.013937607532976681,0.0,1.1187430812115715,0.234,0.41370020139509456,0.4508453068464806,0.0,0,0.0030258177950989833,0.02926417649125512,0.4418388669607616,1.0026914920575642,3.5471615720524774,2.8677445763405647,0.013336661338048545,0,0,0.3234325193059205,0.09833756104648601,1.091441375355109,-0.00016706346861462398,0.17912089254946048,2.867744576340565,2.160891034421811,0.8595461694662673,50345.0,4.028835509556264,0
B0273,temporary_stress,-0.0027276355324825983,0.15949589856540713,1.2083551141313817,0.3957842034611617,0.4242424242424242,1.010194826397707,0.188,0.05870188295903929,0.06635188995599693,0.16666666666666663,14,-0.0030069179386998882,0.015635358014613892,0.7233497963156567,0.621195080361354,0.10737981608660273,0.7326067811536768,-0.03179624859412975,13,1,-0.3637243164145171,2.6213418651259355,1.0063853716939375,0.00027928240621728567,0.218320775803021,0.7326067811536768,1.218461740472048,0.8861557433960576,52816.0,3.83238399303414,0
B0274,structural_decline,-0.008128679642083499,0.07878490681332628,0.8755129250643987,0.22941765841499473,0.33333333333333337,0.8029862417829476,0.18,-0.12957894479607046,-0.16494464944649442,1.0,9,-0.008035047965645947,0.03913638480546441,0.8698178484830563,0.8400527846338066,-0.8154158215010159,0.9837655275058674,0.00400283473033401,9,0,-0.15256225409936217,3.8228990718001725,0.8264216416998607,-9.363167643756052e-05,0.2869773493405879,0.9837655275058674,1.3249370372331173,0.9726739373036875,69989.0,5.1310329659587985,1
B0275,structural_decline,-0.004230851765900271,0.07250534641091148,0.8567760342368045,0.2794745424231876,0.15625,0.8980414429929828,0.224,-0.0600300470859823,-0.04380147984515805,0.8333333333333334,5,-0.00418549825675429,0.10574313211584843,0.8315985090178638,0.9009893552701489,4.097541633624168,1.251231443994602,0.006134002674923537,5,1,-0.12967882596507943,1.334127915358687,0.85279676077756,-4.5353509145982296e-05,0.2387934645999162,1.2512314439946017,1.3547148336250514,0.7025492841435272,53518.0,2.941573074879537,1
B0276,temporary_stress,-0.002648670922358387,0.1528748364477725,1.1185527085342144,0.4418449104716784,0.2666666666666667,0.9782484498014351,0.22,0.02161220650735038,0.012291307939604462,0.0,8,-0.002776228524273586,0.009237114432950142,0.7566100928451309,0.6861980073852156,-0.09904056043453983,0.8222690148034713,-0.05171641568213713,8,1,-0.4019229429387584,3.7354572045431453,0.9860377621403191,0.000127557601915214,0.221471673049475,0.8222690148034711,1.2429618624574847,0.8340265939495936,40017.0,3.345669894795513,0
B0277,temporary_stress,-0.009472532013277137,0.191746643959842,1.4882503569081558,0.46084251033692225,0.23333333333333328,0.9585840804574173,0.183,0.10585281314392543,0.18475847374197552,0.0,7,-0.008594567008652559,0.07690814144399817,0.758736200989722,0.5511032873459696,1.014558142332912,1.76931256181998,0.0005661182883109297,7,1,-0.24063536250869938,1.9096729752689257,0.8962077482567106,-0.0008779650046245831,0.12315188427864483,1.7693125618199799,1.285950076332217,0.8510933041253068,35282.0,2.888770622671634,0
B0278,stable,0.00079976019671968,0.020836208344765576,1.0032534753031648,0.022560488972806603,0.0,1.0335584840285754,0.163,0.19809043661067097,0.2123458403663958,0.0,0,-0.00025658066847017864,0.015019919352504836,0.6065600273889227,0.9938956261070991,1.0597866534358629,1.9996722386102919,0.013853302596416636,0,0,0.16339322212056917,0.12525135049104608,1.0234169700036984,0.001056340865189877,0.19988207547169812,1.999672238610292,1.6654902567927994,0.7108170432969869,70496.0,4.116715005936971,0
B0279,structural_decline,-0.012361544806282924,0.14517151816123272,0.8747409231669552,0.36950661694953457,0.47058823529411764,0.6523964722125689,0.254,-0.22503263860842124,-0.2554575912774075,1.0,16,-0.012392128601817917,0.039054815787047295,1.0117215810893683,0.6853431515276748,-0.9051542441080705,0.9342071113418116,0.001594025356810704,16,0,-0.2558679052118457,6.573514679556554,0.6738862955414252,3.058379553499604e-05,0.32221107208563304,0.9342071113418117,1.3009970683141823,0.9876259339165963,77274.0,4.354732363410946,1
B0280,stable,-0.0008323870193993554,0.02321196516057737,0.9637882749188212,0.06454517605339616,0.0,0.9593494425517299,0.188,0.18667322670181857,0.18735115594096502,0.0,0,-0.0005310227281503298,0.007450827943419588,0.6543485186365084,0.9518412966590237,0.02722740636584481,2.433540847531673,0.012788355318734216,0,0,0.1702143460542317,0.12178538989874078,0.9616052282242419,-0.0003013642912490164,0.15152480523617828,2.433540847531673,1.5653581587006773,0.7203897444577152,73259.0,4.0804099403098695,0
B0281,temporary_stress,-0.00811840518987614,0.18982818090168277,1.5729909147003127,0.443085391025151,0.21212121212121215,1.0268073286955635,0.209,0.2624034859720205,0.36734522262387115,0.0,7,-0.00906085672692605,0.10235623493062596,0.5715213245140608,0.5789771424203043,2.4922709824670615,2.67793801578317,0.03141743204429546,7,3,-0.11354891318196875,0.7612829552458179,0.9419386897026222,0.0009424515370499003,0.1499005802864911,2.67793801578317,1.711887544595738,0.8899132512475895,45043.0,3.443391178044492,0
B0282,stable,0.001622264953559222,0.026532238602041108,1.0047517056495654,0.03294590579393519,0.0,1.0398496897666696,0.267,0.21575053162049582,0.22860430373320345,0.0,0,0.0018753463392107133,0.014961398759939149,0.6589163702072393,0.972821812461767,2.430594900849829,2.429093567251462,0.00907104780214977,0,0,0.14888286871158496,0.15554186965495623,1.031722450406362,-0.00025308138565150894,0.1319667965441301,2.4290935672514617,1.4847194353128692,0.7374206833153386,37907.0,3.3126802411954905,0
B0283,stable,-8.291697671945596e-05,0.010464498815647674,1.008038052482497,0.022536409057085205,0.0,1.011820984373339,0.249,0.29393005208886996,0.30873847742562527,0.0,0,-0.00022657431863342694,0.01347762751375041,0.5714846193813821,0.988166259168704,1.4073432629026634,3.214894217207334,0.012665340400006095,0,0,0.2772828744551929,0.05353513714465538,1.0025194004464761,0.00014365734191396784,0.13532399503748396,3.214894217207334,1.770828354608458,0.6398133255399178,48497.0,3.093249707664505,0
B0284,structural_decline,-0.011628764719442991,0.1310553159577529,0.9007147930424796,0.32075336408613975,0.4516129032258065,0.6947345777862759,0.227,-0.10737589330528932,-0.1299727185503615,1.0,14,-0.011526934277248659,0.0296134779101091,0.9626025535627402,0.728722005784077,-0.7738178756840209,1.2861457740036937,0.003302455330467439,10,1,-0.13396591696742272,2.884717400962879,0.7122899686895002,-0.00010183044219431624,0.18814489203563578,1.2861457740036937,1.2521537868072519,0.9434279603842914,67850.0,4.865078037237984,1
B0285,stable,-0.0009863869376280482,0.02050710825201203,0.9647324474479354,0.05831078563211878,0.0,0.9462905656097601,0.251,0.23850877335104745,0.2160945452693803,0.0,0,-0.0009187218855419909,0.02184060150774669,0.5103473824237628,0.9540739780625718,-8.585106382978815,2.0992550110235313,-0.01251252757223177,0,0,0.2080653262260819,0.09620725065967263,0.9621846697234329,-6.766505208604928e-05,0.24177008436189737,2.0992550110235313,1.9930065163453936,0.7637348193042032,50368.0,4.89635618347078,0
B0286,temporary_stress,-0.004664297916414031,0.1895861936482927,1.360946619972408,0.4765603987026342,0.2777777777777778,1.0263428526224192,0.24,0.08431294992484772,0.10621175991953626,0.0,10,-0.004471812778117658,0.025775743807522192,0.6960590134277381,0.5298947868048414,0.16608384416011907,0.9754237288135593,-0.05497756732627384,10,1,-0.37978008068981883,8.30627941576969,1.0144925243256073,-0.00019248513829637408,0.22083248857628546,0.9754237288135594,1.3174527777884184,0.8549364413782844,51519.0,4.890657384700578,0
B0287,stable,0.0008735400896324744,0.02194609721571857,1.0302232968283316,0.028499283616813087,0.0,1.0408125629495126,0.115,0.13916275374859916,0.15698823186091407,0.0,0,0.0013163336457847968,0.015126076302124068,0.7136467177469455,0.9872129147574936,2.9748376623376127,1.869549945115258,0.011908781216371973,0,0,0.08891663002000198,0.2162855474559544,1.027548834636063,-0.0004427935561523388,0.1509215158417892,1.869549945115258,1.3992161752917074,0.6900595262381493,36940.0,3.1441419715432737,0
B0288,stable,0.0021068077349474853,0.022731238682194527,1.0055045871559634,0.01842896111701886,0.0,1.0565999352720883,0.121,0.22371815617920385,0.2380037383671394,0.0,0,0.002611026474900169,0.013539331858443191,0.5740858281321626,0.9907420592722732,1.5793901156677208,1.9123756218905472,0.011665290648137764,0,0,0.1415506958250497,0.1414820243495285,1.0489250543252115,-0.0005042187399526788,0.21263091082196128,1.912375621890547,1.7014827608681484,0.8050863946505723,67156.0,3.7258865412178093,0
B0289,temporary_stress,-0.008097660122390554,0.20168337914358198,1.5458518926313332,0.44713511987009447,0.2222222222222222,1.001926393609618,0.26,0.29218650717606837,0.37745730451859605,0.0,8,-0.008190714563950797,0.08376532950006692,0.5428380259650561,0.5576758212387417,1.251535299193015,2.693436379928315,0.008568921522153487,8,2,-0.12673854501810408,0.8190926116521366,0.934583303916328,9.305444156022871e-05,0.14452370417534507,2.693436379928315,1.6949598289116237,0.9020002416178198,56718.0,3.4322887774964954,0
B0290,structural_decline,-0.005261466363010827,0.05047963899114813,0.9134081735620585,0.14733439376058288,0.0,0.8679562830314537,0.205,0.15423059161578326,0.12283178056486072,0.0,0,-0.005451701222648939,0.03012394358894925,0.6644456719372137,0.8916722253578941,-1.1336382113821137,2.6331210191082803,-0.0018507143223649982,0,0,0.1386833598440146,0.22337244937605627,0.8917645851505978,0.00019023485963811434,0.16260443278326314,2.6331210191082803,1.647616216715605,0.9524179875677319,70486.0,4.34004823233619,0
B0291,temporary_stress,-0.009532319136655512,0.23190015199274433,1.6435925867258039,0.5196970821887297,0.25806451612903225,0.9943425644071572,0.208,0.1953671393570421,0.2821187276603418,0.0,8,-0.00904938221339803,0.08591900153302667,0.6374485993317913,0.49152869552305295,0.8771749202100277,1.935093237936635,-0.006073629392361301,8,1,-0.24830351176776302,1.540077654467953,0.9244338852179078,-0.0004829369232574747,0.15121434078643023,1.9350932379366355,1.455820463273717,0.8729813148613229,36225.0,3.227411092137501,0
B0292,temporary_stress,-0.012258856031012823,0.245555414162267,1.7441306741084002,0.5159683336551457,0.28,0.9741391517023879,0.194,0.1878097444809165,0.3149782546731764,0.16666666666666663,7,-0.012289452968348512,0.12933407224678176,0.5650284774822383,0.4897007144236339,5.419221365431646,1.8300438771439969,0.05185115714561554,7,4,-0.21437858016348071,1.3248072016376893,0.8769260474995173,3.059693733568529e-05,0.22080324114849392,1.8300438771439969,1.7170821063950834,0.8697807006897224,48802.0,3.769221857501448,0
B0293,stable,0.002807912872991796,0.029053321512982008,1.0291375756366778,0.03424125573980463,0.0,1.0469948631303565,0.2,0.30130397460179037,0.2937452431886354,0.0,0,0.003163208940108202,0.009180499261736016,0.5108029876204999,0.9757163684920493,-0.4513249651324939,2.2070448606271778,-0.012153300229494903,0,0,0.21326865691978578,0.12782598857896024,1.0544344674415118,-0.0003552960671164,0.20344765203008297,2.2070448606271778,1.8808421876018513,0.9118692595943714,61493.0,5.0272921747898245,0
B0294,stable,0.0017367692721753202,0.02588206194296161,1.0014327432013141,0.05343724685047069,0.0,1.0182779779695896,0.087,0.2722049964151699,0.269041300701403,0.0,0,0.0009816561858566521,0.004613014136917116,0.6274729580724824,0.9637252437218917,-0.23186710341600075,3.2892286744682417,-0.008404065556499874,0,0,0.21587195173049525,0.0900650606829781,1.0217883181094445,0.0007551130863186473,0.10612646600508488,3.2892286744682413,1.5568108195659218,0.65452057199278,64792.0,3.619765915249029,0
B0295,structural_decline,-0.010085026124927256,0.09888732465334658,0.9383701904771705,0.24354976409795548,0.0,0.8194473152100652,0.238,0.07602785890811055,0.08386019193118717,0.0,0,-0.009556273727021874,0.03968343795979727,0.7320700092117384,0.7849472028757583,0.0741864876696333,2.3013205802462,0.056704304008729944,0,1,0.032154572006290724,0.48264883733845015,0.8194832621882724,-0.0005287523979053945,0.1751546256086327,2.3013205802462,1.5528236596684009,0.8964149990031056,67863.0,3.6592046731071672,0
B0296,temporary_stress,-0.007453989939166485,0.18377915394617114,1.4171555934314466,0.38680900061338475,0.31999999999999995,0.9816522646808785,0.261,0.15649918753430112,0.22001079188118475,0.0,8,-0.0074943193623448045,0.06765362907758779,0.6083240817836987,0.6289323877882639,1.5850828729281734,1.4210617820552622,0.01172164325607346,8,1,-0.17960334456078425,1.8883254578223652,0.930536873029367,4.032942317832235e-05,0.22349431029697475,1.4210617820552622,1.5157569748050663,0.8732274147571748,79429.0,5.128477191774188,0
B0297,stable,0.0029004483630685933,0.03287296036450704,0.9860006263701848,0.0303919199326661,0.0,1.0378086484054034,0.247,0.3155859632163602,0.30032297888196685,0.0,0,0.0022557796082345594,0.013196041031716003,0.5379093479020424,0.9847932066100552,-1.5133144475920919,2.7744421949470666,-0.0025885930001798467,0,0,0.2652855440462004,0.0982010513990107,1.049442078683989,0.0006446687548340419,0.16137280437061272,2.7744421949470666,1.8433020948180818,0.8430587797738139,75447.0,3.772381436511971,0
B0298,structural_decline,-0.005180239921619238,0.0489946891644624,0.9013310298794613,0.1533861447654551,0.07999999999999996,0.862819716267992,0.284,0.02848969659314487,-0.008087767570526155,0.33333333333333337,2,-0.004340932444380722,0.03604082634336576,0.7375123424522274,0.8966449207828519,-9.44100801832726,1.451549508692366,-0.016351573248124883,2,0,-0.0129180905042974,0.4921072372881354,0.891425908667288,-0.0008393074772385293,0.2305279665446942,1.4515495086923658,1.44455144379679,0.8744391477967675,58780.0,4.565082323703013,1
B0299,stable,-0.0003326317757358995,0.014518175476928043,0.9776592465523943,0.03580504201680679,0.0,0.9752470588235294,0.093,0.13583865546218485,0.13163447779111642,0.0,0,-0.00048356698853067696,0.00996647472028343,0.6926525017135023,0.9754164705882353,-0.365531062124251,1.8345835362883585,0.003648691476590605,0,0,0.11842689075630251,0.10667579037147867,0.9808403361344538,0.0001509352127947783,0.16885538039753256,1.8345835362883587,1.4405455353592065,0.32626638541877917,42210.0,3.405176470588235,0
B0300,structural_decline,-0.007037832076025669,0.08310908476716845,0.8283520045092652,0.2529748973327539,0.11111111111111116,0.7795702692474806,0.149,-0.03275540667442219,-0.08674025737392103,0.5,3,-0.007591284631664745,0.08451917506670245,0.8672597985846489,0.8092729897542995,-2.449095269239163,1.7255533640149026,-0.015971038926454056,3,1,-0.11075448161800777,0.8305598645456947,0.8239169131147772,0.0005534525556390608,0.1724959172563963,1.7255533640149023,1.3448204885653974,0.8584373485646057,48699.0,4.095392938736037,1
B0301,structural_decline,-0.005953591959531353,0.06655928990531654,0.8952701369430521,0.20150852993196633,0.0,0.8179750886682451,0.141,0.22639178730850937,0.18789299116459213,0.0,0,-0.005649988948771307,0.0400999707712258,0.5502363870797103,0.8609288875995471,-0.7412280701754385,3.078832731648616,0.00672020406062461,0,0,0.1955848360924209,0.18838831605723605,0.8491657230556154,-0.0003036030107600537,0.1831586603630112,3.078832731648616,1.9966188712171677,0.9600029210556273,50138.0,2.8151863670818558,0
B0302,structural_decline,-0.011987783243525176,0.14997009156815871,0.8849216513904512,0.3643721290235735,0.3055555555555556,0.6477764129831233,0.174,-0.10481903383755953,-0.1314660218212238,1.0,11,-0.011274227424048218,0.03443138110732712,0.9637921921014876,0.6815634937995323,-1.1166445062250738,1.7045513823682836,-0.0013917700478586735,11,0,-0.1259443724655483,1.3710135963933963,0.6684895088421868,-0.0007135558194769478,0.19300762667069396,1.7045513823682836,1.3343287781607505,0.983521650002009,57807.0,2.918022580807996,1
B0303,structural_decline,-0.005872673057970883,0.0743641699169258,0.909554446194506,0.21515180909884568,0.2571428571428571,0.8048549810844893,0.136,-0.0915825977301387,-0.11955261006332872,1.0,9,-0.006772229698941367,0.030058611289844727,0.940638666314461,0.8423076923076922,-0.6960480033105707,1.3763506023205974,0.006107007746352054,9,0,-0.10832767484722088,1.4927255660122454,0.8262440585895818,0.00089955664097048,0.17020339878489038,1.3763506023205971,1.254208276231088,0.9710563708530161,42542.0,3.095014065379765,1
B0304,temporary_stress,-0.01078456363759468,0.20902636668445784,1.5141517106761373,0.47577223227797394,0.2777777777777778,0.9222871724874633,0.269,-0.0186492982404083,0.10569631252993768,0.5,10,-0.010577370216550057,0.12819230627763972,0.7985174840199817,0.5335746713747367,3.9709226770630406,1.2262456701305622,0.04651578800120392,10,1,-0.3201388682828403,4.400689204226195,0.8286252633453014,-0.00020719342104462906,0.22398882741580275,1.2262456701305622,1.345792461407259,0.8948230718328438,28911.0,2.573603157176345,0
B0305,temporary_stress,-0.010179228452211945,0.16733715429650667,1.150301856703497,0.4095145500871664,0.1785714285714286,0.9443308300925305,0.13,0.12329857851682983,0.25640170309776045,0.16666666666666663,5,-0.010770852504550994,0.13470866100096096,0.6860028717136208,0.604797505699343,0.6982904178978468,2.432365992637789,0.16185798578516827,5,3,-0.11376894193375353,0.7577433920417518,0.8463943274775378,0.0005916240523390581,0.16832202802396395,2.432365992637789,1.6132636196046024,0.8278090092566288,85181.0,4.283609360332574,0
B0306,structural_decline,-0.0033650035919448222,0.05879581999056472,0.9510541562726322,0.2320314876787345,0.05714285714285716,0.9123250684514754,0.081,0.08680978095527836,0.11591795601721049,0.16666666666666663,2,-0.003740208435062491,0.06669537024224184,0.6486409307244844,0.920364313964101,0.5051476411358734,1.686347624977762,0.04336563953235677,2,1,0.01654243991481594,0.38000106616476537,0.8989009735320961,0.00037520484311766316,0.25478582760444207,1.686347624977762,1.659090466614935,0.6367476900667604,53205.0,3.0349672954061453,0
B0307,temporary_stress,0.00025227399245623255,0.17925729707531396,1.0194574187459162,0.45534989539151016,0.19999999999999996,0.9554013421898044,0.199,0.07233419840171947,0.061899807768630015,0.0,5,0.00028372249684943256,0.009907958103126033,0.7771275964391692,0.565503206850427,-0.10902686762778376,1.1982265060240964,-0.053069577303305665,5,3,-0.31140175376419077,5.591459798051036,0.9631983902868445,-3.144850439320534e-05,0.14777448071216617,1.1982265060240964,1.2322777856667737,0.7979843723885451,43667.0,2.9953697881535173,0
B0308,temporary_stress,-0.010879584874297986,0.20298271658641107,1.1634511953919289,0.4738334033991952,0.19354838709677424,0.9843973334934839,0.154,0.11234160110503873,0.3353768542429884,0.33333333333333337,6,-0.010643185239286227,0.24210965110380286,0.6414053296350974,0.5387063840009608,1.0533901272027073,2.2477377204652327,0.21738308295512065,6,4,-0.15480151342261725,0.8454349909650257,0.8054651372289953,-0.00023639963501175638,0.21912047599874737,2.247737720465233,1.7764966054494822,0.8625733589638884,57272.0,4.127463815987028,0
B0309,stable,-9.134412549493741e-05,0.01786637100477092,1.0322113533081723,0.04402742692168893,0.0,1.0145555154577168,0.188,0.24959400938289425,0.26192581327009323,0.0,0,-0.0006346118567123657,0.01291959639230895,0.6065874697788258,0.9734752796824251,2.8108108108108127,2.678016799836099,0.003972263752126591,0,0,0.21643810898592566,0.06600926056135838,1.007548418140262,0.00054326773121743,0.1456884458108229,2.6780167998360986,1.6524184813803637,0.6286747457832926,47534.0,4.288523998556478,0
B0310,structural_decline,-0.009187723672779246,0.08707249974460689,0.9128174776768484,0.22672547651731667,0.27586206896551724,0.7865742511870738,0.106,-0.07144946778585412,-0.08965823203958088,1.0,8,-0.008583048498061846,0.02022680350341213,0.9405745214670311,0.7978756441703985,-0.9928481278922993,1.3987742074448295,6.558241362572935e-05,8,0,-0.08195872808695456,1.6736340046435958,0.798276211265387,-0.0006046751747173897,0.14893017224367827,1.3987742074448297,1.220429725951732,0.9633539955633118,73208.0,4.9423678466143075,1
B0311,stable,-6.556109864686743e-05,0.026835455267440904,0.9892358702984125,0.04894369283814981,0.0,0.9963474856090933,0.112,0.11976351186823676,0.09536555059741213,0.0,0,-0.00024120918565830838,0.021117353556223503,0.6696246782682186,0.9826140314992841,-3.847288046340159,1.539056925701877,-0.015369780556935471,0,0,0.05694026434464152,0.27372774045433657,1.014171755836718,0.00017564808701144794,0.21228535208021204,1.5390569257018771,1.4865601745718455,0.8004153854838161,59184.0,3.4587265873827544,0
B0312,temporary_stress,-0.021725295214418905,0.29970974724507027,1.5611141093929655,0.5666873834679925,0.43999999999999995,0.781727781230578,0.105,-0.13017402113113735,-0.006306490277901118,0.8333333333333334,11,-0.0231225797198451,0.1536151076437333,0.9886817976852548,0.43998756991920446,18.924579489962227,0.8437297297297297,0.05866110272573917,11,3,-0.38224570126372487,11.475796497096905,0.6891443961052414,0.0013972845054262117,0.2002104313843379,0.8437297297297296,1.17350402015636,0.8958130394772168,75033.0,4.663331261653201,0
B0313,stable,-0.0002604145768671099,0.021838326924617527,1.0008825884408212,0.04031423679463808,0.0,1.0003387750991146,0.126,0.13011710631128853,0.12296280406373136,0.0,0,-0.00039820126436678567,0.007920030052663082,0.6631576076581122,0.9788586025984967,-3.577151123778594,1.5850917899775268,-0.0039444408837453196,0,0,0.07412765411977988,0.24510295505759125,1.007178369667726,0.0001377866874996551,0.20765265770311178,1.5850917899775265,1.4918158973081888,0.5369664584453971,93219.0,5.121125832059112,0
B0314,structural_decline,-0.014921396537967766,0.12571258590432097,0.8642616269196245,0.3231919792961506,0.040000000000000036,0.6973284698306604,0.165,0.035895502618547875,-0.0010290791270148717,0.16666666666666663,1,-0.015020902924841957,0.04384774337287475,0.6981669660902763,0.7278055142338965,-0.7489017996315723,2.107801134467801,0.006190194782699803,1,0,0.008905100564465184,0.5614977252305704,0.725938907342123,9.950638687418726e-05,0.2523860318886144,2.107801134467801,1.773427820031245,0.9833961632642062,42133.0,2.5757341104069447,1
B0315,stable,0.00396637750297348,0.04599853061002731,1.0316856669675167,0.03573187097521646,0.0,1.130347470963631,0.187,0.19679079332284194,0.1875653585531261,0.0,0,0.0035679944597947644,0.010629761930043665,0.6841349788087008,1.015273661140987,-0.21070537536856418,1.8122595104922845,-0.026504505274888707,0,0,0.05850719754385626,0.3890082676269307,1.1367098873301988,0.0003983830431787152,0.14274187383745127,1.8122595104922847,1.3798510037706357,0.922161672093718,88638.0,5.13461482761617,0
B0316,temporary_stress,-0.00028977301485290895,0.19328907463672423,0.9887930168439618,0.4841134937238494,0.21875,0.9682923640167364,0.263,0.13454497907949792,0.13853855349671254,0.0,7,-0.00045470026856157396,0.00866396082119365,0.6910693925471028,0.5248823221757323,0.4203696421549406,1.407074011186576,-0.002753287507471578,7,4,-0.31518043933054396,2.653344934227611,0.965208769177127,0.00016492725370864937,0.16953591546910807,1.407074011186576,1.3513671083398284,0.8653381718480654,54951.0,3.5925078451882846,0
B0317,structural_decline,-0.009776382525189888,0.10103992733324121,1.0162057900998667,0.2767051997188533,0.12,0.8263619913562338,0.105,0.05690230151490226,0.03181444316499422,0.0,3,-0.009815862702850698,0.02617198247279078,0.6875986731236584,0.7780107374119546,-4.759727626459138,1.6380530204259016,-0.015179359216207397,3,1,-0.06233082594326219,0.7345697325768413,0.8430363845728215,3.948017766078422e-05,0.24490447554680433,1.6380530204259016,1.5805924903572441,0.7746963259278182,43156.0,3.8722876071124137,0
B0318,temporary_stress,0.0009595399998420052,0.14426815919779729,1.0182732157225793,0.3952137322182341,0.1875,1.0349711718194663,0.221,0.1310475555282534,0.13291602781646752,0.0,6,0.0016589743736896126,0.005377256065955762,0.6762794096404993,0.6647857412396557,0.079401611047182,1.2451275576275576,-0.01083172340993679,6,2,-0.2829988328316557,2.690532932704376,1.0328211248694616,-0.0006994343738476046,0.1968374812007715,1.2451275576275576,1.3613892902028495,0.7840100571645457,87706.0,4.618090231766286,0
B0319,stable,-0.0006378814786399403,0.023694928948180715,0.9665436953256162,0.057884143239477104,0.03125,0.9549888301519541,0.175,0.03548915087036341,0.014911352167772177,0.0,1,-0.0005880540192415467,0.02054877393980735,0.7583850434822357,0.9453473712149698,-3.5012903225806706,1.2742765138842422,-0.01322750152459727,1,0,-0.001703125345601734,0.6020619459841378,0.9677622702439671,-4.982745939840106e-05,0.20494360451163907,1.2742765138842422,1.3477484314771648,0.8492489869756265,38295.0,2.541085134148769,1
B0320,temporary_stress,-0.0006272413395691696,0.2110577844463737,1.024914944337723,0.5014545333879015,0.19999999999999996,0.9824460495315628,0.127,0.29425818797217024,0.29728829468008944,0.0,6,-0.00017088461888693375,0.006280179800552904,0.4943602018810618,0.5030052982623027,0.041745036572621505,1.9801100110011003,-0.03477796441173175,6,4,-0.2107358943444645,0.9987870837493042,0.9796475936597829,-0.00045635672068224705,0.20526832793252567,1.9801100110010998,1.812131986337528,0.8698427627380003,61696.0,4.094550200758791,0
B0321,structural_decline,-0.004001301855451046,0.03841885825516672,0.9394628480118001,0.12273979164171955,0.0,0.888456472278769,0.09,0.0636849878258093,0.029020191479777177,0.0,0,-0.0035119802429106725,0.03287309255955576,0.6955602075973658,0.9081547120105377,-7.395620437956056,1.5381401328476538,-0.014988795182783872,0,0,0.0200175627669341,0.33328919155536807,0.9152197341635733,-0.0004893216125403895,0.23485542326311656,1.5381401328476538,1.5141216029908362,0.930745212718199,60867.0,3.644294096515387,1
B0322,structural_decline,-0.006790609976150586,0.08470618086926855,0.8312893797641253,0.21315548954644115,0.0,0.8204329944019194,0.163,0.07673083514223696,0.09096921871684818,0.0,0,-0.00707507624590686,0.025942268329297035,0.7332332155477032,0.8075973951787959,0.4063154953192701,2.704009870450339,0.024640531409639184,0,0,0.05315320461556038,0.3663013378859882,0.8082942990974524,0.00028446626975628874,0.17183745583038867,2.7040098704503395,1.6398240551968433,0.9269346285264269,58888.0,5.045812864160859,0
B0323,stable,0.00099621921638442,0.022466966767777225,0.9843336257285971,0.04351462335555212,0.0,0.9986702238874625,0.087,0.31190358705015514,0.304706308252378,0.0,0,0.0011181288493430277,0.008916992968947142,0.5619222120429749,0.9675752076207043,-0.4742112223691621,3.3376917337919347,0.003990045198050633,0,0,0.24658565347205377,0.09671693896945974,1.0041900492602598,-0.00012190963295859461,0.12747563921046057,3.3376917337919343,1.747368123000255,0.7847087296949931,86144.0,4.322725790129549,0
B0324,structural_decline,-0.0047302805519725665,0.05656255443881908,0.9079893636308697,0.17351271687265624,0.0,0.8419547358129896,0.195,0.08769753834031313,0.04372161086640647,0.0,0,-0.0043554544439499175,0.043127308156983374,0.7166960630969417,0.8901548204462214,-1.874200426439245,2.0339506172839505,-0.010256046794255898,0,0,0.056499978112095256,0.279509529796867,0.8769461995301396,-0.0003748261080226536,0.18330060900529135,2.0339506172839505,1.5062450292820475,0.9313962003985787,47725.0,4.17840101559878,1
B0325,temporary_stress,-0.010022092504532207,0.24111609450092006,1.6244173214079822,0.5269919075144509,0.2142857142857143,0.9734843930635839,0.264,0.23713294797687862,0.3103180842279109,0.0,6,-0.010556245906774108,0.07641712528730107,0.5425877104035692,0.49307375722543356,0.7705919668792375,2.025720889280211,-0.010893740710156825,6,1,-0.15842774566473988,1.0771194311404335,0.912092485549133,0.0005341534022419087,0.1974244575136889,2.0257208892802114,1.7601985816774535,0.8761503333231352,49950.0,2.771791907514451,0
B0326,temporary_stress,0.005740912913668133,0.24539560561521537,0.9813417638045735,0.5724670825345233,0.28125,0.9902974979806728,0.105,0.11485348929999901,0.12091272196958427,0.0,9,0.005546885418855521,0.006909722169987059,0.7581477162677628,0.44513171852039274,3.0296163347926246,1.0488133285984849,0.0038303959827554602,9,6,-0.4208764366417859,10.414686637483696,0.9847893574160398,0.00019402749481260673,0.1252248157005356,1.0488133285984849,1.175205774031688,0.8531461430790181,44795.0,2.6155882324318536,0
B0327,temporary_stress,-0.00197371495254776,0.1356593575278588,1.1805104119687098,0.39187955600830837,0.10344827586206895,0.9948800719700478,0.167,0.291584531731647,0.2794826774823335,0.0,3,-0.0024511604120942155,0.010785893589089114,0.5554355272171576,0.6946908859989152,-0.06911379944563886,2.5354283391364287,-0.09360112944591752,3,4,-0.10065222855782079,0.5429454743273815,1.0042467620093403,0.0004774454595464626,0.1542129946777678,2.535428339136429,1.7183339091942456,0.805270397281708,53089.0,4.214137351661,0
B0328,structural_decline,-0.007720960509185613,0.08356125615160076,0.9074364503692086,0.23016501069785167,0.22580645161290325,0.7879871430385806,0.203,-0.050343405922408824,-0.08662984875066118,1.0,7,-0.007457697867709696,0.038743215873806296,0.8067067535616126,0.812860869310355,-1.260530602746095,1.4180255478772317,-0.0037499005581304945,7,0,-0.07862676709946559,0.9470415592249952,0.814003927430464,-0.0002632626414759031,0.25513988406005833,1.4180255478772321,1.4519761222790049,0.9787697577979704,74421.0,4.362437351622264,1
B0329,temporary_stress,0.0009904554424493219,0.14531605255061894,0.9835524313797092,0.4274379164142943,0.16129032258064513,0.9757419745608722,0.154,0.10151423379769836,0.09605780046724932,0.0,5,-0.0003348776889861492,0.0058779718706887365,0.7095431833299816,0.6707752877044216,-1.2164351851851376,1.3326011671904059,-0.00048542009171921385,5,4,-0.29951544518473655,2.2636262051844565,0.9788461538461539,0.001325333131435492,0.1867487585662794,1.3326011671904057,1.3540268170511467,0.8019479446309908,42243.0,3.8379466989703213,0
B0330,structural_decline,-0.010957931900176666,0.13601227096018859,0.8460532407407407,0.4227878148490044,0.5142857142857142,0.6536990636951074,0.149,-0.27687873250315553,-0.3311774188773491,1.0,18,-0.011519876313970131,0.0772851034879331,1.0965266282712487,0.7124696218986077,-1.5362755847953238,0.7470166148651242,-0.009477160242971003,18,0,-0.31804223733539305,2.379862195297462,0.6885608786571465,0.0005619444137934767,0.30558557572607015,0.7470166148651242,1.2106771363146436,0.9787091014620983,67152.0,3.795256306399653,1
B0331,temporary_stress,0.0006237192972511292,0.2174210652140527,0.9954158818622013,0.5147328711256117,0.25,0.9964484774333876,0.19,0.07668909733550842,0.09699904839586741,0.0,9,0.0005410772284752709,0.018387411022687414,0.7424355008726606,0.49360216150081565,2.9833119383825597,0.8616644213497563,0.013558902353763738,9,5,-0.4095806144643828,7.639099705797223,0.9833639206090267,8.264206877585228e-05,0.1795780124073338,0.8616644213497564,1.2082680797618308,0.8737623691827978,70114.0,3.574327079934747,0
B0332,temporary_stress,-0.007255541869284872,0.22124939158302323,1.5442037965414297,0.5163870651898347,0.25,0.9754434429883994,0.127,0.17436117109162594,0.20127984334157997,0.0,8,-0.006030443040621096,0.03284332401748495,0.5913712758875402,0.487678010997561,0.18972073175884027,1.3446624638030888,-0.0574835492423722,8,4,-0.28749267849181304,2.4186351000541273,0.9586323859811696,-0.001225098828663782,0.22674339075480815,1.3446624638030888,1.5124084025403028,0.870104487672946,48927.0,2.5663481628478264,0
B0333,structural_decline,-0.010269560563152574,0.13389750607566692,0.9215416730309047,0.32407061919443847,0.4444444444444444,0.6975314703167651,0.248,-0.08414013864613813,-0.10450108992360718,1.0,16,-0.010877050141793562,0.026029517657955456,0.8048480662983426,0.7173170204827085,-0.7571357035553322,1.2883367110171233,0.003265562622213139,13,1,-0.10467194281337758,1.8784952292059975,0.7109051275505194,0.0006074895786409788,0.3135082872928177,1.2883367110171233,1.5022456439659588,0.9440561719749466,60524.0,3.5657587242984228,1
B0334,structural_decline,-0.004572208552287796,0.054538944412618265,0.8893217697675995,0.16363394431322975,0.0,0.8520452856968608,0.164,0.1197786722553031,0.09058469999889118,0.0,0,-0.005184001281191726,0.028690691618981166,0.6221604256345791,0.8793320248827384,-0.8526537863646406,2.06721536351166,0.002522489984650359,0,0,0.09207943847510063,0.2681148097116434,0.8732577093243737,0.0006117927289039484,0.2406765456554036,2.0672153635116595,1.8102351588542311,0.9541266311700701,59078.0,3.930541232826586,0
B0335,stable,0.0009304867934691743,0.02055895445235024,0.9712399651256269,0.028694119980862798,0.0,1.0006184580557078,0.088,0.0950558362603125,0.09227527551389524,0.0,0,0.000518053192009108,0.007010883997443372,0.6792380241789757,0.9760528373221932,-0.3252222742161993,1.40527330304282,-0.0056651424703982175,0,0,0.0764554185093994,0.19111514946279815,1.0009335215935213,0.0004124336014600545,0.22579479347610665,1.40527330304282,1.4640917892152219,0.3222549855097311,67899.0,4.753888700888012,0
B0336,stable,0.0021587867872173176,0.026170128817303705,1.0455389920187863,0.021705331829405927,0.0,1.083681370606347,0.185,0.09750632564094748,0.11219661964715774,0.0,0,0.002216223406951879,0.012713558012474965,0.7020626323794903,1.0089778373929212,6.205298013245006,1.2411344595522593,0.00616145735799427,0,0,0.01890071030088711,0.5824927697388496,1.0722647318842788,-5.743661973457496e-05,0.2070024308072839,1.2411344595522595,1.3624611435332812,0.7449854963051581,56936.0,5.2070847178611706,0
B0337,structural_decline,-0.009064480121408628,0.09483524528628494,0.8910573729175015,0.2455865717517739,0.09999999999999998,0.7693362432441697,0.127,0.0015996892032405132,-0.023896092024569913,0.5,3,-0.009431246937906227,0.028673281352438063,0.7532418554727162,0.7888227430099295,-0.8087486019634613,1.7663110478899953,0.003014597980147594,3,0,-0.023081229932470266,0.6041606049028928,0.7877555217843392,0.0003667668164975956,0.24472745206115284,1.7663110478899953,1.573022862306997,0.9831749167330901,72140.0,4.945781962361599,1
B0338,stable,0.0012948624394811484,0.017433715302470343,1.0078446295022465,0.031139704239824817,0.0,1.0246764657701528,0.282,0.3962680010126733,0.39222922158185525,0.0,0,0.00037896151017716617,0.008244591477917548,0.47671463630687017,0.9860876558102131,-0.3834222006786223,3.7307918994742675,-0.007286141906166008,0,0,0.3420750867473827,0.05103720506401838,1.0255253242788425,0.0009159009293039553,0.13688047282285118,3.730791899474267,2.0812016616107787,0.6646649161762525,44210.0,3.950319438859849,0
B0339,stable,0.001587858575258558,0.02556504687299525,0.9778516583551018,0.030815010745577687,0.0,1.0173582410315756,0.133,0.13498098859315588,0.1288482157617552,0.0,0,0.0027302680284919533,0.009325462677967038,0.6410808535440209,0.9804132914531328,-3.0663864157003564,1.5697122250785491,-0.003851404010107841,0,0,0.07994709869399902,0.27719718300529606,1.0210943957678957,-0.0011424094532333931,0.22672667810769678,1.569712225078549,1.553981174632376,0.8617753858417792,35530.0,3.524218879153579,0
B0340,temporary_stress,-0.0024340696410271854,0.15377758310754597,1.2508427558115038,0.4276709828304147,0.13793103448275867,1.0179966915749243,0.248,0.2889025155438937,0.29167474758998346,0.0,4,-0.0025842891115049464,0.003713726554497631,0.5999185884929045,0.6502937653299868,0.015242754986827286,2.763640014054108,-0.08954994010609774,4,4,-0.16887228338372026,0.7386350163811727,1.0159574468085106,0.00015021947047776465,0.11571663180944092,2.763640014054108,1.528297903983343,0.7870497615501993,43991.0,3.7639895043066565,0
B0341,temporary_stress,-0.01481806318446254,0.1885699572850787,1.1214350109471816,0.4417576650586359,0.375,0.8555194477524576,0.274,-0.09402942898088529,-0.00788088846341277,0.8333333333333334,9,-0.013941907293532459,0.09335348758908586,0.8794773310194343,0.5657812405385221,0.44238525915527976,0.8946407632448565,0.14044250160755012,9,1,-0.2997194356417658,7.703742325739958,0.7908988151706599,-0.0008761558909300823,0.23941199739686347,0.8946407632448565,1.2429731010997682,0.8212028507098309,83745.0,5.071049391437741,0
B0342,structural_decline,-0.010462400486790733,0.09272935190582936,0.8605075878970685,0.24469347396176666,0.31999999999999995,0.7675895407602725,0.182,-0.10926170072511536,-0.1559289951972879,1.0,8,-0.012546726839409767,0.05063973366452494,0.9099995892267879,0.792102834541859,-0.9238627889634577,1.2494151834362512,0.0019229682644317432,8,0,-0.16334871456822678,2.2948362963476137,0.8023840914084817,0.0020843263526190326,0.22617173058754264,1.2494151834362512,1.318714187230825,0.9778839854846948,65481.0,4.316479894528675,1
B0343,stable,0.003127739534920692,0.031212975777740563,1.05655159804829,0.03338400173720246,0.0,1.0552818953792702,0.084,0.20738996765603393,0.20615955812362557,0.0,0,0.00407694971902142,0.007998580355772123,0.6253596071899807,0.9754963027303792,-0.07007364427582684,1.826315629926034,-0.009394607815124977,0,0,0.1116838291598569,0.2366776924939321,1.056744802678949,-0.0009492101841007323,0.17838679673811944,1.8263156299260335,1.5185014652282616,0.8343076989414674,67207.0,4.6086380104460725,0
B0344,temporary_stress,0.004608483362164634,0.16370941150390012,1.0247150347216853,0.4000092263689625,0.1875,1.008073072842183,0.275,0.30282480663068384,0.29253872329021097,0.0,6,0.0037309975017103306,0.01861351475015161,0.5719115538449928,0.6211560640310005,-2.2297142857143712,2.4708044982698962,-0.007449633910860046,6,1,-0.08605126785686826,0.7163529890118286,1.0188217926834895,0.0008774858604542922,0.13085804844917365,2.4708044982698962,1.5741148330167536,0.8653383130650784,46793.0,4.317294828620197,0
B0345,structural_decline,-0.015563265291538782,0.1525097281499131,0.9765886287625417,0.34139068233545444,0.03703703703703709,0.6932602536114079,0.203,0.05325839565237587,0.019190858841562467,0.0,1,-0.014660623876100676,0.04087728832358017,0.7163995864564486,0.6807487574898974,-0.3718407787241447,2.2633714395372424,0.028775538642230054,1,1,0.00620558316689117,0.6523268735166223,0.718844349482094,-0.0009026414154381098,0.2095115016800207,2.263371439537243,1.6536275254924313,0.9496523924853568,91976.0,5.126629197826189,1
B0346,stable,0.0009239329848766743,0.021781508024324787,0.9933690102724979,0.03428811167473966,0.0,1.009725771387162,0.247,0.17178382089324537,0.15127088861403676,0.0,0,0.0007777710698022186,0.021665142572744055,0.5999306467193422,0.983759868797437,-2.1857872735717887,1.6501219087425985,-0.014948810295696049,0,0,0.11490395006166011,0.1863531613746507,1.0265583482716096,0.00014616191507446129,0.23272979466475122,1.6501219087425985,1.637665445300232,0.6501902487667764,41230.0,3.1450474846485372,0
B0347,temporary_stress,0.0033869790924716823,0.22374619994138079,1.0327485380116959,0.5381636692195164,0.4,1.00266758454522,0.173,0.03848636089837364,0.05682262406726733,0.0,14,0.0032652059188704296,0.018452063482705776,0.727720184685077,0.4819335685397126,1.5508421709295033,0.625483057966956,0.0032564200277821922,10,4,-0.4814129592978229,2.253815102863192,0.9877807417606059,0.00012177317360125054,0.2333173621395592,0.625483057966956,1.1982326017775409,0.87857395729586,48564.0,3.1342397384046126,0
B0348,temporary_stress,0.0028138680947412753,0.19879741678349117,1.018524107207013,0.5412941616120964,0.1515151515151515,1.01290712047604,0.207,0.2810532670250381,0.2758592084892139,0.0,5,0.003067858421510649,0.006769701017213538,0.577221548099444,0.5465662460114411,-0.4006081337894344,2.2250109160771987,-0.009079746539142296,5,5,-0.2910282576824676,1.026321839636388,1.0186851410009488,-0.00025399032676936916,0.14688037926461042,2.2250109160771987,1.5657334955724704,0.8236541944577301,38123.0,3.2876936786730675,0
B0349,stable,-0.0007434125402442655,0.02135862552136777,1.022707951561408,0.05005705031469698,0.0,0.9928779123265487,0.119,0.10874526114321469,0.10738236330271361,0.0,0,0.00021779385988848546,0.006827471963954711,0.7228225731966381,0.9558062497699584,-0.09298321136462125,1.6231970096745825,-0.00801017966905561,0,0,0.07398137583275055,0.20993140449849118,0.9962641245537193,-0.0009612064001327305,0.16802438348573012,1.623197009674582,1.3782342272182317,0.4978339538365292,62017.0,3.423957451507232,0
B0350,temporary_stress,-0.014029462483300057,0.22161910703883014,1.1038795896658393,0.4873624288425047,0.2857142857142857,0.9198228969006957,0.19,-0.054994729074425465,0.15162169814162216,0.6666666666666667,8,-0.015404590707868853,0.23197933520996147,0.7729029828428386,0.5276255534471853,0.9163620974877856,1.356088239025628,0.21604554079696384,8,5,-0.30866540164452877,2.549580287083691,0.7613999578325954,0.0013751282245687882,0.2993254544044837,1.356088239025628,1.5323730929308086,0.868596389038919,98623.0,4.990411132194813,0
B0351,stable,0.002100627858583984,0.02549895986198824,0.9846710129841669,0.014873545922796438,0.0,1.0527229585045432,0.252,0.19706001504716708,0.21192595470968056,0.0,0,0.0015518823641100792,0.01650890093965482,0.6419001624641132,0.9985022281382026,1.0379606539207478,2.1021787206159392,0.014594098534141333,0,0,0.14095723132125704,0.15109123371839522,1.0401759361074137,0.0005487454944739041,0.16865110275298778,2.102178720615939,1.5561542712061514,0.7656602832085141,36755.0,2.5525782742056835,0
B0352,stable,0.0018047190308374565,0.019989454384595824,1.0177891446433647,0.019400311435295192,0.0,1.0508014190209694,0.165,0.31312126072754093,0.32090881569285984,0.0,0,0.002781662372064807,0.011136743747722147,0.542372124190306,1.0030932783833466,3.8937774826594644,2.6921976632136833,0.004558128176865734,0,0,0.22561496762712063,0.09696355466893464,1.0483427193218673,-0.0009769433412273542,0.15894572258208622,2.6921976632136837,1.7732843773245455,0.7883114034239058,68779.0,4.831625902986735,0
B0353,stable,0.003312254619135864,0.03927119211299963,1.033730837993077,0.011829841059190604,0.0,1.1241148355123327,0.262,0.478149526702678,0.4787360569467545,0.0,0,0.0033679773941668644,0.01120259535275728,0.43620691241272086,1.004593005774953,0.026173857868016445,3.5521053094233475,-0.010911239904200004,0,0,0.33061347212574266,0.11407585347441217,1.1270282319519758,-5.572277503101516e-05,0.13953616735508678,3.552105309423348,2.101085860650154,0.9495813660901785,46195.0,2.8736871572093605,0
B0354,temporary_stress,-0.006182924334654566,0.1833831038721127,1.6645134336032907,0.5413139325607306,0.18181818181818177,0.9783931513241217,0.265,0.10046375210688199,0.09065598680979618,0.0,6,-0.005153353562388071,0.010043604877090521,0.6929894001119843,0.6058792720901222,-0.05859862671660512,1.1183888575192924,-0.08858984805962804,6,4,-0.41787207298144036,6.715121143207855,0.9864112062316093,-0.0010295707722664752,0.20516285984592514,1.1183888575192922,1.325338655928563,0.7965348324044501,90238.0,5.155818803386247,0
B0355,structural_decline,-0.007803942060898289,0.08970200398336743,0.8973498321727368,0.2536094112055136,0.09375,0.7662943378290061,0.154,-0.003386608044679461,-0.043200896305286854,0.5,3,-0.0078032070064820635,0.043514148582121895,0.795109423849933,0.82323985502941,-1.0173064411190589,1.7783302189001602,-0.0003386608044678635,3,0,-0.02028994117996554,0.6393952824905916,0.7981700433723486,-7.35054416224839e-07,0.20913354175971416,1.7783302189001602,1.4605718582151144,0.9707737262743853,55314.0,4.929653615352623,1
B0356,temporary_stress,-0.00869223174712289,0.21246801079985575,1.6851218664862593,0.4883612046941954,0.31999999999999995,0.9885698582173864,0.203,0.03342527659314599,0.10775885759651498,0.33333333333333337,8,-0.008922885885704841,0.07911076304471133,0.7557101159926651,0.5237549491597878,1.3267517907194024,0.8629266770670826,0.009153419227822028,8,4,-0.3827010961943633,6.904744772345561,0.9380349927225722,0.00023065413858194866,0.20865659009776372,0.8629266770670827,1.2396628041192803,0.8419805265387741,58193.0,3.5538071634316886,0
B0357,structural_decline,-0.007720481264592816,0.08522034561246435,0.8900071148240802,0.2470577893036493,0.29166666666666663,0.8905200927441952,0.177,-0.06645934749403866,-0.01156257015074864,1.0,7,-0.007523889561213704,0.08039797371041824,0.8606702167438143,0.8075865630803382,0.8444998261272735,1.13312863415213,0.05995092783440417,7,1,-0.1547641286550993,3.154601985150727,0.8522466292320033,-0.0001965917033791215,0.21731113890428977,1.13312863415213,1.2821729879877661,0.735722049948803,49494.0,3.2632330802281246,1
B0358,temporary_stress,0.003236260594300646,0.23395149970561188,1.0420088400783047,0.5470909134603831,0.25,1.0252096801326571,0.232,0.3005575448799596,0.31207235724070215,0.0,8,0.003643969516294297,0.010156443012275406,0.4765280682476103,0.4635072456802288,0.5405144072713203,1.62275466562986,-0.004894310227034786,8,3,-0.2830982192208791,1.4648969518357196,1.0169546514142895,-0.00040770892199366914,0.22792527737407395,1.6227546656298601,1.7605322618852384,0.8818064901740654,39330.0,2.835548292518805,0
B0359,temporary_stress,-0.001002354936491375,0.1757133030407487,0.9763372820248694,0.47638923961319646,0.13888888888888884,0.9924689175740111,0.219,0.2674202700494645,0.2775499897081573,0.0,5,-0.0006801849882017991,0.00992182575899063,0.6073823986012932,0.5917915657818512,0.6879972327914216,2.7178929488772887,0.012426604307295312,5,3,-0.19756093937998545,0.803810706732248,0.9855320033867591,-0.000322169948289561,0.12127149682728683,2.717892948877289,1.5409141316491393,0.8621723930504462,44439.0,3.9606363541836873,0
B0360,stable,0.0017230850155338835,0.024135234965611704,0.9960136240818968,0.039448039292118264,0.0,1.0172292819833162,0.199,0.2483043579948546,0.24227355243960838,0.0,0,0.0010561478551951251,0.012070867671800144,0.6045620838865592,0.9653933109846417,-0.497793712079424,2.5007807872489365,-0.009072937664970172,0,0,0.1926015436189288,0.10512436130825238,1.0202015280268184,0.0006669371603387515,0.15205035868142783,2.5007807872489365,1.6336506680401541,0.7864900762783883,55702.0,3.2569189989865124,0
B0361,stable,0.002387992585619498,0.023529200571432478,1.043596016075485,0.029772363823024284,0.0,1.0765039189749461,0.105,0.299243845136325,0.3176250927213395,0.0,0,0.0028596899142396778,0.015703857213046256,0.5700106971768755,1.0062269254308898,6.315116279069692,2.626194067370538,0.00773528656887321,0,0,0.21517837752462932,0.12495525315242789,1.0612327496002052,-0.00047169732862018795,0.14801172038509836,2.626194067370539,1.6740700646303739,0.7396821473695798,46251.0,2.7393931018143767,0
B0362,stable,0.0002555509035923021,0.02411559816295831,1.01403872941305,0.06035337962838838,0.15384615384615385,0.9878274392042254,0.151,0.08023433520122261,0.07233787474289391,0.0,4,0.0020009858495527583,0.008983599703774867,0.6975920489131898,0.9462423251199827,-0.5168471720818363,1.2067955723693429,-0.011587297331458959,4,0,-0.019358125318390217,0.868066502624112,0.9954419926535645,-0.001745434945960454,0.22180623266086677,1.2067955723693429,1.3733829853645,0.9331671474114508,54182.0,4.358152130198139,0
B0363,structural_decline,-0.014661545605924382,0.1791002839567234,0.8994678654984174,0.4538190440615204,0.36363636363636365,0.6401507154109756,0.186,-0.1648124989849447,-0.15101981155933386,1.0,12,-0.015709408361936534,0.07071893529028624,1.0722682646946322,0.6268851607035552,0.12421020960786193,1.468093568995948,0.062417896527002734,12,1,-0.263654523898462,2.9240816747154486,0.6368862975654914,0.0010478627560121443,0.18651026392961878,1.4680935689959478,1.25761633892272,0.9586322817713281,31241.0,3.044288892858883,1
B0364,structural_decline,-0.014382576822925174,0.1560464004258158,0.8811350827322172,0.34459399572027305,0.33333333333333337,0.6609772465401319,0.129,-0.0888359902250022,-0.11357664708893545,1.0,10,-0.013295009939602675,0.03244007630293691,0.8654358974358974,0.6755156564569432,-0.9163852709438814,1.4129707700955594,0.001128719211198923,7,1,-0.106993175228231,1.6513441402427798,0.6789951504868506,-0.0010875668833224999,0.2653986013986014,1.4129707700955594,1.4287170084850551,0.9251217258892865,39965.0,3.036200412778404,1
B0365,stable,0.0018141343109460675,0.02530336424545346,1.0413725440228332,0.013068914745853255,0.0,1.074934525128018,0.157,0.2189140943619946,0.23576054159399437,0.0,0,0.002015938621435496,0.014826089914919403,0.6697744986479708,0.9968441763195955,2.597107438016566,2.34195131527287,0.005179913965925195,0,0,0.14635099743312444,0.15678065166191865,1.064914589495355,-0.00020180431048942254,0.12465587490364498,2.3419513152728704,1.4321315893375255,0.7371777019610735,36178.0,2.828358111717722,0
B0366,stable,0.00076603427601635,0.01708932506952702,0.9906239064654907,0.02303520197683906,0.0,0.9914560341758633,0.093,0.15412644231776015,0.13205931714088281,0.0,0,0.0003518649864019439,0.019363894902920797,0.6286999615588409,0.9845978263145772,-1.3995901639344224,1.6892187648682082,-0.018916986516927834,0,0,0.13071430067220907,0.11753960871310934,1.0078005570330661,0.0004141692896143864,0.21836656242532546,1.6892187648682082,1.588777181235878,0.5529384764372911,64585.0,4.0574414172931546,0
B0367,structural_decline,-0.012038291314435196,0.1308123702887202,0.7901006689444815,0.35035272752671653,0.2068965517241379,0.7312751740355288,0.13,-0.07846150264254616,-0.03921545149456027,1.0,6,-0.011514920255674554,0.07257984756493138,0.9176207439317373,0.6826290423971503,1.3754371240732899,1.8826667608818544,0.033889781378780515,6,1,-0.11156899722940095,0.9435624021387274,0.7026029661707527,-0.0005233710587606217,0.19405185982934306,1.8826667608818541,1.3910943772889741,0.9257193646738462,65394.0,4.56757700635608,1
B0368,temporary_stress,-0.014320935747570915,0.20842844796490764,1.1779192396262668,0.501781357704372,0.1785714285714286,0.8515277078573366,0.257,0.04350772567091353,0.14481608311527386,0.16666666666666663,5,-0.013950773381019332,0.11157792515406761,0.7944637453771153,0.5020756689772683,0.46536555614851016,2.2366383616383616,0.1595023262761326,5,1,-0.23837276846222363,1.266723154430238,0.7774755063315649,-0.0003701623665515662,0.14957600209197205,2.236638361638362,1.4190926016920542,0.8507149521431222,52988.0,3.0779537621500217,0
B0369,stable,0.002147565083676957,0.027575059502117857,0.9825891181988743,0.0198623958683386,0.0,1.0230637259236988,0.208,0.18936486319177914,0.16814360757302804,0.0,0,0.002354406047981006,0.019403103504799003,0.7052453813318397,1.000666796370647,-6.697607655502454,2.464527027027027,-0.009026386337622825,0,0,0.12242876598454167,0.18510965273455535,1.0420859937388351,-0.00020684096430406655,0.11303750095470862,2.464527027027027,1.3903136879223015,0.8175867931453957,61208.0,3.247740497709546,0
B0370,structural_decline,-0.013179470644685571,0.12430119223893574,0.7998607565560455,0.35553117732239237,0.29166666666666663,0.7059897318881917,0.197,-0.15145026109087717,-0.2076427850529391,1.0,7,-0.013796129711703022,0.1310529714477696,1.0101781465792374,0.7163403396375445,-1.238313109210268,1.1555555555555554,-0.005407119976429796,7,1,-0.25859844661898285,5.350130688870982,0.7561981657817369,0.0006166590670174615,0.1901003887889514,1.1555555555555554,1.2180676565042698,0.8548859594863283,96743.0,5.094194567554522,1
B0371,stable,0.00235502043521484,0.026260002043177907,0.9874071766111024,0.020932287639456537,0.0,1.055524872049781,0.217,0.26975404101771056,0.27844886988264883,0.0,0,0.0009583450166682235,0.008406505473218525,0.6222794884605608,1.0,0.6264211005002328,3.1969605677177477,0.011287497435735582,0,0,0.24205604035494682,0.08504073415409587,1.050176736993262,0.0013966754185466173,0.12085513686923137,3.196960567717748,1.6361129612361793,0.7268373627493971,67909.0,3.750635148569535,0
B0372,structural_decline,-0.006694381893892605,0.07576080799216688,0.8927261267958436,0.21193977023021215,0.0,0.7976757561903638,0.113,0.09991593788251951,0.07759207330048103,0.0,0,-0.007195183353546956,0.02411418989142648,0.6611031661266088,0.821145309481322,-0.7122116470398452,2.298923279758915,0.004510280228126464,0,0,0.08370817172268351,0.32414330455947893,0.8146799003052783,0.0005008014596543362,0.2162524212088847,2.298923279758915,1.7509959852947963,0.968223193940047,44521.0,3.9395047708938606,1
B0373,temporary_stress,-0.012799875076149563,0.21426230358650006,1.43693669527897,0.48570701501399605,0.33333333333333337,0.8496903893460005,0.119,-0.16620013006474962,-0.03948151828379171,0.8333333333333334,11,-0.012972614959200154,0.14316211082356844,1.0002613451809816,0.5300364746797863,63.35930589047896,0.7057648534398663,0.0638682549107521,11,2,-0.38349308677580796,3.8292310296687972,0.7573302796392116,0.00017273988305059804,0.21919393679180124,0.7057648534398662,1.1581791301692186,0.8831790819245736,30314.0,2.5713801000933074,0
B0374,stable,0.0009978061105438854,0.022792665755397207,1.0315522108858133,0.027076077468866422,0.0,1.0532447217637044,0.166,0.14287319269559506,0.16214485102663415,0.0,0,-5.384571796908763e-05,0.016940785433210072,0.6666777579982365,0.9929393056839885,9.635829165519532,1.6400274244728261,0.01038399855798369,0,0,0.0796812749003984,0.26762966047100817,1.0389159198347608,0.0010516518285129562,0.1958008218676693,1.6400274244728263,1.4822672487547917,0.7731706270693027,65100.0,3.3756514073856416,0
B0375,structural_decline,-0.001228288192262312,0.022996354136544273,0.9435472297961122,0.07589909702038922,0.0,0.9335078650189692,0.152,0.17442814989017813,0.15474579333208666,0.0,0,-0.0023310447306455063,0.019193661909504823,0.611769523252413,0.9495263239633484,-7.489146164978198,2.1601374570446734,-0.011155237059880656,0,0,0.16559802986266722,0.12816423921192913,0.9481840569742418,0.0011027565383831947,0.20427025446036853,2.160137457044674,1.733823638659832,0.7959428122332436,39629.0,2.637654471634903,0
B0376,stable,0.002638584201308858,0.02829704403996952,0.9886287450696991,0.017568439487510412,0.0,1.022416812609457,0.161,0.2588810028574062,0.22469641704962928,0.0,0,0.0012469752772245033,0.030264206887685597,0.5865075520718657,0.9960862752327404,-4.246957204554291,2.4917965436810854,-0.021116890299303526,0,0,0.22416812609457093,0.10174168267444174,1.0465941561434233,0.0013916089240843573,0.16613677396626886,2.4917965436810854,1.725456832422755,0.7551835316400495,84212.0,4.657314038160199,0
B0377,temporary_stress,-0.0048927904901245696,0.238867827394328,1.3077813487307985,0.5329812111926457,0.375,0.9842149826626884,0.112,0.0775038303362632,0.10442907830013703,0.0,12,-0.006184099032075976,0.027171352242499044,0.7469932210802537,0.4728610595919684,0.2887908666320703,0.7892995845375722,-0.03315458430771711,12,1,-0.4021248286428514,5.726714849520051,0.9679965325376985,0.0012913085419513919,0.17294055168535816,0.7892995845375723,1.1879791029767235,0.8809360798516732,83959.0,5.077755826143052,0
B0378,structural_decline,-0.008517751015004774,0.07498225071360623,0.9189913111648266,0.1946686195532772,0.33333333333333337,0.8093152691321861,0.286,-0.04637129256682534,-0.06649829994245969,1.0,9,-0.007325739072352037,0.021735259671024163,0.8127177081111823,0.8203588429146833,-0.8720626631853866,1.1956606343646623,0.001476382277553912,8,0,-0.06160380812889052,1.574662993855005,0.8241376785060418,-0.0011920119426527378,0.2435487310727234,1.1956606343646625,1.3478461879579002,0.9502596095810385,41023.0,3.6050970340534603,1
B0379,temporary_stress,-0.008314746003804541,0.15125169307724493,1.2671773662938246,0.4373049583911235,0.1333333333333333,0.9327756588072122,0.28,0.1257259882108183,0.20048450812363777,0.0,4,-0.007877554849817732,0.07298551532721087,0.6203068402378568,0.6962400312066575,1.4833407047029297,1.7428676085818944,0.06257863582326138,4,1,-0.16929611650485435,0.8373041333049972,0.8764844833564494,-0.0004371911539867988,0.236249675481215,1.7428676085818944,1.6676542635721072,0.7731198440706386,48077.0,3.1256718099861303,0
B0380,structural_decline,-0.012776267486830863,0.11513061919988618,0.8869560268619343,0.2883608346912624,0.03703703703703709,0.726637029536933,0.117,0.045974465661535534,0.027212218874798504,0.16666666666666663,1,-0.012193573537685923,0.02283319266437864,0.7859052507753181,0.7398313531300922,-0.6846793349168644,2.686154904904905,0.004320361250545261,1,0,0.026926545270451994,0.5152992921137389,0.7396889683431157,-0.0005826939491449299,0.15194096888033365,2.6861549049049045,1.5130639485209327,0.9884509397225558,37097.0,3.5213656283124237,1
B0381,structural_decline,-0.010895847505236379,0.1163438212223162,0.9071625510676408,0.27862837102823457,0.0,0.7245863843743404,0.11,0.012972674579078112,0.0026743239387944148,0.0,0,-0.011026760298556386,0.012968730158323479,0.738286449551868,0.7324771476352064,-0.32416330821797745,1.9193773867975996,0.010735334707993054,0,0,0.00957932165413778,0.6396222087366176,0.7318601743761265,0.00013091279332002023,0.24398793149347767,1.9193773867975996,1.626505286588759,0.9864554813082645,48469.0,4.721696351739703,1
B0382,temporary_stress,0.00017433603231120287,0.13618847393175493,1.0264487235550461,0.3970644244572701,0.19999999999999996,0.9939061904901416,0.138,0.1651334485688337,0.16027681631935578,0.0,6,-0.0004509937847979174,0.0076451966271999395,0.6806716516578278,0.7230041308997159,-0.12437299035369777,1.6590787461773702,-0.021952781346916087,6,1,-0.22216037265988925,1.3119635985643363,0.9971435267922538,0.0006253298171091118,0.15372184924564058,1.6590787461773704,1.3763946283231503,0.8145432178809797,49040.0,4.310198341780682,0
B0383,stable,-0.000621107419145446,0.019513539842445315,1.0215574393278013,0.05713793993632221,0.0,0.9768522502366406,0.217,0.13390987579955826,0.12463602427460957,0.0,0,-0.00028277260012910937,0.009101545016717692,0.6264401341694619,0.9660528353842183,-2.3663739021329664,1.620950567227751,-0.006596432566658924,0,0,0.1110919886412529,0.13726849278479583,0.9834208186329347,-0.0003383348190163296,0.23739244567595158,1.6209505672277513,1.6226108637858074,0.7213168804878645,40605.0,3.4941054986662077,0
B0384,structural_decline,-0.007110846950544731,0.09354974022731916,0.8408281448454112,0.3241537385500848,0.06451612903225812,0.7800352240264938,0.165,0.07590019297373367,0.05057356416346542,0.33333333333333337,2,-0.007538942012466774,0.10919849379272271,0.6841699412684329,0.8412812107627097,-0.7512211843345619,2.354190213262678,0.004193657508339529,2,1,0.01161213122213889,0.39633493762039534,0.7977483588805837,0.00042809506192202667,0.22068703257700595,2.354190213262678,1.769899171069853,0.8639832780611931,67266.0,3.4010230135924293,0
B0385,stable,4.0331442231047345e-05,0.02414111377980619,1.0013786620711265,0.020410103635153498,0.0,1.0318194783380346,0.259,0.10346084365987387,0.12479094131868819,0.0,0,0.001403768372207901,0.019268802513200338,0.7010075409117932,0.9901055367160018,10.665048829407162,1.5231112473601744,0.011501736307618408,0,0,0.054479764206256144,0.2639516343652899,1.012867239248249,-0.0013634369299768572,0.19684595888482118,1.5231112473601744,1.4223922541032,0.7076424265417804,37762.0,3.590340062751561,0
B0386,structural_decline,-0.012768113817163612,0.15202887483747787,0.8728568940204544,0.37201828720087227,0.32352941176470584,0.6487365380568891,0.105,-0.10320982458825104,-0.1312571220886542,1.0,11,-0.012894443279192386,0.03759954727799354,0.9032285653196493,0.6916980698968953,-0.6596483109671459,1.6176470588235294,0.007235632168202882,11,0,-0.12146833215371959,1.3315383375696663,0.6709929797042676,0.00012632946202878004,0.25058798375026725,1.6176470588235292,1.4440127844822837,0.9882389979048735,74842.0,4.294928936243472,1
B0387,temporary_stress,0.0025472763892199794,0.22468962197999848,0.9969427044422734,0.5315262640909304,0.24242424242424243,1.0044903877636933,0.219,0.24044623228401704,0.22667437338376098,0.0,8,0.0021408649674464404,0.011925529769157952,0.6031542904575796,0.48670190373731237,-1.4014687882497132,1.753233635051817,-0.011799295704062109,8,4,-0.3037794097011086,1.666069515005368,1.014301417278638,0.0004064114217735289,0.15978971396949468,1.7532336350518167,1.4660900800362693,0.8710255797621157,51536.0,3.6158847467140656,0
B0388,stable,0.0012480839981931014,0.02505317402938267,1.0196319322934118,0.05603690082902191,0.0,1.035566913918843,0.28,0.25348126908932245,0.27260843625613307,0.0,0,0.0005069098804684469,0.01819823734787424,0.6029818049047648,0.9765006544910554,1.7779102105681293,2.5083143446180554,0.014942698640261447,0,0,0.19362962039518794,0.09449351778490576,1.0243096677678738,0.0007411741177246423,0.14955272926428528,2.5083143446180554,1.6170356875934229,0.6846997176057776,37872.0,2.832786885245902,0
B0389,temporary_stress,0.004114028665987511,0.27107414625120196,0.976337518766207,0.5734184711243853,0.303030303030303,0.9722358110833612,0.187,0.20105220697408963,0.1908121316447998,0.0,10,0.0041290708812590235,0.012203571043299718,0.6782750004368415,0.4328329771621308,-0.9410492157923277,1.6019758715683479,-0.010560813320925599,10,5,-0.35649733515281035,3.2691274829093095,0.982328758893552,-1.5042215271513801e-05,0.11705603802268082,1.601975871568348,1.279786311213921,0.8931216958640005,77694.0,4.000823914106954,0
B0390,temporary_stress,0.001873780510877993,0.26034429660205294,1.08328285887341,0.5532228471741811,0.29032258064516125,1.0110185380134549,0.282,0.2722250629129445,0.28116249658042897,0.0,9,0.0015204136778773137,0.009142941824451101,0.5033547665641599,0.4527325773754023,0.16497461928933901,1.5112967484899114,-0.022618582127710805,9,4,-0.274771658595763,1.8856797019948095,1.0041607764109044,0.0003533668330006908,0.2255481448939654,1.5112967484899114,1.6816885405555815,0.8821034913833867,60812.0,3.65819472433603,0
B0391,structural_decline,-0.004508671935502027,0.05417757991050262,0.8998384335750419,0.16857512322194934,0.06451612903225812,0.8479356809535411,0.131,0.023295039262354992,-0.014008080040052046,0.33333333333333337,2,-0.0054616508144165335,0.03702229214212874,0.7051310825397843,0.8950130249817276,-1.0986941710825087,1.5641691852217356,-0.0016754436927228012,2,0,-0.009857755954946684,0.4693945559877823,0.876768680072715,0.0009529788789145102,0.2682997210555003,1.5641691852217359,1.6078298020229138,0.9572680738021357,45223.0,2.5425701381210293,1
B0392,structural_decline,-0.012318915748650426,0.10720199364378122,0.8868720131721617,0.2801422399354079,0.0,0.7384623313262844,0.285,0.09673346331910362,0.06878022383893215,0.0,0,-0.011817296652767307,0.031635391798959425,0.6315205578699511,0.759746785428996,-0.8246741963509995,2.266336397537074,0.0029714305347127005,0,0,0.07637666096905252,0.3941546674089974,0.7587504187316939,-0.000501619095883108,0.2409889512769426,2.266336397537074,1.851221061374722,0.9937506352175812,81967.0,4.22426840057377,1
B0393,stable,0.0020539398196886605,0.029445117620588202,0.9763273901121151,0.03223679390431533,0.0,1.0197328253596112,0.242,0.12066818081910763,0.10883267219995177,0.0,0,0.001934644204493752,0.011014172901756731,0.6682981169192848,0.9801011063081544,-0.9625468164794183,1.4880813160254163,0.00023026281360214173,0,0,0.055461938603560704,0.316710433271475,1.0303929469802429,0.00011929561519490924,0.2145929867390351,1.4880813160254163,1.477779550866258,0.8639319961613556,57366.0,4.202945270715803,0
B0394,structural_decline,-0.007453982664240479,0.08084804795071103,0.8435484097648729,0.26168482007445204,0.07407407407407407,0.7902936715841721,0.131,0.04024541569005929,-0.007323472060822135,0.33333333333333337,2,-0.007760891160863587,0.08060798151977465,0.7484380466836608,0.817399696677237,-2.3694372498233953,2.0302499543878856,-0.013746430048649783,2,1,-0.017840893423411,0.46728913571527236,0.827533434440921,0.000306908496623098,0.20292897485879943,2.0302499543878856,1.5532750614042938,0.8913797417621863,31357.0,2.593988694333379,1
B0395,temporary_stress,-0.00833592599754311,0.15309628849698392,1.2708131241084166,0.3908455492398488,0.18518518518518523,0.9790856427969212,0.227,0.11139818869156082,0.20721337462070144,0.0,5,-0.007629705187430444,0.09013474594240424,0.7542693787137233,0.6710326633849166,1.7181673773095913,2.138152740632682,0.0757905533776512,5,1,-0.16571024504337892,1.0601719402899703,0.9085506812804264,-0.0007062208101126756,0.12311975214404382,2.138152740632682,1.3494932991853046,0.8199056745559755,56718.0,4.627648290679648,0
B0396,structural_decline,-0.0124557477864222,0.15384547797547632,0.8644950299066225,0.38267789030645805,0.1428571428571429,0.6355386031829541,0.251,-0.04807312902801525,-0.08218748238477291,0.8333333333333334,5,-0.012224912324524707,0.044170366764581144,0.8420607267297162,0.6748914902012364,-0.8743137821438879,2.188904299583911,0.002452039608425271,5,0,-0.0749375246613179,0.7455551927835004,0.660594502170196,-0.000230835461897501,0.2307117969138875,2.1889042995839114,1.6083445975463717,0.9935459900543145,33494.0,3.304024727081415,1
B0397,structural_decline,-0.01071331373203976,0.1338550236110003,0.9045570146675411,0.3833888861250684,0.08571428571428574,0.7400378090642257,0.243,0.006529525894234118,0.0569747773742599,0.33333333333333337,3,-0.010207276781664354,0.08450607123410356,0.6687119818927711,0.7331127804586838,0.7765014768624873,1.750642504118616,0.057705018229370166,3,1,-0.07146410626336998,0.6591821803936275,0.7033480921347197,-0.0005060369503753946,0.3220045268071863,1.750642504118616,1.820651094645702,0.9385112765107863,66460.0,4.959454753494851,1
B0398,temporary_stress,-0.007807828316731278,0.16092871888353727,1.3996066720081577,0.39630116444822927,0.2857142857142857,0.9662513653109206,0.092,-0.00413758631541922,0.09674494008499962,0.5,10,-0.007699739095519723,0.09853399313562917,0.7976914109663183,0.6299461280707925,4.762247191011223,1.0444090007759288,0.039849359593143896,10,0,-0.28163355980524646,7.40326170837274,0.8893126238036173,-0.00010808922121155072,0.20696115575169657,1.044409000775929,1.2702375322346053,0.8754594737410393,73839.0,4.100875650258252,0
B0399,stable,0.0007699319091236323,0.021087471461728697,1.0440354147250699,0.032729024875022605,0.0,1.0418117207733542,0.152,0.38549659700054206,0.40881080011357657,0.0,0,-0.0001845573166418787,0.020677285498458684,0.4955778198005614,0.982701921339517,3.4717097170971254,3.7844340418353575,0.01501484241230064,0,0,0.3271938806239836,0.06473274720810562,1.025585737517316,0.0009544892257654957,0.12854273599642937,3.7844340418353584,1.9936276463814333,0.801130535439693,51766.0,3.7414443172920553,0
B0400,temporary_stress,0.0034558133607094574,0.22934844509661123,1.1573203866197497,0.498806308950726,0.3846153846153846,1.0232606682060714,0.137,0.07818350227649278,0.0874467684612101,0.0,10,0.005075714165769351,0.00827511845218164,0.7151342544484214,0.5080036006418536,0.08311594493719089,0.5886380458919319,-0.051093331544194535,10,2,-0.4530024917485291,2.2980333112161992,1.016907361747094,-0.001619900805059905,0.2079821421698803,0.5886380458919319,1.1673092873181883,0.8525564061644676,44720.0,3.5004500802316936,0
B0401,temporary_stress,-0.015034629317412118,0.24906275480937584,1.556497907484908,0.5414631584475605,0.3125,0.8447385466449591,0.11,-0.04969977067030793,0.09308984872243098,0.6666666666666667,10,-0.015892411359281655,0.1659204635522774,0.9048706783734266,0.4720602909511055,26.22932745314219,1.657004168494954,0.06867286382017748,10,4,-0.3115557656285559,2.7607833828827473,0.7357281655375243,0.0008577820418695359,0.16268113355699906,1.6570041684949541,1.306771765482401,0.8963582236288608,91978.0,4.830523606953416,0
B0402,structural_decline,-0.007399136668340811,0.08287837973006783,0.8322811072010085,0.25933701425482336,0.0,0.7977872483362375,0.159,0.1517645329918334,0.10715560340820143,0.0,0,-0.007715465522448074,0.08194652245995435,0.6404599326004367,0.8263493796317679,-3.1467377506981333,2.949513061788511,-0.015216341611907666,0,1,0.09678164297860728,0.2908579829194967,0.8316608233787501,0.0003163288541072813,0.1770563808706408,2.949513061788511,1.8216212005260723,0.8965346977121552,63532.0,4.001343606323347,0
B0403,temporary_stress,-0.007247544373796804,0.17875561804457754,1.4812874866485908,0.4937497514482283,0.1724137931034483,0.998952768535334,0.248,0.18341132335591287,0.2474268973732102,0.0,5,-0.00701614389875844,0.06974093951218857,0.5640296748249325,0.6146267746596498,1.2641357027463636,1.5928354840984418,0.05732768497459567,5,4,-0.2807905934753503,1.20285485776615,0.9559632541060752,-0.00023140047503835724,0.24411010192054358,1.5928354840984416,1.679018407366955,0.8121442997438444,35959.0,2.8600554104749656,0
B0404,stable,0.0028331323985095833,0.033366274888093,1.0523635810913512,0.008838215267950145,0.0,1.114558578765142,0.274,0.4024458625937892,0.40778312232746033,0.0,0,0.002235466294071499,0.006456111750367403,0.4791170169230399,1.0016394755814264,0.3226937269372727,2.956163787476611,-0.00560122369419847,0,0,0.30918622555694997,0.09336813748530132,1.1092093669060907,0.0005976661044380922,0.15806071110469175,2.956163787476611,1.9754471208518558,0.8569842438408013,92528.0,4.941283276815039,0
B0405,stable,0.003003100740030315,0.031373964090597554,1.044243111333154,0.036601044596223264,0.0,1.1095419847328245,0.127,0.21596022498995582,0.23689462205131143,0.0,0,0.004637355979211757,0.01710436146449217,0.5989750572735052,1.007091201285657,5.178023850085246,1.6478691800089387,0.00844573265224129,0,0,0.06430293290478103,0.34519988060657997,1.091693451185215,-0.0016342552391814375,0.20320363606252703,1.6478691800089387,1.5408234874544136,0.8985775008330921,66526.0,4.009200482121334,0
B0406,temporary_stress,-0.017567208914554686,0.2540573303273964,1.2856526636152317,0.5218700194793695,0.2962962962962963,0.8365503807331327,0.273,-0.021250221356472466,0.12764610986675795,0.5,8,-0.017207899146573193,0.18156139541504876,0.7320360118548342,0.48242906376428607,1.0086051441045265,1.4472194332887103,0.14826115977169632,8,1,-0.26976883573306454,2.199931227634035,0.7308032856111483,-0.00035930976798148644,0.297041883352905,1.4472194332887103,1.5900918829175101,0.870947954029589,59181.0,4.836959038836142,0
B0407,structural_decline,-0.007271196719335582,0.0858393541192817,0.8420541802322009,0.25878129125387095,0.0,0.7440070077603542,0.103,0.126744229084673,0.018577967502745034,0.0,0,-0.008323613514044472,0.12051995926180899,0.6058740279257065,0.8232835305294067,-14.357664233576804,2.2235555555555555,-0.057849978232937534,0,0,0.020258349475034854,0.3519848962293876,0.8456071952919694,0.001052416794708868,0.24424050540568146,2.2235555555555555,1.9141508210635516,0.8964621800811027,70030.0,5.184015397332609,0
B0408,temporary_stress,0.003973932926997577,0.19499391341327665,1.0390249372713383,0.4428583171219552,0.2962962962962963,1.0064114858755515,0.268,0.12635285091925366,0.11445519984029988,0.0,8,0.003952505103284621,0.012192280242299503,0.7442764054342106,0.5781680686083788,-0.2735125796350325,1.062862492578892,-0.027698558394231982,8,4,-0.31386141326684386,8.505313695638801,1.0154670246869606,2.142782371296006e-05,0.13129527946791145,1.062862492578892,1.1869447523575434,0.8531131554333259,50391.0,4.142066471216813,0
B0409,stable,0.0022153183527210446,0.029525396296577633,0.9991002153582913,0.03638947238354129,0.0,1.0576115161250466,0.231,0.36585629556406773,0.3818224744488182,0.0,0,0.0021905537205614946,0.018086538451662134,0.4763999822833774,0.9812554059063389,2.585763293310424,2.906236809548068,0.011070413584932342,0,0,0.2875942172247622,0.09634749806768445,1.0461664401334487,2.4764632159545595e-05,0.1738886510268259,2.906236809548068,2.0712013347567875,0.8421165131007743,51346.0,4.758371432101817,0
B0410,structural_decline,-0.012445608527414765,0.11246087185796658,0.8501439745134478,0.35294225012776526,0.07999999999999996,0.7369679491859531,0.174,-0.011270716215229612,-0.04215964914110493,0.33333333333333337,2,-0.013120082443656955,0.10414530523512196,0.7796848350909221,0.7807950646126889,-1.1916948334138089,1.7926815813668404,-0.0024843813556670287,2,1,-0.07342848799007082,0.7417506755041472,0.7598196685405563,0.0006744739162421799,0.2351485743111773,1.7926815813668404,1.5421503167900585,0.8928588876461612,88250.0,4.832262539242169,1
B0411,structural_decline,-0.01120636411805919,0.10614597635895091,0.8692337873437588,0.2750765821547285,0.0,0.734178452714593,0.212,0.10200091246822655,0.07244811500824024,0.0,0,-0.010905820029715671,0.03371731579518158,0.6629696500730806,0.7635794825001629,-0.7048634243837434,2.6593039126478617,0.006187093230044418,0,0,0.07537639314345304,0.37679838481587025,0.7580655673597081,-0.0003005440883435302,0.20247614134640185,2.6593039126478617,1.8063332436664115,0.990725881991485,48921.0,4.782734797627583,0
B0412,structural_decline,-0.007777514925968489,0.08998660034144408,0.9080137292941352,0.2401658460741125,0.11764705882352944,0.7676859289971495,0.237,-0.0023062969681264577,-0.02905786102987456,0.6666666666666667,4,-0.0081643755997063,0.02925787570124401,0.7215922164152122,0.7994350868100544,-1.6718489727929038,1.6707181295231026,-0.005375189723466542,4,0,-0.031821715470329096,0.6108010123904559,0.7883648613630474,0.00038686067373779797,0.28133320185386057,1.6707181295231026,1.6640565457897971,0.9831344003882821,66345.0,5.157683337652241,1
B0413,temporary_stress,-0.0023904404305534776,0.206853133617103,1.148922074695669,0.5313452195939745,0.19444444444444442,1.0180496579742777,0.083,0.27050012848909066,0.2680163556997585,0.0,7,-0.0018346134916332752,0.006816797455605573,0.5619023593292009,0.5317245683378407,-0.02267156862745146,1.7990114174324698,-0.056019145748584444,7,1,-0.2637085622682607,1.2644835677406927,1.018661510786965,-0.0005558269389202099,0.17255297679112008,1.79901141743247,1.5488567696441278,0.8622345566066986,40214.0,2.9526058811292355,0
B0414,stable,-0.00032630927881501,0.025139198022555022,1.0286724438196353,0.05475906831532673,0.0,0.995399088033521,0.243,0.14460009037505647,0.12696286993620925,0.0,0,-0.00067366355566216,0.018136451634885618,0.6767396558933616,0.9637267386928481,-0.6730717549045963,1.6973718906565878,-0.02192064600559859,0,0,0.08680113379616318,0.2259379603776788,1.006973257199195,0.0003473542768471434,0.17966160467511805,1.6973718906565878,1.4475150124705618,0.7469533483702229,47081.0,2.9011009325062647,0
B0415,structural_decline,-0.00512839298349151,0.06285707694614014,0.8765473837511703,0.2118602636567144,0.0,0.8397217624001854,0.258,0.16055270132342978,0.12482046519150579,0.0,0,-0.004257976239311516,0.06656747551468568,0.6313998912129752,0.8660994416378625,-17.866118065962,2.6350605248567733,-0.018839484057211014,0,1,0.1085160947242926,0.2395409251427689,0.867262481666681,-0.0008704167441799878,0.18347426197893488,2.6350605248567733,1.76112580947583,0.8390890293297706,75713.0,3.8963384823871485,0
B0416,stable,-0.001094534890770171,0.02225178146741897,0.9758255944696622,0.05876151764264648,0.3055555555555556,0.9452322787953735,0.265,-0.009295206430620458,-0.014522185264078589,0.6666666666666667,11,-0.0013252566119686217,0.0063946050576561605,0.7682598954443615,0.9509999695903824,-0.3972530375066007,1.0959522337073357,0.003965414128308373,5,0,-0.025158890251690266,1.3577221054356599,0.9500978176031138,0.0002307217211984558,0.24152352501867067,1.0959522337073357,1.3476793505171012,0.6768650103830889,59719.0,3.6320639007430082,1
B0417,temporary_stress,0.0037776330219250124,0.2686058760879103,1.1127831585687986,0.5775181334190874,0.28,0.9952716142018319,0.146,0.2297495265659056,0.230264051166613,0.0,7,0.002868144825482164,0.01687202543700677,0.6243705941591138,0.42694107978704393,0.0028409090909087458,1.7065470852017937,-0.09029906742416119,7,5,-0.33184454687295295,2.2816079670127527,0.9934612498660093,0.0009094881964428494,0.14436771687526975,1.7065470852017939,1.3989433076148943,0.8493199541958582,72631.0,5.190338371386715,0
B0418,structural_decline,-0.005065629557608149,0.07887811137104493,0.8550488980393991,0.3141680960548885,0.06060606060606055,0.755448827901658,0.267,0.0376672384219554,-0.07207449154618967,0.33333333333333337,2,-0.005480068060281961,0.12625965008317713,0.7441341852160945,0.9042607204116638,-3.7381143162393284,2.007068347021618,-0.04019210977701549,2,0,-0.049399656946826756,0.4693351600245302,0.8358261863922241,0.00041443850267379624,0.2107999398027171,2.007068347021618,1.5816491235269574,0.9047973242513436,56867.0,3.901680960548885,1
B0419,temporary_stress,-0.0003303261874490371,0.15290563687154465,1.0536668573957917,0.4377500904720053,0.19999999999999996,1.0127694773303004,0.231,0.11792379672232849,0.12402833066225509,0.0,6,-0.00017613532231237924,0.005987447498353118,0.6570933830611283,0.6753761050509228,0.10708289285492202,1.1271507569576649,-0.025451510697853032,6,2,-0.3498940185079874,5.112451080389954,1.0091299177997208,-0.00015419086513666065,0.22604971413348635,1.1271507569576649,1.3806911079404542,0.8068319009571303,77269.0,4.793610091505971,0
B0420,stable,0.00219787087064617,0.0313107008196971,0.9859561685646123,0.03654717039258171,0.0,1.0388268758792782,0.187,0.31104630266684463,0.3029379447736211,0.0,0,0.00236708486161665,0.014480894046015642,0.5892984845070974,0.9781292038488002,-1.0951022349025024,3.4358674877893396,-0.007756279825780095,0,0,0.22940820077838595,0.14478340610589469,1.048243497191444,-0.0001692139909704994,0.1139705522193595,3.4358674877893396,1.6705118983130118,0.9012169279010476,66754.0,4.112958379971452,0
